shopify_product_id,handle,title,product_family,product_url,pdp_status,pdp_issue_count,pdp_issues,sample_variant_id,sample_variant_title,sample_variant_price,variant_rows_covered,http_status,final_url,add_to_cart_status,notes
7227436367969,matching-star-knit-sweater-dress-cozy-cream-family-outfit-for-mom-and-daughter,Matching Star Knit Sweater Dress Cozy Cream Family ... | DLM,mommy_me,https://www.dresslikemommy.com/products/matching-star-knit-sweater-dress-cozy-cream-family-outfit-for-mom-and-daughter,PASS,0,,41871769829473,Child 2-3 Years / White,$27.99,12,200,https://www.dresslikemommy.com/products/matching-star-knit-sweater-dress-cozy-cream-family-outfit-for-mom-and-daughter,PASS,
7227434958945,matching-mother-and-daughter-heart-knit-cardigans-cream-and-black-sweaters-for-mommy-me,Matching Mother and Daughter Heart Knit Cardigans C... | DLM,mommy_me,https://www.dresslikemommy.com/products/matching-mother-and-daughter-heart-knit-cardigans-cream-and-black-sweaters-for-mommy-me,PASS,0,,41871763701857,Baby 1-2 Years / Beige,$25.60,13,200,https://www.dresslikemommy.com/products/matching-mother-and-daughter-heart-knit-cardigans-cream-and-black-sweaters-for-mommy-me,PASS,
7229130801249,elegant-beige-chiffon-family-matching-dresses-mother-daughter-summer-outfits,Beige Chiffon Mother & Daughter Matching Summer Dresses,mommy_me,https://www.dresslikemommy.com/products/elegant-beige-chiffon-family-matching-dresses-mother-daughter-summer-outfits,PASS,0,,41878479831137,Child 2 years / Beige,$24.99,12,200,https://www.dresslikemommy.com/products/elegant-beige-chiffon-family-matching-dresses-mother-daughter-summer-outfits,PASS,
7228773466209,cozy-matching-black-white-striped-sweater-set-for-mom-and-daughter,Cozy Matching Black & White Striped Sweater Set for... | DLM,mommy_me,https://www.dresslikemommy.com/products/cozy-matching-black-white-striped-sweater-set-for-mom-and-daughter,PASS,0,,41877251850337,Girl 2-3 years / Multi Color,$25.99,11,200,https://www.dresslikemommy.com/products/cozy-matching-black-white-striped-sweater-set-for-mom-and-daughter,PASS,
7108125753441,elegant-chiffon-sleeveless-dress-with-sequin-detail-mother-and-daughter-matching-outfits,Elegant Chiffon Sleeveless Dress with Sequin Detail... | DLM,mommy_me,https://www.dresslikemommy.com/products/elegant-chiffon-sleeveless-dress-with-sequin-detail-mother-and-daughter-matching-outfits,PASS,0,,41493913665633,Mother S / Pink,$29.99,10,200,https://www.dresslikemommy.com/products/elegant-chiffon-sleeveless-dress-with-sequin-detail-mother-and-daughter-matching-outfits,PASS,
7108141383777,elegant-mother-daughter-matching-summer-dress-ruffled-layered-chiffon-with-sequin-embellishments,Elegant Mother & Daughter Matching Summer Dress - R... | DLM,mommy_me,https://www.dresslikemommy.com/products/elegant-mother-daughter-matching-summer-dress-ruffled-layered-chiffon-with-sequin-embellishments,PASS,0,,41493943812193,Child 2-3 years / Champagne,$23.99,10,200,https://www.dresslikemommy.com/products/elegant-mother-daughter-matching-summer-dress-ruffled-layered-chiffon-with-sequin-embellishments,PASS,
7227435450465,matching-color-block-knit-sweaters-vibrant-family-pullover-for-mom-and-kids,Matching Color-Block Knit Sweaters Vibrant Family P... | DLM,mommy_me,https://www.dresslikemommy.com/products/matching-color-block-knit-sweaters-vibrant-family-pullover-for-mom-and-kids,PASS,0,,41871766192225,Child 1-2 Years / Multi Color,$23.99,12,200,https://www.dresslikemommy.com/products/matching-color-block-knit-sweaters-vibrant-family-pullover-for-mom-and-kids,PASS,
7108104061025,chic-family-matching-sleeveless-dresses-ruffled-hem-mother-daughter-summer-outfit,Matching Sequin Lace Tulle Dresses with Crisscross ... | DLM,mommy_me,https://www.dresslikemommy.com/products/chic-family-matching-sleeveless-dresses-ruffled-hem-mother-daughter-summer-outfit,PASS,0,,41493868970081,Mother S / Beige,$29.99,8,200,https://www.dresslikemommy.com/products/chic-family-matching-sleeveless-dresses-ruffled-hem-mother-daughter-summer-outfit,PASS,
7108045897825,mommy-and-me-matching-silver-asymmetrical-chiffon-dresses-with-strappy-backs,Matching Silver Asymmetrical Chiffon Dresses with S... | DLM,mommy_me,https://www.dresslikemommy.com/products/mommy-and-me-matching-silver-asymmetrical-chiffon-dresses-with-strappy-backs,PASS,0,,41493759885409,Child 2 Years / Gray,$24.99,9,200,https://www.dresslikemommy.com/products/mommy-and-me-matching-silver-asymmetrical-chiffon-dresses-with-strappy-backs,PASS,
7107978395745,mommy-and-me-matching-light-blue-halter-neck-tiered-dresses,Mommy and Me Matching Light Blue Halter Neck Tiered Dresses,mommy_me,https://www.dresslikemommy.com/products/mommy-and-me-matching-light-blue-halter-neck-tiered-dresses,PASS,0,,41493652963425,Child 3-4 Years / Blue,$24.99,9,200,https://www.dresslikemommy.com/products/mommy-and-me-matching-light-blue-halter-neck-tiered-dresses,PASS,
7229132472417,mother-daughter-matching-navy-knit-cardigan-set-gingham-ruffle-trim-bow-accent,Mother-Daughter Matching Navy Knit Cardigan Set Gin... | DLM,mommy_me,https://www.dresslikemommy.com/products/mother-daughter-matching-navy-knit-cardigan-set-gingham-ruffle-trim-bow-accent,PASS,0,,41878486745185,Child 2-3 Years / Blue,$24.99,13,200,https://www.dresslikemommy.com/products/mother-daughter-matching-navy-knit-cardigan-set-gingham-ruffle-trim-bow-accent,PASS,
7229027876961,stylish-blue-sleeveless-mommy-and-me-dress-set-with-bow-detail-perfect-for-summer-outings,Stylish Blue Sleeveless Dress Set with Bow Detail P... | DLM,mommy_me,https://www.dresslikemommy.com/products/stylish-blue-sleeveless-mommy-and-me-dress-set-with-bow-detail-perfect-for-summer-outings,PASS,0,,41878213656673,Child 1 years / Blue,$23.99,12,200,https://www.dresslikemommy.com/products/stylish-blue-sleeveless-mommy-and-me-dress-set-with-bow-detail-perfect-for-summer-outings,PASS,
7229026304097,elegant-floral-off-shoulder-mommy-and-me-dress-set-perfect-for-summer-outings,Elegant Floral Off-Shoulder Dress Set Perfect for S... | DLM,mommy_me,https://www.dresslikemommy.com/products/elegant-floral-off-shoulder-mommy-and-me-dress-set-perfect-for-summer-outings,PASS,0,,41878208249953,Child 1 years / Multi Color,$22.99,12,200,https://www.dresslikemommy.com/products/elegant-floral-off-shoulder-mommy-and-me-dress-set-perfect-for-summer-outings,PASS,
7227270299745,matching-mommy-me-sunflower-maxi-dresses-sleeveless-floral-print-summer-dress,Matching Mommy & Me Sunflower Maxi Dresses Sleevele... | DLM,mommy_me,https://www.dresslikemommy.com/products/matching-mommy-me-sunflower-maxi-dresses-sleeveless-floral-print-summer-dress,PASS,0,,41871161262177,Child 2 Years / white,$19.99,24,200,https://www.dresslikemommy.com/products/matching-mommy-me-sunflower-maxi-dresses-sleeveless-floral-print-summer-dress,PASS,
7227374534753,matching-mommy-me-tiered-smocked-dresses-elegant-puff-sleeve-dress-set,Matching Mommy & Me Tiered Smocked Dresses – Elegant Puff Sleeve Dress Set,mommy_me,https://www.dresslikemommy.com/products/matching-mommy-me-tiered-smocked-dresses-elegant-puff-sleeve-dress-set,FAIL,8,add_to_cart_failed|delivery_estimate_checkout_only_or_blank|page_load_http_404|price_not_clear_on_pdp|product_image_missing|product_json_missing_or_empty|size_guide_missing_or_unclear|variant_selection_or_add_button_unclear,,,,21,404,https://www.dresslikemommy.com/products/matching-mommy-me-tiered-smocked-dresses-elegant-puff-sleeve-dress-set,FAIL,"HTTP 404: |HTTP 422: {""status"":422,""message"":""Cart Error"",""description"":""Cannot find variant""}"
7229023846497,vibrant-rainbow-maxi-dress-set-for-mom-and-daughter-colorful-summer-matching-outfits,Vibrant Rainbow Maxi Dress Set for Colorful Summer ... | DLM,mommy_me,https://www.dresslikemommy.com/products/vibrant-rainbow-maxi-dress-set-for-mom-and-daughter-colorful-summer-matching-outfits,PASS,0,,41878198943841,Girl 4-5 Years / Multi Color,$23.99,8,200,https://www.dresslikemommy.com/products/vibrant-rainbow-maxi-dress-set-for-mom-and-daughter-colorful-summer-matching-outfits,PASS,
7108071063649,elegant-black-ruffle-dress-chic-sleeveless-layered-dress-for-mother-and-daughter-perfect-for-parties-and-events,Elegant Black Ruffle Dress - Chic Sleeveless Layere... | DLM,mommy_me,https://www.dresslikemommy.com/products/elegant-black-ruffle-dress-chic-sleeveless-layered-dress-for-mother-and-daughter-perfect-for-parties-and-events,PASS,0,,41493807300705,Child 2 Years / Black,$19.99,10,200,https://www.dresslikemommy.com/products/elegant-black-ruffle-dress-chic-sleeveless-layered-dress-for-mother-and-daughter-perfect-for-parties-and-events,PASS,
7227356282977,matching-mommy-me-colorful-watercolor-maxi-dresses-sleeveless-summer-dress,Matching Mommy & Me Colorful Watercolor Maxi Dresse... | DLM,mommy_me,https://www.dresslikemommy.com/products/matching-mommy-me-colorful-watercolor-maxi-dresses-sleeveless-summer-dress,PASS,0,,41871478751329,Child 3-4 Years / Multi Color,$19.99,9,200,https://www.dresslikemommy.com/products/matching-mommy-me-colorful-watercolor-maxi-dresses-sleeveless-summer-dress,PASS,
7227270791265,matching-mommy-me-smocked-sundresses-vibrant-floral-and-patterned-summer-dresses,Matching Mommy & Me Smocked Sundresses Vibrant Flor... | DLM,mommy_me,https://www.dresslikemommy.com/products/matching-mommy-me-smocked-sundresses-vibrant-floral-and-patterned-summer-dresses,PASS,0,,41871165948001,Child 1-2 Years / Blue,$19.99,56,200,https://www.dresslikemommy.com/products/matching-mommy-me-smocked-sundresses-vibrant-floral-and-patterned-summer-dresses,PASS,
7108009197665,mommy-and-me-matching-pink-tie-dye-pleated-maxi-dresses-with-adjustable-straps,Matching Pink Tie-Dye Pleated Maxi Dresses with Adj... | DLM,mommy_me,https://www.dresslikemommy.com/products/mommy-and-me-matching-pink-tie-dye-pleated-maxi-dresses-with-adjustable-straps,PASS,0,,41493704310881,Mother S / Multi Color,$24.99,9,200,https://www.dresslikemommy.com/products/mommy-and-me-matching-pink-tie-dye-pleated-maxi-dresses-with-adjustable-straps,PASS,
7227252670561,mommy-and-me-matching-pink-sleeveless-summer-dress-elegant-sundress-for-mother-daughter,Matching Pink Sleeveless Summer Dress Elegant Sundr... | DLM,mommy_me,https://www.dresslikemommy.com/products/mommy-and-me-matching-pink-sleeveless-summer-dress-elegant-sundress-for-mother-daughter,PASS,0,,41871110242401,Child 2 Years / Pink,$19.99,9,200,https://www.dresslikemommy.com/products/mommy-and-me-matching-pink-sleeveless-summer-dress-elegant-sundress-for-mother-daughter,PASS,
7227630649441,mother-daughter-matching-summer-dresses-vibrant-printed-sleeveless-maxi-dresses,Mother-Daughter Matching Summer Dresses Vibrant Pri... | DLM,mommy_me,https://www.dresslikemommy.com/products/mother-daughter-matching-summer-dresses-vibrant-printed-sleeveless-maxi-dresses,PASS,0,,41872774955105,Child 4-5 Years / Black,$16.99,30,200,https://www.dresslikemommy.com/products/mother-daughter-matching-summer-dresses-vibrant-printed-sleeveless-maxi-dresses,PASS,
7108928766049,elegant-chocolate-brown-monokini-for-mother-daughter-duo-sleek-halter-neckline-with-playful-polka-dot-tie-sides,Elegant Chocolate Brown Monokini for Mother & Daugh... | DLM,mommy_me,https://www.dresslikemommy.com/products/elegant-chocolate-brown-monokini-for-mother-daughter-duo-sleek-halter-neckline-with-playful-polka-dot-tie-sides,PASS,0,,41496423202913,Mother S / Brown,$19.99,10,200,https://www.dresslikemommy.com/products/elegant-chocolate-brown-monokini-for-mother-daughter-duo-sleek-halter-neckline-with-playful-polka-dot-tie-sides,PASS,
7109117280353,chic-pink-mermaid-scales-tankini-set-for-mother-and-daughter,Chic Pink Mermaid Scales Tankini Set for Mother and Daughter,mommy_me,https://www.dresslikemommy.com/products/chic-pink-mermaid-scales-tankini-set-for-mother-and-daughter,PASS,0,,41497061785697,Mother S / Multi-Color,$16.99,10,200,https://www.dresslikemommy.com/products/chic-pink-mermaid-scales-tankini-set-for-mother-and-daughter,PASS,
7227620982881,matching-family-striped-fleece-hoodies-cozy-winter-pullover-for-parents-and-kids,Striped Fleece Hoodies Cozy Winter Pullover for Par... | DLM,family_matching,https://www.dresslikemommy.com/products/matching-family-striped-fleece-hoodies-cozy-winter-pullover-for-parents-and-kids,PASS,0,,41872696213601,Child 1-2 Years / Striped,$27.99,14,200,https://www.dresslikemommy.com/products/matching-family-striped-fleece-hoodies-cozy-winter-pullover-for-parents-and-kids,PASS,
7227624554593,matching-family-denim-button-up-shirts-casual-unisex-jean-jackets-for-parents-and-kids,Denim Button-Up Shirts Casual Unisex Jean Jackets f... | DLM,family_matching,https://www.dresslikemommy.com/products/matching-family-denim-button-up-shirts-casual-unisex-jean-jackets-for-parents-and-kids,PASS,0,,41872739926113,Child 1-2 Years / Blue,$22.99,13,200,https://www.dresslikemommy.com/products/matching-family-denim-button-up-shirts-casual-unisex-jean-jackets-for-parents-and-kids,PASS,
7229259874401,family-matching-t-shirt-set-with-colorful-heart-brushstroke-design,T-Shirt Set with Colorful Heart Brushstroke Design | DLM,family_matching,https://www.dresslikemommy.com/products/family-matching-t-shirt-set-with-colorful-heart-brushstroke-design,PASS,0,,41878819536993,Child 2-3 years / White,$17.99,96,200,https://www.dresslikemommy.com/products/family-matching-t-shirt-set-with-colorful-heart-brushstroke-design,PASS,
7228788867169,cute-matching-mom-and-daughter-cartoon-pajama-set-fun-and-cozy-sleepwear,Cute Matching Cartoon Pajama Set - Fun and Cozy Sle... | DLM,pajamas,https://www.dresslikemommy.com/products/cute-matching-mom-and-daughter-cartoon-pajama-set-fun-and-cozy-sleepwear,PASS,0,,41877294841953,Girl 2-3 years / Red,$24.99,44,200,https://www.dresslikemommy.com/products/cute-matching-mom-and-daughter-cartoon-pajama-set-fun-and-cozy-sleepwear,PASS,
7227438530657,matching-mother-and-daughter-beach-dresses-elegant-cream-chiffon-maxi-dress-set,Matching Mother and Daughter Beach Dresses Elegant ... | DLM,swimsuits,https://www.dresslikemommy.com/products/matching-mother-and-daughter-beach-dresses-elegant-cream-chiffon-maxi-dress-set,PASS,0,,41871777431649,Child 2-3 Years / White,$27.99,10,200,https://www.dresslikemommy.com/products/matching-mother-and-daughter-beach-dresses-elegant-cream-chiffon-maxi-dress-set,PASS,
7227355988065,matching-mommy-me-floral-strappy-back-maxi-dresses-summer-beach-outfit,Matching Mommy & Me Floral Strappy Back Maxi Dresse... | DLM,swimsuits,https://www.dresslikemommy.com/products/matching-mommy-me-floral-strappy-back-maxi-dresses-summer-beach-outfit,PASS,0,,41871477899361,Mother S / Black,$29.99,8,200,https://www.dresslikemommy.com/products/matching-mommy-me-floral-strappy-back-maxi-dresses-summer-beach-outfit,PASS,
7227439546465,matching-family-tropical-floral-beach-outfits-navy-and-orange-flower-print-dresses-shirts-set,Matching Tropical Floral Beach Outfits Navy and Ora... | DLM,swimsuits,https://www.dresslikemommy.com/products/matching-family-tropical-floral-beach-outfits-navy-and-orange-flower-print-dresses-shirts-set,PASS,0,,41871780872289,Girl 2-3 Years / Orange,$24.99,12,200,https://www.dresslikemommy.com/products/matching-family-tropical-floral-beach-outfits-navy-and-orange-flower-print-dresses-shirts-set,PASS,
7227254276193,mommy-and-me-matching-yellow-sleeveless-maxi-dress-vibrant-summer-beach-dress-for-mother-daughter,Matching Yellow Sleeveless Maxi Dress Vibrant Summe... | DLM,swimsuits,https://www.dresslikemommy.com/products/mommy-and-me-matching-yellow-sleeveless-maxi-dress-vibrant-summer-beach-dress-for-mother-daughter,PASS,0,,41871113158753,Child 2 Years / Yellow,$21.99,8,200,https://www.dresslikemommy.com/products/mommy-and-me-matching-yellow-sleeveless-maxi-dress-vibrant-summer-beach-dress-for-mother-daughter,PASS,
7108942397537,chic-mother-daughter-one-shoulder-swimsuit-with-playful-ruffles-and-contrasting-stripes-nylon-polyester-blend,Chic Mother-Daughter One-Shoulder Swimsuit with Pla... | DLM,swimsuits,https://www.dresslikemommy.com/products/chic-mother-daughter-one-shoulder-swimsuit-with-playful-ruffles-and-contrasting-stripes-nylon-polyester-blend,PASS,0,,41496468422753,Mother S / Main picture,$19.99,10,200,https://www.dresslikemommy.com/products/chic-mother-daughter-one-shoulder-swimsuit-with-playful-ruffles-and-contrasting-stripes-nylon-polyester-blend,PASS,
7108938039393,chic-one-shoulder-striped-ruffle-swimsuit-for-women-and-girls-elegant-monokini-with-side-tie,Chic One-Shoulder Striped Ruffle Swimsuit for Women... | DLM,swimsuits,https://www.dresslikemommy.com/products/chic-one-shoulder-striped-ruffle-swimsuit-for-women-and-girls-elegant-monokini-with-side-tie,PASS,0,,41496456101985,Mother S / Red,$19.99,10,200,https://www.dresslikemommy.com/products/chic-one-shoulder-striped-ruffle-swimsuit-for-women-and-girls-elegant-monokini-with-side-tie,PASS,
7108948820065,enchanting-mermaid-scales-two-piece-swimsuit-set-for-mother-and-daughter-rainbow-hues-with-flirty-skirt-detail,Enchanting Mermaid Scales Two-Piece Swimsuit Set fo... | DLM,swimsuits,https://www.dresslikemommy.com/products/enchanting-mermaid-scales-two-piece-swimsuit-set-for-mother-and-daughter-rainbow-hues-with-flirty-skirt-detail,PASS,0,,41496491524193,Mother S / Mermaid,$19.99,10,200,https://www.dresslikemommy.com/products/enchanting-mermaid-scales-two-piece-swimsuit-set-for-mother-and-daughter-rainbow-hues-with-flirty-skirt-detail,PASS,
7109986844769,mother-daughter-matching-swim-set-abstract-print-two-piece-high-waisted-bikini-with-wrap-skirt,Mother & Daughter Matching Swim Set - Abstract Prin... | DLM,swimsuits,https://www.dresslikemommy.com/products/mother-daughter-matching-swim-set-abstract-print-two-piece-high-waisted-bikini-with-wrap-skirt,PASS,0,,41499305017441,Mother S / Brown,$19.99,18,200,https://www.dresslikemommy.com/products/mother-daughter-matching-swim-set-abstract-print-two-piece-high-waisted-bikini-with-wrap-skirt,PASS,
7109517770849,mother-daughter-vibrant-two-piece-swimsuit-set-with-flowing-skirt-matching-family-swimwear-collection,Mother & Daughter Vibrant Two-Piece Swimsuit Set with Flowing Skirt Matching Family Swimwear Collection,swimsuits,https://www.dresslikemommy.com/products/mother-daughter-vibrant-two-piece-swimsuit-set-with-flowing-skirt-matching-family-swimwear-collection,FAIL,8,add_to_cart_failed|delivery_estimate_checkout_only_or_blank|page_load_http_404|price_not_clear_on_pdp|product_image_missing|product_json_missing_or_empty|size_guide_missing_or_unclear|variant_selection_or_add_button_unclear,,,,27,404,https://www.dresslikemommy.com/products/mother-daughter-vibrant-two-piece-swimsuit-set-with-flowing-skirt-matching-family-swimwear-collection,FAIL,"HTTP 404: |HTTP 422: {""status"":422,""message"":""Cart Error"",""description"":""Cannot find variant""}"
7108998987873,tropical-one-shoulder-ruffle-swimsuit-for-women-and-girls-vibrant-floral-print-asymmetrical-design-family-matching-swimwear,Tropical One-Shoulder Ruffle Swimsuit for Women and... | DLM,swimsuits,https://www.dresslikemommy.com/products/tropical-one-shoulder-ruffle-swimsuit-for-women-and-girls-vibrant-floral-print-asymmetrical-design-family-matching-swimwear,PASS,0,,41496666669153,Mother S / Multi-Color,$19.99,10,200,https://www.dresslikemommy.com/products/tropical-one-shoulder-ruffle-swimsuit-for-women-and-girls-vibrant-floral-print-asymmetrical-design-family-matching-swimwear,PASS,
7108984799329,chic-leopard-print-one-piece-swimsuit-with-ruffle-accent-timeless-mother-daughter-beachwear,Chic Leopard Print One-Piece Swimsuit with Ruffle A... | DLM,swimsuits,https://www.dresslikemommy.com/products/chic-leopard-print-one-piece-swimsuit-with-ruffle-accent-timeless-mother-daughter-beachwear,PASS,0,,41496617549921,Mother S / Leopard,$17.99,9,200,https://www.dresslikemommy.com/products/chic-leopard-print-one-piece-swimsuit-with-ruffle-accent-timeless-mother-daughter-beachwear,PASS,
7108951605345,chic-ocean-blue-mother-daughter-swimsuit-duo-stylish-ruffle-top-with-paisley-high-waisted-bottoms,Chic Ocean Blue Mother-Daughter Swimsuit Duo Stylis... | DLM,swimsuits,https://www.dresslikemommy.com/products/chic-ocean-blue-mother-daughter-swimsuit-duo-stylish-ruffle-top-with-paisley-high-waisted-bottoms,PASS,0,,41496501911649,Mother S / blue,$17.99,9,200,https://www.dresslikemommy.com/products/chic-ocean-blue-mother-daughter-swimsuit-duo-stylish-ruffle-top-with-paisley-high-waisted-bottoms,PASS,
7108992860257,chic-striped-one-piece-swimsuit-with-playful-ruffle-detail-a-duo-of-elegance-for-mother-daughter,Chic Striped One-Piece Swimsuit with Playful Ruffle... | DLM,swimsuits,https://www.dresslikemommy.com/products/chic-striped-one-piece-swimsuit-with-playful-ruffle-detail-a-duo-of-elegance-for-mother-daughter,PASS,0,,41496646942817,Mother S / Multi-Color,$17.99,9,200,https://www.dresslikemommy.com/products/chic-striped-one-piece-swimsuit-with-playful-ruffle-detail-a-duo-of-elegance-for-mother-daughter,PASS,
7108962254945,chic-tropical-ruffle-one-piece-swimsuit-lush-botanical-print-with-elegant-solid-trim-for-mother-child,Chic Tropical Ruffle One-Piece Swimsuit - Lush Bota... | DLM,swimsuits,https://www.dresslikemommy.com/products/chic-tropical-ruffle-one-piece-swimsuit-lush-botanical-print-with-elegant-solid-trim-for-mother-child,PASS,0,,41496538349665,Mother S / Red,$17.99,9,200,https://www.dresslikemommy.com/products/chic-tropical-ruffle-one-piece-swimsuit-lush-botanical-print-with-elegant-solid-trim-for-mother-child,PASS,
7108988764257,elegant-blue-and-white-floral-one-piece-swimsuit-timeless-style-for-mother-and-daughter,Elegant Blue and White Floral One-Piece Swimsuit - ... | DLM,swimsuits,https://www.dresslikemommy.com/products/elegant-blue-and-white-floral-one-piece-swimsuit-timeless-style-for-mother-and-daughter,PASS,0,,41496634556513,Mother S / Blue,$17.99,9,200,https://www.dresslikemommy.com/products/elegant-blue-and-white-floral-one-piece-swimsuit-timeless-style-for-mother-and-daughter,PASS,
7108996530273,elegant-tropical-high-waisted-swimsuit-set-for-mother-and-daughter-radiant-red-halter-neck-design,Elegant Tropical High-Waisted Swimsuit Set for Moth... | DLM,swimsuits,https://www.dresslikemommy.com/products/elegant-tropical-high-waisted-swimsuit-set-for-mother-and-daughter-radiant-red-halter-neck-design,PASS,0,,41496660148321,Mother S / Red,$17.99,9,200,https://www.dresslikemommy.com/products/elegant-tropical-high-waisted-swimsuit-set-for-mother-and-daughter-radiant-red-halter-neck-design,PASS,
7108986404961,modern-monochrome-one-shoulder-swimsuit-with-animal-print-ruffle-elegant-poolside-duo-for-mother-and-child,Modern Monochrome One-Shoulder Swimsuit with Animal... | DLM,swimsuits,https://www.dresslikemommy.com/products/modern-monochrome-one-shoulder-swimsuit-with-animal-print-ruffle-elegant-poolside-duo-for-mother-and-child,PASS,0,,41496623677537,Mother S / Black,$17.99,9,200,https://www.dresslikemommy.com/products/modern-monochrome-one-shoulder-swimsuit-with-animal-print-ruffle-elegant-poolside-duo-for-mother-and-child,PASS,
7108953604193,royal-blue-high-neck-halter-swimsuit-set-with-paisley-print-bottoms-elegant-family-beachwear,Royal Blue High-Neck Halter Swimsuit Set with Paisl... | DLM,swimsuits,https://www.dresslikemommy.com/products/royal-blue-high-neck-halter-swimsuit-set-with-paisley-print-bottoms-elegant-family-beachwear,PASS,0,,41496508432481,Mother S / Blue,$17.99,9,200,https://www.dresslikemommy.com/products/royal-blue-high-neck-halter-swimsuit-set-with-paisley-print-bottoms-elegant-family-beachwear,PASS,
7108969037921,vibrant-halter-neck-one-piece-swimsuit-with-waist-tie-detail-mother-daughter-matching-swimwear-in-exquisite-baroque-print,Vibrant Halter Neck One-Piece Swimsuit with Waist T... | DLM,swimsuits,https://www.dresslikemommy.com/products/vibrant-halter-neck-one-piece-swimsuit-with-waist-tie-detail-mother-daughter-matching-swimwear-in-exquisite-baroque-print,PASS,0,,41496561385569,Mother S / Blue,$17.99,9,200,https://www.dresslikemommy.com/products/vibrant-halter-neck-one-piece-swimsuit-with-waist-tie-detail-mother-daughter-matching-swimwear-in-exquisite-baroque-print,PASS,
7108958519393,vibrant-one-shoulder-rainbow-trim-swimsuit-set-chic-monochrome-blue-with-colorful-accents-for-mother-daughter,Vibrant One-Shoulder Rainbow Trim Swimsuit Set - Ch... | DLM,swimsuits,https://www.dresslikemommy.com/products/vibrant-one-shoulder-rainbow-trim-swimsuit-set-chic-monochrome-blue-with-colorful-accents-for-mother-daughter,PASS,0,,41496524488801,Mother S / Blue,$17.99,9,200,https://www.dresslikemommy.com/products/vibrant-one-shoulder-rainbow-trim-swimsuit-set-chic-monochrome-blue-with-colorful-accents-for-mother-daughter,PASS,
7109267947617,chic-color-block-one-piece-swimsuit-for-mother-daughter-vibrant-sleek-beachwear,Chic Color-Block One-Piece Swimsuit for Mother & Da... | DLM,swimsuits,https://www.dresslikemommy.com/products/chic-color-block-one-piece-swimsuit-for-mother-daughter-vibrant-sleek-beachwear,PASS,0,,41497323634785,Mother S / Black,$16.99,27,200,https://www.dresslikemommy.com/products/chic-color-block-one-piece-swimsuit-for-mother-daughter-vibrant-sleek-beachwear,PASS,
7109481431137,chic-family-bonding-mother-daughter-matching-swimsuit-set-with-long-sleeved-cover-up,Chic Family Bonding - Mother & Daughter Matching Sw... | DLM,swimsuits,https://www.dresslikemommy.com/products/chic-family-bonding-mother-daughter-matching-swimsuit-set-with-long-sleeved-cover-up,PASS,0,,41497930793057,Mother S / Green,$16.99,35,200,https://www.dresslikemommy.com/products/chic-family-bonding-mother-daughter-matching-swimsuit-set-with-long-sleeved-cover-up,PASS,
7109502566497,chic-family-tides-mother-daughter-matching-two-piece-swimsuit-with-skirt-vibrant-versatile-swimwear-collection,Chic Family Tides: Mother & Daughter Matching Two-P... | DLM,swimsuits,https://www.dresslikemommy.com/products/chic-family-tides-mother-daughter-matching-two-piece-swimsuit-with-skirt-vibrant-versatile-swimwear-collection,PASS,0,,41497976143969,Mother S / Red,$16.99,27,200,https://www.dresslikemommy.com/products/chic-family-tides-mother-daughter-matching-two-piece-swimsuit-with-skirt-vibrant-versatile-swimwear-collection,PASS,
7109122097249,chic-floral-ruffle-one-shoulder-swimsuit-for-women-and-girls-elegant-asymmetrical-swimwear-set-in-vibrant-tropics-print,Chic Floral Ruffle One-Shoulder Swimsuit for Women ... | DLM,swimsuits,https://www.dresslikemommy.com/products/chic-floral-ruffle-one-shoulder-swimsuit-for-women-and-girls-elegant-asymmetrical-swimwear-set-in-vibrant-tropics-print,PASS,0,,41497077121121,Mother S / Pink,$16.99,10,200,https://www.dresslikemommy.com/products/chic-floral-ruffle-one-shoulder-swimsuit-for-women-and-girls-elegant-asymmetrical-swimwear-set-in-vibrant-tropics-print,PASS,
7109472288865,chic-mother-daughter-matching-swimsuit-set-with-floral-cover-up-family-beachwear-collection,Chic Mother-Daughter Matching Swimsuit Set with Flo... | DLM,swimsuits,https://www.dresslikemommy.com/products/chic-mother-daughter-matching-swimsuit-set-with-floral-cover-up-family-beachwear-collection,PASS,0,,41497917882465,Mother S / Black,$16.99,27,200,https://www.dresslikemommy.com/products/chic-mother-daughter-matching-swimsuit-set-with-floral-cover-up-family-beachwear-collection,PASS,
7109292130401,chic-mother-daughter-two-piece-swimsuit-family-matching-swimwear-in-vibrant-colors,Chic Mother-Daughter Two-Piece Swimsuit - Swimwear ... | DLM,swimsuits,https://www.dresslikemommy.com/products/chic-mother-daughter-two-piece-swimsuit-family-matching-swimwear-in-vibrant-colors,PASS,0,,41497360269409,Mother S / Orange,$16.99,36,200,https://www.dresslikemommy.com/products/chic-mother-daughter-two-piece-swimsuit-family-matching-swimwear-in-vibrant-colors,PASS,
7109072257121,chic-tropical-floral-high-neck-swimsuit-set-for-women-and-girls-zippered-sleeveless-quick-dry-swimwear,Chic Tropical Floral High-Neck Swimsuit Set for Wom... | DLM,swimsuits,https://www.dresslikemommy.com/products/chic-tropical-floral-high-neck-swimsuit-set-for-women-and-girls-zippered-sleeveless-quick-dry-swimwear,PASS,0,,41496915509345,Mother S / Black,$16.99,9,200,https://www.dresslikemommy.com/products/chic-tropical-floral-high-neck-swimsuit-set-for-women-and-girls-zippered-sleeveless-quick-dry-swimwear,PASS,
7109125537889,chic-tropical-one-shoulder-ruffle-swimsuit-set-for-mother-and-daughter-vibrant-floral-pattern-with-comfort-stretch,Chic Tropical One-Shoulder Ruffle Swimsuit Set for ... | DLM,swimsuits,https://www.dresslikemommy.com/products/chic-tropical-one-shoulder-ruffle-swimsuit-set-for-mother-and-daughter-vibrant-floral-pattern-with-comfort-stretch,PASS,0,,41497086918753,Mother S / Multi-Color,$16.99,9,200,https://www.dresslikemommy.com/products/chic-tropical-one-shoulder-ruffle-swimsuit-set-for-mother-and-daughter-vibrant-floral-pattern-with-comfort-stretch,PASS,
7109298487393,chic-two-piece-swimsuit-set-ruffle-detail-top-and-high-waisted-bottoms-in-four-vibrant-colors,Chic Two-Piece Swimsuit Set Ruffle Detail Top and H... | DLM,swimsuits,https://www.dresslikemommy.com/products/chic-two-piece-swimsuit-set-ruffle-detail-top-and-high-waisted-bottoms-in-four-vibrant-colors,PASS,0,,41497381077089,Mother S / Orange,$16.99,36,200,https://www.dresslikemommy.com/products/chic-two-piece-swimsuit-set-ruffle-detail-top-and-high-waisted-bottoms-in-four-vibrant-colors,PASS,
7109454135393,chic-two-piece-swimsuit-with-skirt-family-matching-swimwear-for-mother-and-daughter-available-in-blue-green-black,Chic Two-Piece Swimsuit with Skirt Swimwear for Mot... | DLM,swimsuits,https://www.dresslikemommy.com/products/chic-two-piece-swimsuit-with-skirt-family-matching-swimwear-for-mother-and-daughter-available-in-blue-green-black,PASS,0,,41497849004129,Mother S / blue,$16.99,27,200,https://www.dresslikemommy.com/products/chic-two-piece-swimsuit-with-skirt-family-matching-swimwear-for-mother-and-daughter-available-in-blue-green-black,PASS,
7109083267169,elegant-long-sleeve-leopard-print-swimsuit-for-mother-and-daughter,Elegant Long-Sleeve Leopard Print Swimsuit for Moth... | DLM,swimsuits,https://www.dresslikemommy.com/products/elegant-long-sleeve-leopard-print-swimsuit-for-mother-and-daughter,PASS,0,,41496956043361,Mother S / Black,$16.99,9,200,https://www.dresslikemommy.com/products/elegant-long-sleeve-leopard-print-swimsuit-for-mother-and-daughter,PASS,
7109514395745,elegant-mother-daughter-matching-one-piece-swimsuit-with-patterned-mesh-skirt-family-beachwear-set,Elegant Mother Daughter Matching One-Piece Swimsuit... | DLM,swimsuits,https://www.dresslikemommy.com/products/elegant-mother-daughter-matching-one-piece-swimsuit-with-patterned-mesh-skirt-family-beachwear-set,PASS,0,,41498010943585,Mother S / Black,$16.99,27,200,https://www.dresslikemommy.com/products/elegant-mother-daughter-matching-one-piece-swimsuit-with-patterned-mesh-skirt-family-beachwear-set,PASS,
7109123670113,modern-cow-print-tankini-swimsuit-set-for-mother-and-daughter-stylish-high-waisted-swimwear-with-ruffle-detail,Modern Cow Print Tankini Swimsuit Set for Mother an... | DLM,swimsuits,https://www.dresslikemommy.com/products/modern-cow-print-tankini-swimsuit-set-for-mother-and-daughter-stylish-high-waisted-swimwear-with-ruffle-detail,PASS,0,,41497082527841,Adult S / Black,$16.99,9,200,https://www.dresslikemommy.com/products/modern-cow-print-tankini-swimsuit-set-for-mother-and-daughter-stylish-high-waisted-swimwear-with-ruffle-detail,PASS,
7109443256417,mommy-me-vibrant-duo-tone-one-piece-swimsuit-with-ring-accent-family-matching-swimwear-collection,"Mommy & Me"" Vibrant Duo-Tone One-Piece Swimsuit wit... | DLM",swimsuits,https://www.dresslikemommy.com/products/mommy-me-vibrant-duo-tone-one-piece-swimsuit-with-ring-accent-family-matching-swimwear-collection,PASS,0,,41497808404577,Mother S / Orange,$16.99,40,200,https://www.dresslikemommy.com/products/mommy-me-vibrant-duo-tone-one-piece-swimsuit-with-ring-accent-family-matching-swimwear-collection,PASS,
7109084807265,mother-daughter-pastel-mermaid-scales-swimsuit-with-frill-detail,Mother & Daughter Pastel Mermaid Scales Swimsuit wi... | DLM,swimsuits,https://www.dresslikemommy.com/products/mother-daughter-pastel-mermaid-scales-swimsuit-with-frill-detail,PASS,0,,41496962498657,Mother S / Multi-Color,$16.99,9,200,https://www.dresslikemommy.com/products/mother-daughter-pastel-mermaid-scales-swimsuit-with-frill-detail,PASS,
7109119705185,nautical-charm-flamingo-print-one-piece-swimsuits-for-mother-daughter,Nautical Charm Flamingo Print One-Piece Swimsuits f... | DLM,swimsuits,https://www.dresslikemommy.com/products/nautical-charm-flamingo-print-one-piece-swimsuits-for-mother-daughter,PASS,0,,41497069224033,Mother S / Blue,$16.99,9,200,https://www.dresslikemommy.com/products/nautical-charm-flamingo-print-one-piece-swimsuits-for-mother-daughter,PASS,
7227378892897,matching-family-beach-outfits-holiday-palm-tree-print-summer-dresses-shorts-set,Beach Outfits Holiday Palm Tree Print Summer Dresse... | DLM,daddy_me,https://www.dresslikemommy.com/products/matching-family-beach-outfits-holiday-palm-tree-print-summer-dresses-shorts-set,PASS,0,,41871520006241,Girl 3-4 Years / blue,$24.99,21,200,https://www.dresslikemommy.com/products/matching-family-beach-outfits-holiday-palm-tree-print-summer-dresses-shorts-set,PASS,
7227379023969,elegant-matching-family-outfits-light-blue-halter-dresses-casual-t-shirt-set-for-summer,Elegant Outfits Light Blue Halter Dresses & Casual ... | DLM,daddy_me,https://www.dresslikemommy.com/products/elegant-matching-family-outfits-light-blue-halter-dresses-casual-t-shirt-set-for-summer,PASS,0,,41871521808481,Girl 3-4 Years / blue,$22.99,23,200,https://www.dresslikemommy.com/products/elegant-matching-family-outfits-light-blue-halter-dresses-casual-t-shirt-set-for-summer,PASS,
7227418738785,matching-family-striped-cardigans-navy-and-red-heart-embroidery-knit-sweaters-for-mom-dad-and-kids,Striped Cardigans Navy and Red Heart Embroidery Kni... | DLM,daddy_me,https://www.dresslikemommy.com/products/matching-family-striped-cardigans-navy-and-red-heart-embroidery-knit-sweaters-for-mom-dad-and-kids,PASS,0,,41871677980769,Baby 0-6 Months / Stripes,$21.99,21,200,https://www.dresslikemommy.com/products/matching-family-striped-cardigans-navy-and-red-heart-embroidery-knit-sweaters-for-mom-dad-and-kids,PASS,
7227378925665,tropical-matching-family-beach-outfits-colorful-leaf-print-summer-dresses-shorts-set,Tropical Beach Outfits Colorful Leaf Print Summer D... | DLM,daddy_me,https://www.dresslikemommy.com/products/tropical-matching-family-beach-outfits-colorful-leaf-print-summer-dresses-shorts-set,PASS,0,,41871520792673,Girl 3-4 Years / Red,$24.99,23,200,https://www.dresslikemommy.com/products/tropical-matching-family-beach-outfits-colorful-leaf-print-summer-dresses-shorts-set,PASS,
7227375714401,matching-family-yellow-beach-outfits-summer-vacation-dresses-shorts-set,Yellow Beach Outfits Summer Vacation Dresses & Shor... | DLM,daddy_me,https://www.dresslikemommy.com/products/matching-family-yellow-beach-outfits-summer-vacation-dresses-shorts-set,PASS,0,,41871506735201,Girl 3-4 Years / yellow,$24.99,20,200,https://www.dresslikemommy.com/products/matching-family-yellow-beach-outfits-summer-vacation-dresses-shorts-set,PASS,
7229124673633,green-and-white-matching-family-outfits-stylish-floral-print-family-set-for-parents-and-kids,Green and White Outfits Stylish Floral Print Family... | DLM,daddy_me,https://www.dresslikemommy.com/products/green-and-white-matching-family-outfits-stylish-floral-print-family-set-for-parents-and-kids,PASS,0,,41878466920545,Boy 2 years / Shirt,$16.99,36,200,https://www.dresslikemommy.com/products/green-and-white-matching-family-outfits-stylish-floral-print-family-set-for-parents-and-kids,PASS,
7229128441953,vibrant-rainbow-family-matching-outfits-striped-t-shirts-and-yellow-overalls-set-for-family-outings,Vibrant Rainbow Outfits Striped T-Shirts and Yellow... | DLM,daddy_me,https://www.dresslikemommy.com/products/vibrant-rainbow-family-matching-outfits-striped-t-shirts-and-yellow-overalls-set-for-family-outings,PASS,0,,41878469967969,Boy 2 years / T-shirt,$15.99,48,200,https://www.dresslikemommy.com/products/vibrant-rainbow-family-matching-outfits-striped-t-shirts-and-yellow-overalls-set-for-family-outings,PASS,
7229130342497,gradient-ombre-family-matching-outfits-pink-blue-t-shirts-with-white-shorts-set,Gradient Ombre Outfits Pink & Blue T-Shirts with Wh... | DLM,daddy_me,https://www.dresslikemommy.com/products/gradient-ombre-family-matching-outfits-pink-blue-t-shirts-with-white-shorts-set,PASS,0,,41878478159969,Child 2 Years / Multi Color,$14.99,18,200,https://www.dresslikemommy.com/products/gradient-ombre-family-matching-outfits-pink-blue-t-shirts-with-white-shorts-set,PASS,
7110368919649,dynamic-duo-father-and-son-matching-swim-trunks-family-beachwear-set,"Dynamic Duo"" Father and Son Matching Swim Trunks - ... | DLM",daddy_me,https://www.dresslikemommy.com/products/dynamic-duo-father-and-son-matching-swim-trunks-family-beachwear-set,PASS,0,,41500577366113,Father M / Orange,$15.99,18,200,https://www.dresslikemommy.com/products/dynamic-duo-father-and-son-matching-swim-trunks-family-beachwear-set,PASS,
7110363119713,father-and-son-matching-swim-trunks-bold-cow-print-family-beachwear,Father and Son Matching Swim Trunks - Bold Cow Prin... | DLM,daddy_me,https://www.dresslikemommy.com/products/father-and-son-matching-swim-trunks-bold-cow-print-family-beachwear,PASS,0,,41500562817121,Father M / Photo Color,$15.99,9,200,https://www.dresslikemommy.com/products/father-and-son-matching-swim-trunks-bold-cow-print-family-beachwear,PASS,
7110361874529,father-and-son-matching-swim-trunks-classic-paisley-pattern-in-blue-and-yellow,Father and Son Matching Swim Trunks - Classic Paisl... | DLM,daddy_me,https://www.dresslikemommy.com/products/father-and-son-matching-swim-trunks-classic-paisley-pattern-in-blue-and-yellow,PASS,0,,41500560097377,Father M / Main color,$15.99,9,200,https://www.dresslikemommy.com/products/father-and-son-matching-swim-trunks-classic-paisley-pattern-in-blue-and-yellow,PASS,
7110363775073,father-and-son-matching-swim-trunks-elegant-blue-and-white-paisley-design-quick-dry-beachwear,Father and Son Matching Swim Trunks - Elegant Blue ... | DLM,daddy_me,https://www.dresslikemommy.com/products/father-and-son-matching-swim-trunks-elegant-blue-and-white-paisley-design-quick-dry-beachwear,PASS,0,,41500564750433,Father M / Photo Color,$15.99,9,200,https://www.dresslikemommy.com/products/father-and-son-matching-swim-trunks-elegant-blue-and-white-paisley-design-quick-dry-beachwear,PASS,
7110356631649,father-and-son-matching-swim-trunks-tropical-floral-print-family-swimwear,Father and Son Matching Swim Trunks - Tropical Flor... | DLM,daddy_me,https://www.dresslikemommy.com/products/father-and-son-matching-swim-trunks-tropical-floral-print-family-swimwear,PASS,0,,41500537847905,Father M / Multi-Color,$15.99,9,200,https://www.dresslikemommy.com/products/father-and-son-matching-swim-trunks-tropical-floral-print-family-swimwear,PASS,
7110362136673,father-and-son-matching-swim-trunks-tropical-paradise-red-and-green-print,Father and Son Matching Swim Trunks - Tropical Para... | DLM,daddy_me,https://www.dresslikemommy.com/products/father-and-son-matching-swim-trunks-tropical-paradise-red-and-green-print,PASS,0,,41500560818273,Father M / Photo Color,$15.99,9,200,https://www.dresslikemommy.com/products/father-and-son-matching-swim-trunks-tropical-paradise-red-and-green-print,PASS,
7510790733921,green-tropical-leaf-daddy-and-me-matching-swim-shorts-for-pool-days,Green Tropical Leaf Daddy and Me Matching Swim Shorts for Pool Days,daddy_me,https://www.dresslikemommy.com/products/green-tropical-leaf-daddy-and-me-matching-swim-shorts-for-pool-days,PASS,0,,43768830984289,Father M / Green,$15.99,9,200,https://www.dresslikemommy.com/products/green-tropical-leaf-daddy-and-me-matching-swim-shorts-for-pool-days,PASS,
7510790996065,matching-dad-and-son-green-stripe-swim-trunks-beach-shorts,Matching Dad and Son Green Stripe Swim Trunks Beach Shorts,daddy_me,https://www.dresslikemommy.com/products/matching-dad-and-son-green-stripe-swim-trunks-beach-shorts,PASS,0,,43768833867873,Father M / White,$15.99,9,200,https://www.dresslikemommy.com/products/matching-dad-and-son-green-stripe-swim-trunks-beach-shorts,PASS,
7510791159905,matching-dad-and-son-pink-black-color-block-swim-shorts,Matching Dad and Son Pink & Black Color Block Swim Shorts,daddy_me,https://www.dresslikemommy.com/products/matching-dad-and-son-pink-black-color-block-swim-shorts,PASS,0,,43768835375201,Father M / Black,$15.99,9,200,https://www.dresslikemommy.com/products/matching-dad-and-son-pink-black-color-block-swim-shorts,PASS,
7510791258209,matching-dad-and-son-pink-orange-chevron-swim-trunks,Matching Dad and Son Pink Orange Chevron Swim Trunks,daddy_me,https://www.dresslikemommy.com/products/matching-dad-and-son-pink-orange-chevron-swim-trunks,PASS,0,,43768836358241,Father M / Pink,$15.99,9,200,https://www.dresslikemommy.com/products/matching-dad-and-son-pink-orange-chevron-swim-trunks,PASS,
7110364856417,tropical-flair-father-and-son-matching-swim-trunks-flamingo-and-foliage-print,Tropical Flair Father and Son Matching Swim Trunks ... | DLM,daddy_me,https://www.dresslikemommy.com/products/tropical-flair-father-and-son-matching-swim-trunks-flamingo-and-foliage-print,PASS,0,,41500566782049,Father M / Main color,$15.99,9,200,https://www.dresslikemommy.com/products/tropical-flair-father-and-son-matching-swim-trunks-flamingo-and-foliage-print,PASS,
