Handle,Title,Body (HTML),Vendor,Product Category,Type,Tags,Published,Option1 Name,Option1 Value,Option1 Linked To,Option2 Name,Option2 Value,Option2 Linked To,Option3 Name,Option3 Value,Option3 Linked To,Variant SKU,Variant Grams,Variant Inventory Tracker,Variant Inventory Policy,Variant Fulfillment Service,Variant Price,Variant Compare At Price,Variant Requires Shipping,Variant Taxable,Unit Price Total Measure,Unit Price Total Measure Unit,Unit Price Base Measure,Unit Price Base Measure Unit,Variant Barcode,Image Src,Image Position,Image Alt Text,Gift Card,SEO Title,SEO Description,Google Shopping / Google Product Category,Google Shopping / Gender,Google Shopping / Age Group,Google Shopping / MPN,Google Shopping / Condition,Google Shopping / Custom Product,Google Shopping / Custom Label 0,Google Shopping / Custom Label 1,Google Shopping / Custom Label 2,Google Shopping / Custom Label 3,Google Shopping / Custom Label 4,Category1 (product.metafields.custom.category1),Pattern (product.metafields.custom.pattern),Style (product.metafields.custom.style),SubCategory (product.metafields.custom.subcategory),SubCategory2 (product.metafields.custom.subcategory2),Type (product.metafields.custom.type),Google: Custom Product (product.metafields.mm-google-shopping.custom_product),Age group (product.metafields.shopify.age-group),Clothing features (product.metafields.shopify.clothing-features),Color (product.metafields.shopify.color-pattern),Dress occasion (product.metafields.shopify.dress-occasion),Dress style (product.metafields.shopify.dress-style),Fabric (product.metafields.shopify.fabric),Neckline (product.metafields.shopify.neckline),Size (product.metafields.shopify.size),Skirt/Dress length type (product.metafields.shopify.skirt-dress-length-type),Sleeve length type (product.metafields.shopify.sleeve-length-type),Complementary products (product.metafields.shopify--discovery--product_recommendation.complementary_products),Related products (product.metafields.shopify--discovery--product_recommendation.related_products),Related products settings (product.metafields.shopify--discovery--product_recommendation.related_products_display),Search product boosts (product.metafields.shopify--discovery--product_search_boost.queries),Variant Image,Variant Weight Unit,Variant Tax Code,Cost per item,Status
pastel-bloom-mommy-and-me-dresses,Pastel Bloom Mommy and Me Dresses - Sleeveless Sundress,"<ul>
<li>
<strong>Fabric:</strong> Lightweight polyester fabric with an airy drape that feels breezy and photo-ready for warm days.</li>
<li>
<strong>Family story:</strong> A soft matching sundress moment for mom and daughter, made for beach walks, resort dinners, birthdays, and vacation photos.</li>
<li>
<strong>Print:</strong> ""Pastel Bloom"" mixes watercolor florals, pastel petals, and soft greenery over a light cream ground.</li>
<li>
<strong>Design details:</strong> Sleeveless cut, tie-front neckline, gently gathered waist, and a floaty skirt that moves beautifully in the breeze.</li>
<li>
<strong>Care:</strong> Machine wash cold on gentle, line dry, do not bleach, and use a cool iron inside-out if needed.</li>
<li>
<strong>Size range:</strong> Girls Child 3 Years to Child 12 Years; Mother M to Mother L.</li>
</ul>

<h3>Size Chart - Dress</h3>
<table id=""size-chart"">
  <thead>
    <tr>
      <th>Size</th>
      <th>Age</th>
      <th>Weight (kg/lbs)</th>
      <th>Height (cm/in)</th>
      <th>Chest/Bust (cm/in)</th>
      <th>Skirt Length (cm/in)</th>
      <th>Pant/Short or - (cm/in)</th>
      <th>Hip (cm/in)</th>
      <th>Waist (cm/in)</th>
      <th>Garment Length (cm/in)</th>
    </tr>
  </thead>
  <tbody>
<tr>
<td>Child 3 Years</td>
<td>3</td>
<td>14-16 kg / 31-35 lbs</td>
<td>95-105 cm / 37-41 in</td>
<td>69 cm / 27.2 in</td>
<td>68 cm / 26.8 in</td>
<td>-</td>
<td>73 cm / 28.7 in</td>
<td>69 cm / 27.2 in</td>
<td>68 cm / 26.8 in</td>
</tr>
<tr>
<td>Child 4 Years</td>
<td>4</td>
<td>16-19 kg / 35-42 lbs</td>
<td>105-115 cm / 41-45 in</td>
<td>72 cm / 28.3 in</td>
<td>73 cm / 28.7 in</td>
<td>-</td>
<td>76 cm / 29.9 in</td>
<td>72 cm / 28.3 in</td>
<td>73 cm / 28.7 in</td>
</tr>
<tr>
<td>Child 5 Years</td>
<td>5</td>
<td>19-22 kg / 42-49 lbs</td>
<td>115-125 cm / 45-49 in</td>
<td>75 cm / 29.5 in</td>
<td>78 cm / 30.7 in</td>
<td>-</td>
<td>79 cm / 31.1 in</td>
<td>75 cm / 29.5 in</td>
<td>78 cm / 30.7 in</td>
</tr>
<tr>
<td>Child 6-7 Years</td>
<td>6-7</td>
<td>22-27 kg / 49-60 lbs</td>
<td>125-135 cm / 49-53 in</td>
<td>78 cm / 30.7 in</td>
<td>83 cm / 32.7 in</td>
<td>-</td>
<td>82 cm / 32.3 in</td>
<td>78 cm / 30.7 in</td>
<td>83 cm / 32.7 in</td>
</tr>
<tr>
<td>Child 8 Years</td>
<td>8</td>
<td>27-32 kg / 60-71 lbs</td>
<td>135-145 cm / 53-57 in</td>
<td>81 cm / 31.9 in</td>
<td>88 cm / 34.6 in</td>
<td>-</td>
<td>85 cm / 33.5 in</td>
<td>81 cm / 31.9 in</td>
<td>88 cm / 34.6 in</td>
</tr>
<tr>
<td>Child 9-10 Years</td>
<td>9-10</td>
<td>32-38 kg / 71-84 lbs</td>
<td>145-155 cm / 57-61 in</td>
<td>84 cm / 33.1 in</td>
<td>93 cm / 36.6 in</td>
<td>-</td>
<td>88 cm / 34.6 in</td>
<td>84 cm / 33.1 in</td>
<td>93 cm / 36.6 in</td>
</tr>
<tr>
<td>Child 12 Years</td>
<td>11-12</td>
<td>38-46 kg / 84-101 lbs</td>
<td>155-165 cm / 61-65 in</td>
<td>87 cm / 34.3 in</td>
<td>97 cm / 38.2 in</td>
<td>-</td>
<td>91 cm / 35.8 in</td>
<td>87 cm / 34.3 in</td>
<td>97 cm / 38.2 in</td>
</tr>
<tr>
<td>Mother M</td>
<td></td>
<td>52-60 kg / 115-132 lbs</td>
<td>160-165 cm / 63-65 in</td>
<td>90 cm / 35.4 in</td>
<td>102 cm / 40.2 in</td>
<td>-</td>
<td>96 cm / 37.8 in</td>
<td>88 cm / 34.6 in</td>
<td>102 cm / 40.2 in</td>
</tr>
<tr>
<td>Mother L</td>
<td></td>
<td>60-68 kg / 132-150 lbs</td>
<td>165-170 cm / 65-67 in</td>
<td>94 cm / 37.0 in</td>
<td>104 cm / 40.9 in</td>
<td>-</td>
<td>100 cm / 39.4 in</td>
<td>92 cm / 36.2 in</td>
<td>104 cm / 40.9 in</td>
</tr>
  </tbody>
</table>

<p>The Pastel Bloom Mommy and Me Dresses were built for the kind of days that deserve a little extra softness. The watercolor floral print feels light and airy against the seaside backdrop, while the sleeveless cut and gathered waist keep the silhouette relaxed, easy, and twirl-friendly for both mom and mini.</p>

<p>From beach photos to garden parties, this matching sundress set is all about effortless charm. The tie-front neckline adds a sweet detail up top, and the flowy skirt keeps every step breezy, making it an easy choice for warm-weather family moments that you want to remember.</p>

<h3>Key Features:</h3>
<ul>
<li>
<strong>Watercolor floral print:</strong> Soft pastel blooms and greenery create a dreamy summer look.</li>
<li>
<strong>Breezy sleeveless fit:</strong> Lightweight woven construction keeps the silhouette easy and warm-weather friendly.</li>
<li>
<strong>Tie-front detail:</strong> A sweet neckline accent adds polish without making the dress feel fussy.</li>
<li>
<strong>Flowy gathered skirt:</strong> The full skirt moves beautifully for beach walks, vacations, and photos.</li>
<li>
<strong>Mom and mini matching:</strong> Coordinated mother-and-daughter styling makes family dressing feel effortless.</li>
</ul>

<p>Add your sizes and bring home a matching sundress set that feels ready for every sunny family plan.</p>",dresslikemommy.com,Apparel & Accessories > Clothing > Dresses,Matching Family Dresses,"Beach, Bloom, Child 11-12yr, Child 2-3yr, Child 4-5yr, Child 6-8yr, Child 9-10yr, Dresses, Floral, Garden, Girl Dress, Green, https://detail.1688.com/offer/895442481104.html?, Matching Family Dress, Matching Family Dresses, Midi Dress, Midi Dresses, Mom Size L, Mom Size M, Mommy and Me, Mother Dress, Pastel, Pink, Resort, Sleeveless Dress, Summer, Sundress, Vacation, Watercolor, White, Wildflower, Yellow",TRUE,Size,Child 3 Years,,Color,Pastel Bloom,,,,,DLM-PBLM-GRL-KID3Y-PASTEL,0,shopify,deny,manual,31.99,36.99,TRUE,TRUE,,,,,,,,,,Pastel Bloom Matching Sundress | Dress Like Mommy,Lightweight woven floral mommy-and-me sundresses for mom + daughter. Sizes 3Y-12Y and Mom M-L with an airy sleeveless resort fit.,,female,adult,,new,FALSE,Mommy and Me,Pastel Bloom,Summer,Sleeveless Sundress,Two-Role Matching,Mommy and Me,Watercolor Floral,Resort Sundress,Dresses,Summer Dresses,Dress,false,"Kids, Adults",,"Floral, Multicolor","Beach outings, family vacations",A-line,Polyester,Round,"Child 3 Years, Child 4 Years, Child 5 Years, Child 6-7 Years, Child 8 Years, Child 9-10 Years, Child 12 Years, Mother M, Mother L",Midi,Sleeveless,,,,,,,,,active
pastel-bloom-mommy-and-me-dresses,Pastel Bloom Mommy and Me Dresses - Sleeveless Sundress,"<ul>
<li>
<strong>Fabric:</strong> Lightweight polyester fabric with an airy drape that feels breezy and photo-ready for warm days.</li>
<li>
<strong>Family story:</strong> A soft matching sundress moment for mom and daughter, made for beach walks, resort dinners, birthdays, and vacation photos.</li>
<li>
<strong>Print:</strong> ""Pastel Bloom"" mixes watercolor florals, pastel petals, and soft greenery over a light cream ground.</li>
<li>
<strong>Design details:</strong> Sleeveless cut, tie-front neckline, gently gathered waist, and a floaty skirt that moves beautifully in the breeze.</li>
<li>
<strong>Care:</strong> Machine wash cold on gentle, line dry, do not bleach, and use a cool iron inside-out if needed.</li>
<li>
<strong>Size range:</strong> Girls Child 3 Years to Child 12 Years; Mother M to Mother L.</li>
</ul>

<h3>Size Chart - Dress</h3>
<table id=""size-chart"">
  <thead>
    <tr>
      <th>Size</th>
      <th>Age</th>
      <th>Weight (kg/lbs)</th>
      <th>Height (cm/in)</th>
      <th>Chest/Bust (cm/in)</th>
      <th>Skirt Length (cm/in)</th>
      <th>Pant/Short or - (cm/in)</th>
      <th>Hip (cm/in)</th>
      <th>Waist (cm/in)</th>
      <th>Garment Length (cm/in)</th>
    </tr>
  </thead>
  <tbody>
<tr>
<td>Child 3 Years</td>
<td>3</td>
<td>14-16 kg / 31-35 lbs</td>
<td>95-105 cm / 37-41 in</td>
<td>69 cm / 27.2 in</td>
<td>68 cm / 26.8 in</td>
<td>-</td>
<td>73 cm / 28.7 in</td>
<td>69 cm / 27.2 in</td>
<td>68 cm / 26.8 in</td>
</tr>
<tr>
<td>Child 4 Years</td>
<td>4</td>
<td>16-19 kg / 35-42 lbs</td>
<td>105-115 cm / 41-45 in</td>
<td>72 cm / 28.3 in</td>
<td>73 cm / 28.7 in</td>
<td>-</td>
<td>76 cm / 29.9 in</td>
<td>72 cm / 28.3 in</td>
<td>73 cm / 28.7 in</td>
</tr>
<tr>
<td>Child 5 Years</td>
<td>5</td>
<td>19-22 kg / 42-49 lbs</td>
<td>115-125 cm / 45-49 in</td>
<td>75 cm / 29.5 in</td>
<td>78 cm / 30.7 in</td>
<td>-</td>
<td>79 cm / 31.1 in</td>
<td>75 cm / 29.5 in</td>
<td>78 cm / 30.7 in</td>
</tr>
<tr>
<td>Child 6-7 Years</td>
<td>6-7</td>
<td>22-27 kg / 49-60 lbs</td>
<td>125-135 cm / 49-53 in</td>
<td>78 cm / 30.7 in</td>
<td>83 cm / 32.7 in</td>
<td>-</td>
<td>82 cm / 32.3 in</td>
<td>78 cm / 30.7 in</td>
<td>83 cm / 32.7 in</td>
</tr>
<tr>
<td>Child 8 Years</td>
<td>8</td>
<td>27-32 kg / 60-71 lbs</td>
<td>135-145 cm / 53-57 in</td>
<td>81 cm / 31.9 in</td>
<td>88 cm / 34.6 in</td>
<td>-</td>
<td>85 cm / 33.5 in</td>
<td>81 cm / 31.9 in</td>
<td>88 cm / 34.6 in</td>
</tr>
<tr>
<td>Child 9-10 Years</td>
<td>9-10</td>
<td>32-38 kg / 71-84 lbs</td>
<td>145-155 cm / 57-61 in</td>
<td>84 cm / 33.1 in</td>
<td>93 cm / 36.6 in</td>
<td>-</td>
<td>88 cm / 34.6 in</td>
<td>84 cm / 33.1 in</td>
<td>93 cm / 36.6 in</td>
</tr>
<tr>
<td>Child 12 Years</td>
<td>11-12</td>
<td>38-46 kg / 84-101 lbs</td>
<td>155-165 cm / 61-65 in</td>
<td>87 cm / 34.3 in</td>
<td>97 cm / 38.2 in</td>
<td>-</td>
<td>91 cm / 35.8 in</td>
<td>87 cm / 34.3 in</td>
<td>97 cm / 38.2 in</td>
</tr>
<tr>
<td>Mother M</td>
<td></td>
<td>52-60 kg / 115-132 lbs</td>
<td>160-165 cm / 63-65 in</td>
<td>90 cm / 35.4 in</td>
<td>102 cm / 40.2 in</td>
<td>-</td>
<td>96 cm / 37.8 in</td>
<td>88 cm / 34.6 in</td>
<td>102 cm / 40.2 in</td>
</tr>
<tr>
<td>Mother L</td>
<td></td>
<td>60-68 kg / 132-150 lbs</td>
<td>165-170 cm / 65-67 in</td>
<td>94 cm / 37.0 in</td>
<td>104 cm / 40.9 in</td>
<td>-</td>
<td>100 cm / 39.4 in</td>
<td>92 cm / 36.2 in</td>
<td>104 cm / 40.9 in</td>
</tr>
  </tbody>
</table>

<p>The Pastel Bloom Mommy and Me Dresses were built for the kind of days that deserve a little extra softness. The watercolor floral print feels light and airy against the seaside backdrop, while the sleeveless cut and gathered waist keep the silhouette relaxed, easy, and twirl-friendly for both mom and mini.</p>

<p>From beach photos to garden parties, this matching sundress set is all about effortless charm. The tie-front neckline adds a sweet detail up top, and the flowy skirt keeps every step breezy, making it an easy choice for warm-weather family moments that you want to remember.</p>

<h3>Key Features:</h3>
<ul>
<li>
<strong>Watercolor floral print:</strong> Soft pastel blooms and greenery create a dreamy summer look.</li>
<li>
<strong>Breezy sleeveless fit:</strong> Lightweight woven construction keeps the silhouette easy and warm-weather friendly.</li>
<li>
<strong>Tie-front detail:</strong> A sweet neckline accent adds polish without making the dress feel fussy.</li>
<li>
<strong>Flowy gathered skirt:</strong> The full skirt moves beautifully for beach walks, vacations, and photos.</li>
<li>
<strong>Mom and mini matching:</strong> Coordinated mother-and-daughter styling makes family dressing feel effortless.</li>
</ul>

<p>Add your sizes and bring home a matching sundress set that feels ready for every sunny family plan.</p>",dresslikemommy.com,Apparel & Accessories > Clothing > Dresses,Matching Family Dresses,"Beach, Bloom, Child 11-12yr, Child 2-3yr, Child 4-5yr, Child 6-8yr, Child 9-10yr, Dresses, Floral, Garden, Girl Dress, Green, https://detail.1688.com/offer/895442481104.html?, Matching Family Dress, Matching Family Dresses, Midi Dress, Midi Dresses, Mom Size L, Mom Size M, Mommy and Me, Mother Dress, Pastel, Pink, Resort, Sleeveless Dress, Summer, Sundress, Vacation, Watercolor, White, Wildflower, Yellow",TRUE,Size,Child 4 Years,,Color,Pastel Bloom,,,,,DLM-PBLM-GRL-KID4Y-PASTEL,0,shopify,deny,manual,31.99,36.99,TRUE,TRUE,,,,,,,,,,Pastel Bloom Matching Sundress | Dress Like Mommy,Lightweight woven floral mommy-and-me sundresses for mom + daughter. Sizes 3Y-12Y and Mom M-L with an airy sleeveless resort fit.,,female,adult,,new,FALSE,Mommy and Me,Pastel Bloom,Summer,Sleeveless Sundress,Two-Role Matching,Mommy and Me,Watercolor Floral,Resort Sundress,Dresses,Summer Dresses,Dress,false,"Kids, Adults",,"Floral, Multicolor","Beach outings, family vacations",A-line,Polyester,Round,"Child 3 Years, Child 4 Years, Child 5 Years, Child 6-7 Years, Child 8 Years, Child 9-10 Years, Child 12 Years, Mother M, Mother L",Midi,Sleeveless,,,,,,,,,active
pastel-bloom-mommy-and-me-dresses,Pastel Bloom Mommy and Me Dresses - Sleeveless Sundress,"<ul>
<li>
<strong>Fabric:</strong> Lightweight polyester fabric with an airy drape that feels breezy and photo-ready for warm days.</li>
<li>
<strong>Family story:</strong> A soft matching sundress moment for mom and daughter, made for beach walks, resort dinners, birthdays, and vacation photos.</li>
<li>
<strong>Print:</strong> ""Pastel Bloom"" mixes watercolor florals, pastel petals, and soft greenery over a light cream ground.</li>
<li>
<strong>Design details:</strong> Sleeveless cut, tie-front neckline, gently gathered waist, and a floaty skirt that moves beautifully in the breeze.</li>
<li>
<strong>Care:</strong> Machine wash cold on gentle, line dry, do not bleach, and use a cool iron inside-out if needed.</li>
<li>
<strong>Size range:</strong> Girls Child 3 Years to Child 12 Years; Mother M to Mother L.</li>
</ul>

<h3>Size Chart - Dress</h3>
<table id=""size-chart"">
  <thead>
    <tr>
      <th>Size</th>
      <th>Age</th>
      <th>Weight (kg/lbs)</th>
      <th>Height (cm/in)</th>
      <th>Chest/Bust (cm/in)</th>
      <th>Skirt Length (cm/in)</th>
      <th>Pant/Short or - (cm/in)</th>
      <th>Hip (cm/in)</th>
      <th>Waist (cm/in)</th>
      <th>Garment Length (cm/in)</th>
    </tr>
  </thead>
  <tbody>
<tr>
<td>Child 3 Years</td>
<td>3</td>
<td>14-16 kg / 31-35 lbs</td>
<td>95-105 cm / 37-41 in</td>
<td>69 cm / 27.2 in</td>
<td>68 cm / 26.8 in</td>
<td>-</td>
<td>73 cm / 28.7 in</td>
<td>69 cm / 27.2 in</td>
<td>68 cm / 26.8 in</td>
</tr>
<tr>
<td>Child 4 Years</td>
<td>4</td>
<td>16-19 kg / 35-42 lbs</td>
<td>105-115 cm / 41-45 in</td>
<td>72 cm / 28.3 in</td>
<td>73 cm / 28.7 in</td>
<td>-</td>
<td>76 cm / 29.9 in</td>
<td>72 cm / 28.3 in</td>
<td>73 cm / 28.7 in</td>
</tr>
<tr>
<td>Child 5 Years</td>
<td>5</td>
<td>19-22 kg / 42-49 lbs</td>
<td>115-125 cm / 45-49 in</td>
<td>75 cm / 29.5 in</td>
<td>78 cm / 30.7 in</td>
<td>-</td>
<td>79 cm / 31.1 in</td>
<td>75 cm / 29.5 in</td>
<td>78 cm / 30.7 in</td>
</tr>
<tr>
<td>Child 6-7 Years</td>
<td>6-7</td>
<td>22-27 kg / 49-60 lbs</td>
<td>125-135 cm / 49-53 in</td>
<td>78 cm / 30.7 in</td>
<td>83 cm / 32.7 in</td>
<td>-</td>
<td>82 cm / 32.3 in</td>
<td>78 cm / 30.7 in</td>
<td>83 cm / 32.7 in</td>
</tr>
<tr>
<td>Child 8 Years</td>
<td>8</td>
<td>27-32 kg / 60-71 lbs</td>
<td>135-145 cm / 53-57 in</td>
<td>81 cm / 31.9 in</td>
<td>88 cm / 34.6 in</td>
<td>-</td>
<td>85 cm / 33.5 in</td>
<td>81 cm / 31.9 in</td>
<td>88 cm / 34.6 in</td>
</tr>
<tr>
<td>Child 9-10 Years</td>
<td>9-10</td>
<td>32-38 kg / 71-84 lbs</td>
<td>145-155 cm / 57-61 in</td>
<td>84 cm / 33.1 in</td>
<td>93 cm / 36.6 in</td>
<td>-</td>
<td>88 cm / 34.6 in</td>
<td>84 cm / 33.1 in</td>
<td>93 cm / 36.6 in</td>
</tr>
<tr>
<td>Child 12 Years</td>
<td>11-12</td>
<td>38-46 kg / 84-101 lbs</td>
<td>155-165 cm / 61-65 in</td>
<td>87 cm / 34.3 in</td>
<td>97 cm / 38.2 in</td>
<td>-</td>
<td>91 cm / 35.8 in</td>
<td>87 cm / 34.3 in</td>
<td>97 cm / 38.2 in</td>
</tr>
<tr>
<td>Mother M</td>
<td></td>
<td>52-60 kg / 115-132 lbs</td>
<td>160-165 cm / 63-65 in</td>
<td>90 cm / 35.4 in</td>
<td>102 cm / 40.2 in</td>
<td>-</td>
<td>96 cm / 37.8 in</td>
<td>88 cm / 34.6 in</td>
<td>102 cm / 40.2 in</td>
</tr>
<tr>
<td>Mother L</td>
<td></td>
<td>60-68 kg / 132-150 lbs</td>
<td>165-170 cm / 65-67 in</td>
<td>94 cm / 37.0 in</td>
<td>104 cm / 40.9 in</td>
<td>-</td>
<td>100 cm / 39.4 in</td>
<td>92 cm / 36.2 in</td>
<td>104 cm / 40.9 in</td>
</tr>
  </tbody>
</table>

<p>The Pastel Bloom Mommy and Me Dresses were built for the kind of days that deserve a little extra softness. The watercolor floral print feels light and airy against the seaside backdrop, while the sleeveless cut and gathered waist keep the silhouette relaxed, easy, and twirl-friendly for both mom and mini.</p>

<p>From beach photos to garden parties, this matching sundress set is all about effortless charm. The tie-front neckline adds a sweet detail up top, and the flowy skirt keeps every step breezy, making it an easy choice for warm-weather family moments that you want to remember.</p>

<h3>Key Features:</h3>
<ul>
<li>
<strong>Watercolor floral print:</strong> Soft pastel blooms and greenery create a dreamy summer look.</li>
<li>
<strong>Breezy sleeveless fit:</strong> Lightweight woven construction keeps the silhouette easy and warm-weather friendly.</li>
<li>
<strong>Tie-front detail:</strong> A sweet neckline accent adds polish without making the dress feel fussy.</li>
<li>
<strong>Flowy gathered skirt:</strong> The full skirt moves beautifully for beach walks, vacations, and photos.</li>
<li>
<strong>Mom and mini matching:</strong> Coordinated mother-and-daughter styling makes family dressing feel effortless.</li>
</ul>

<p>Add your sizes and bring home a matching sundress set that feels ready for every sunny family plan.</p>",dresslikemommy.com,Apparel & Accessories > Clothing > Dresses,Matching Family Dresses,"Beach, Bloom, Child 11-12yr, Child 2-3yr, Child 4-5yr, Child 6-8yr, Child 9-10yr, Dresses, Floral, Garden, Girl Dress, Green, https://detail.1688.com/offer/895442481104.html?, Matching Family Dress, Matching Family Dresses, Midi Dress, Midi Dresses, Mom Size L, Mom Size M, Mommy and Me, Mother Dress, Pastel, Pink, Resort, Sleeveless Dress, Summer, Sundress, Vacation, Watercolor, White, Wildflower, Yellow",TRUE,Size,Child 5 Years,,Color,Pastel Bloom,,,,,DLM-PBLM-GRL-KID5Y-PASTEL,0,shopify,deny,manual,31.99,36.99,TRUE,TRUE,,,,,,,,,,Pastel Bloom Matching Sundress | Dress Like Mommy,Lightweight woven floral mommy-and-me sundresses for mom + daughter. Sizes 3Y-12Y and Mom M-L with an airy sleeveless resort fit.,,female,adult,,new,FALSE,Mommy and Me,Pastel Bloom,Summer,Sleeveless Sundress,Two-Role Matching,Mommy and Me,Watercolor Floral,Resort Sundress,Dresses,Summer Dresses,Dress,false,"Kids, Adults",,"Floral, Multicolor","Beach outings, family vacations",A-line,Polyester,Round,"Child 3 Years, Child 4 Years, Child 5 Years, Child 6-7 Years, Child 8 Years, Child 9-10 Years, Child 12 Years, Mother M, Mother L",Midi,Sleeveless,,,,,,,,,active
pastel-bloom-mommy-and-me-dresses,Pastel Bloom Mommy and Me Dresses - Sleeveless Sundress,"<ul>
<li>
<strong>Fabric:</strong> Lightweight polyester fabric with an airy drape that feels breezy and photo-ready for warm days.</li>
<li>
<strong>Family story:</strong> A soft matching sundress moment for mom and daughter, made for beach walks, resort dinners, birthdays, and vacation photos.</li>
<li>
<strong>Print:</strong> ""Pastel Bloom"" mixes watercolor florals, pastel petals, and soft greenery over a light cream ground.</li>
<li>
<strong>Design details:</strong> Sleeveless cut, tie-front neckline, gently gathered waist, and a floaty skirt that moves beautifully in the breeze.</li>
<li>
<strong>Care:</strong> Machine wash cold on gentle, line dry, do not bleach, and use a cool iron inside-out if needed.</li>
<li>
<strong>Size range:</strong> Girls Child 3 Years to Child 12 Years; Mother M to Mother L.</li>
</ul>

<h3>Size Chart - Dress</h3>
<table id=""size-chart"">
  <thead>
    <tr>
      <th>Size</th>
      <th>Age</th>
      <th>Weight (kg/lbs)</th>
      <th>Height (cm/in)</th>
      <th>Chest/Bust (cm/in)</th>
      <th>Skirt Length (cm/in)</th>
      <th>Pant/Short or - (cm/in)</th>
      <th>Hip (cm/in)</th>
      <th>Waist (cm/in)</th>
      <th>Garment Length (cm/in)</th>
    </tr>
  </thead>
  <tbody>
<tr>
<td>Child 3 Years</td>
<td>3</td>
<td>14-16 kg / 31-35 lbs</td>
<td>95-105 cm / 37-41 in</td>
<td>69 cm / 27.2 in</td>
<td>68 cm / 26.8 in</td>
<td>-</td>
<td>73 cm / 28.7 in</td>
<td>69 cm / 27.2 in</td>
<td>68 cm / 26.8 in</td>
</tr>
<tr>
<td>Child 4 Years</td>
<td>4</td>
<td>16-19 kg / 35-42 lbs</td>
<td>105-115 cm / 41-45 in</td>
<td>72 cm / 28.3 in</td>
<td>73 cm / 28.7 in</td>
<td>-</td>
<td>76 cm / 29.9 in</td>
<td>72 cm / 28.3 in</td>
<td>73 cm / 28.7 in</td>
</tr>
<tr>
<td>Child 5 Years</td>
<td>5</td>
<td>19-22 kg / 42-49 lbs</td>
<td>115-125 cm / 45-49 in</td>
<td>75 cm / 29.5 in</td>
<td>78 cm / 30.7 in</td>
<td>-</td>
<td>79 cm / 31.1 in</td>
<td>75 cm / 29.5 in</td>
<td>78 cm / 30.7 in</td>
</tr>
<tr>
<td>Child 6-7 Years</td>
<td>6-7</td>
<td>22-27 kg / 49-60 lbs</td>
<td>125-135 cm / 49-53 in</td>
<td>78 cm / 30.7 in</td>
<td>83 cm / 32.7 in</td>
<td>-</td>
<td>82 cm / 32.3 in</td>
<td>78 cm / 30.7 in</td>
<td>83 cm / 32.7 in</td>
</tr>
<tr>
<td>Child 8 Years</td>
<td>8</td>
<td>27-32 kg / 60-71 lbs</td>
<td>135-145 cm / 53-57 in</td>
<td>81 cm / 31.9 in</td>
<td>88 cm / 34.6 in</td>
<td>-</td>
<td>85 cm / 33.5 in</td>
<td>81 cm / 31.9 in</td>
<td>88 cm / 34.6 in</td>
</tr>
<tr>
<td>Child 9-10 Years</td>
<td>9-10</td>
<td>32-38 kg / 71-84 lbs</td>
<td>145-155 cm / 57-61 in</td>
<td>84 cm / 33.1 in</td>
<td>93 cm / 36.6 in</td>
<td>-</td>
<td>88 cm / 34.6 in</td>
<td>84 cm / 33.1 in</td>
<td>93 cm / 36.6 in</td>
</tr>
<tr>
<td>Child 12 Years</td>
<td>11-12</td>
<td>38-46 kg / 84-101 lbs</td>
<td>155-165 cm / 61-65 in</td>
<td>87 cm / 34.3 in</td>
<td>97 cm / 38.2 in</td>
<td>-</td>
<td>91 cm / 35.8 in</td>
<td>87 cm / 34.3 in</td>
<td>97 cm / 38.2 in</td>
</tr>
<tr>
<td>Mother M</td>
<td></td>
<td>52-60 kg / 115-132 lbs</td>
<td>160-165 cm / 63-65 in</td>
<td>90 cm / 35.4 in</td>
<td>102 cm / 40.2 in</td>
<td>-</td>
<td>96 cm / 37.8 in</td>
<td>88 cm / 34.6 in</td>
<td>102 cm / 40.2 in</td>
</tr>
<tr>
<td>Mother L</td>
<td></td>
<td>60-68 kg / 132-150 lbs</td>
<td>165-170 cm / 65-67 in</td>
<td>94 cm / 37.0 in</td>
<td>104 cm / 40.9 in</td>
<td>-</td>
<td>100 cm / 39.4 in</td>
<td>92 cm / 36.2 in</td>
<td>104 cm / 40.9 in</td>
</tr>
  </tbody>
</table>

<p>The Pastel Bloom Mommy and Me Dresses were built for the kind of days that deserve a little extra softness. The watercolor floral print feels light and airy against the seaside backdrop, while the sleeveless cut and gathered waist keep the silhouette relaxed, easy, and twirl-friendly for both mom and mini.</p>

<p>From beach photos to garden parties, this matching sundress set is all about effortless charm. The tie-front neckline adds a sweet detail up top, and the flowy skirt keeps every step breezy, making it an easy choice for warm-weather family moments that you want to remember.</p>

<h3>Key Features:</h3>
<ul>
<li>
<strong>Watercolor floral print:</strong> Soft pastel blooms and greenery create a dreamy summer look.</li>
<li>
<strong>Breezy sleeveless fit:</strong> Lightweight woven construction keeps the silhouette easy and warm-weather friendly.</li>
<li>
<strong>Tie-front detail:</strong> A sweet neckline accent adds polish without making the dress feel fussy.</li>
<li>
<strong>Flowy gathered skirt:</strong> The full skirt moves beautifully for beach walks, vacations, and photos.</li>
<li>
<strong>Mom and mini matching:</strong> Coordinated mother-and-daughter styling makes family dressing feel effortless.</li>
</ul>

<p>Add your sizes and bring home a matching sundress set that feels ready for every sunny family plan.</p>",dresslikemommy.com,Apparel & Accessories > Clothing > Dresses,Matching Family Dresses,"Beach, Bloom, Child 11-12yr, Child 2-3yr, Child 4-5yr, Child 6-8yr, Child 9-10yr, Dresses, Floral, Garden, Girl Dress, Green, https://detail.1688.com/offer/895442481104.html?, Matching Family Dress, Matching Family Dresses, Midi Dress, Midi Dresses, Mom Size L, Mom Size M, Mommy and Me, Mother Dress, Pastel, Pink, Resort, Sleeveless Dress, Summer, Sundress, Vacation, Watercolor, White, Wildflower, Yellow",TRUE,Size,Child 6-7 Years,,Color,Pastel Bloom,,,,,DLM-PBLM-GRL-KID67Y-PASTEL,0,shopify,deny,manual,31.99,36.99,TRUE,TRUE,,,,,,,,,,Pastel Bloom Matching Sundress | Dress Like Mommy,Lightweight woven floral mommy-and-me sundresses for mom + daughter. Sizes 3Y-12Y and Mom M-L with an airy sleeveless resort fit.,,female,adult,,new,FALSE,Mommy and Me,Pastel Bloom,Summer,Sleeveless Sundress,Two-Role Matching,Mommy and Me,Watercolor Floral,Resort Sundress,Dresses,Summer Dresses,Dress,false,"Kids, Adults",,"Floral, Multicolor","Beach outings, family vacations",A-line,Polyester,Round,"Child 3 Years, Child 4 Years, Child 5 Years, Child 6-7 Years, Child 8 Years, Child 9-10 Years, Child 12 Years, Mother M, Mother L",Midi,Sleeveless,,,,,,,,,active
pastel-bloom-mommy-and-me-dresses,Pastel Bloom Mommy and Me Dresses - Sleeveless Sundress,"<ul>
<li>
<strong>Fabric:</strong> Lightweight polyester fabric with an airy drape that feels breezy and photo-ready for warm days.</li>
<li>
<strong>Family story:</strong> A soft matching sundress moment for mom and daughter, made for beach walks, resort dinners, birthdays, and vacation photos.</li>
<li>
<strong>Print:</strong> ""Pastel Bloom"" mixes watercolor florals, pastel petals, and soft greenery over a light cream ground.</li>
<li>
<strong>Design details:</strong> Sleeveless cut, tie-front neckline, gently gathered waist, and a floaty skirt that moves beautifully in the breeze.</li>
<li>
<strong>Care:</strong> Machine wash cold on gentle, line dry, do not bleach, and use a cool iron inside-out if needed.</li>
<li>
<strong>Size range:</strong> Girls Child 3 Years to Child 12 Years; Mother M to Mother L.</li>
</ul>

<h3>Size Chart - Dress</h3>
<table id=""size-chart"">
  <thead>
    <tr>
      <th>Size</th>
      <th>Age</th>
      <th>Weight (kg/lbs)</th>
      <th>Height (cm/in)</th>
      <th>Chest/Bust (cm/in)</th>
      <th>Skirt Length (cm/in)</th>
      <th>Pant/Short or - (cm/in)</th>
      <th>Hip (cm/in)</th>
      <th>Waist (cm/in)</th>
      <th>Garment Length (cm/in)</th>
    </tr>
  </thead>
  <tbody>
<tr>
<td>Child 3 Years</td>
<td>3</td>
<td>14-16 kg / 31-35 lbs</td>
<td>95-105 cm / 37-41 in</td>
<td>69 cm / 27.2 in</td>
<td>68 cm / 26.8 in</td>
<td>-</td>
<td>73 cm / 28.7 in</td>
<td>69 cm / 27.2 in</td>
<td>68 cm / 26.8 in</td>
</tr>
<tr>
<td>Child 4 Years</td>
<td>4</td>
<td>16-19 kg / 35-42 lbs</td>
<td>105-115 cm / 41-45 in</td>
<td>72 cm / 28.3 in</td>
<td>73 cm / 28.7 in</td>
<td>-</td>
<td>76 cm / 29.9 in</td>
<td>72 cm / 28.3 in</td>
<td>73 cm / 28.7 in</td>
</tr>
<tr>
<td>Child 5 Years</td>
<td>5</td>
<td>19-22 kg / 42-49 lbs</td>
<td>115-125 cm / 45-49 in</td>
<td>75 cm / 29.5 in</td>
<td>78 cm / 30.7 in</td>
<td>-</td>
<td>79 cm / 31.1 in</td>
<td>75 cm / 29.5 in</td>
<td>78 cm / 30.7 in</td>
</tr>
<tr>
<td>Child 6-7 Years</td>
<td>6-7</td>
<td>22-27 kg / 49-60 lbs</td>
<td>125-135 cm / 49-53 in</td>
<td>78 cm / 30.7 in</td>
<td>83 cm / 32.7 in</td>
<td>-</td>
<td>82 cm / 32.3 in</td>
<td>78 cm / 30.7 in</td>
<td>83 cm / 32.7 in</td>
</tr>
<tr>
<td>Child 8 Years</td>
<td>8</td>
<td>27-32 kg / 60-71 lbs</td>
<td>135-145 cm / 53-57 in</td>
<td>81 cm / 31.9 in</td>
<td>88 cm / 34.6 in</td>
<td>-</td>
<td>85 cm / 33.5 in</td>
<td>81 cm / 31.9 in</td>
<td>88 cm / 34.6 in</td>
</tr>
<tr>
<td>Child 9-10 Years</td>
<td>9-10</td>
<td>32-38 kg / 71-84 lbs</td>
<td>145-155 cm / 57-61 in</td>
<td>84 cm / 33.1 in</td>
<td>93 cm / 36.6 in</td>
<td>-</td>
<td>88 cm / 34.6 in</td>
<td>84 cm / 33.1 in</td>
<td>93 cm / 36.6 in</td>
</tr>
<tr>
<td>Child 12 Years</td>
<td>11-12</td>
<td>38-46 kg / 84-101 lbs</td>
<td>155-165 cm / 61-65 in</td>
<td>87 cm / 34.3 in</td>
<td>97 cm / 38.2 in</td>
<td>-</td>
<td>91 cm / 35.8 in</td>
<td>87 cm / 34.3 in</td>
<td>97 cm / 38.2 in</td>
</tr>
<tr>
<td>Mother M</td>
<td></td>
<td>52-60 kg / 115-132 lbs</td>
<td>160-165 cm / 63-65 in</td>
<td>90 cm / 35.4 in</td>
<td>102 cm / 40.2 in</td>
<td>-</td>
<td>96 cm / 37.8 in</td>
<td>88 cm / 34.6 in</td>
<td>102 cm / 40.2 in</td>
</tr>
<tr>
<td>Mother L</td>
<td></td>
<td>60-68 kg / 132-150 lbs</td>
<td>165-170 cm / 65-67 in</td>
<td>94 cm / 37.0 in</td>
<td>104 cm / 40.9 in</td>
<td>-</td>
<td>100 cm / 39.4 in</td>
<td>92 cm / 36.2 in</td>
<td>104 cm / 40.9 in</td>
</tr>
  </tbody>
</table>

<p>The Pastel Bloom Mommy and Me Dresses were built for the kind of days that deserve a little extra softness. The watercolor floral print feels light and airy against the seaside backdrop, while the sleeveless cut and gathered waist keep the silhouette relaxed, easy, and twirl-friendly for both mom and mini.</p>

<p>From beach photos to garden parties, this matching sundress set is all about effortless charm. The tie-front neckline adds a sweet detail up top, and the flowy skirt keeps every step breezy, making it an easy choice for warm-weather family moments that you want to remember.</p>

<h3>Key Features:</h3>
<ul>
<li>
<strong>Watercolor floral print:</strong> Soft pastel blooms and greenery create a dreamy summer look.</li>
<li>
<strong>Breezy sleeveless fit:</strong> Lightweight woven construction keeps the silhouette easy and warm-weather friendly.</li>
<li>
<strong>Tie-front detail:</strong> A sweet neckline accent adds polish without making the dress feel fussy.</li>
<li>
<strong>Flowy gathered skirt:</strong> The full skirt moves beautifully for beach walks, vacations, and photos.</li>
<li>
<strong>Mom and mini matching:</strong> Coordinated mother-and-daughter styling makes family dressing feel effortless.</li>
</ul>

<p>Add your sizes and bring home a matching sundress set that feels ready for every sunny family plan.</p>",dresslikemommy.com,Apparel & Accessories > Clothing > Dresses,Matching Family Dresses,"Beach, Bloom, Child 11-12yr, Child 2-3yr, Child 4-5yr, Child 6-8yr, Child 9-10yr, Dresses, Floral, Garden, Girl Dress, Green, https://detail.1688.com/offer/895442481104.html?, Matching Family Dress, Matching Family Dresses, Midi Dress, Midi Dresses, Mom Size L, Mom Size M, Mommy and Me, Mother Dress, Pastel, Pink, Resort, Sleeveless Dress, Summer, Sundress, Vacation, Watercolor, White, Wildflower, Yellow",TRUE,Size,Child 8 Years,,Color,Pastel Bloom,,,,,DLM-PBLM-GRL-KID8Y-PASTEL,0,shopify,deny,manual,31.99,36.99,TRUE,TRUE,,,,,,,,,,Pastel Bloom Matching Sundress | Dress Like Mommy,Lightweight woven floral mommy-and-me sundresses for mom + daughter. Sizes 3Y-12Y and Mom M-L with an airy sleeveless resort fit.,,female,adult,,new,FALSE,Mommy and Me,Pastel Bloom,Summer,Sleeveless Sundress,Two-Role Matching,Mommy and Me,Watercolor Floral,Resort Sundress,Dresses,Summer Dresses,Dress,false,"Kids, Adults",,"Floral, Multicolor","Beach outings, family vacations",A-line,Polyester,Round,"Child 3 Years, Child 4 Years, Child 5 Years, Child 6-7 Years, Child 8 Years, Child 9-10 Years, Child 12 Years, Mother M, Mother L",Midi,Sleeveless,,,,,,,,,active
pastel-bloom-mommy-and-me-dresses,Pastel Bloom Mommy and Me Dresses - Sleeveless Sundress,"<ul>
<li>
<strong>Fabric:</strong> Lightweight polyester fabric with an airy drape that feels breezy and photo-ready for warm days.</li>
<li>
<strong>Family story:</strong> A soft matching sundress moment for mom and daughter, made for beach walks, resort dinners, birthdays, and vacation photos.</li>
<li>
<strong>Print:</strong> ""Pastel Bloom"" mixes watercolor florals, pastel petals, and soft greenery over a light cream ground.</li>
<li>
<strong>Design details:</strong> Sleeveless cut, tie-front neckline, gently gathered waist, and a floaty skirt that moves beautifully in the breeze.</li>
<li>
<strong>Care:</strong> Machine wash cold on gentle, line dry, do not bleach, and use a cool iron inside-out if needed.</li>
<li>
<strong>Size range:</strong> Girls Child 3 Years to Child 12 Years; Mother M to Mother L.</li>
</ul>

<h3>Size Chart - Dress</h3>
<table id=""size-chart"">
  <thead>
    <tr>
      <th>Size</th>
      <th>Age</th>
      <th>Weight (kg/lbs)</th>
      <th>Height (cm/in)</th>
      <th>Chest/Bust (cm/in)</th>
      <th>Skirt Length (cm/in)</th>
      <th>Pant/Short or - (cm/in)</th>
      <th>Hip (cm/in)</th>
      <th>Waist (cm/in)</th>
      <th>Garment Length (cm/in)</th>
    </tr>
  </thead>
  <tbody>
<tr>
<td>Child 3 Years</td>
<td>3</td>
<td>14-16 kg / 31-35 lbs</td>
<td>95-105 cm / 37-41 in</td>
<td>69 cm / 27.2 in</td>
<td>68 cm / 26.8 in</td>
<td>-</td>
<td>73 cm / 28.7 in</td>
<td>69 cm / 27.2 in</td>
<td>68 cm / 26.8 in</td>
</tr>
<tr>
<td>Child 4 Years</td>
<td>4</td>
<td>16-19 kg / 35-42 lbs</td>
<td>105-115 cm / 41-45 in</td>
<td>72 cm / 28.3 in</td>
<td>73 cm / 28.7 in</td>
<td>-</td>
<td>76 cm / 29.9 in</td>
<td>72 cm / 28.3 in</td>
<td>73 cm / 28.7 in</td>
</tr>
<tr>
<td>Child 5 Years</td>
<td>5</td>
<td>19-22 kg / 42-49 lbs</td>
<td>115-125 cm / 45-49 in</td>
<td>75 cm / 29.5 in</td>
<td>78 cm / 30.7 in</td>
<td>-</td>
<td>79 cm / 31.1 in</td>
<td>75 cm / 29.5 in</td>
<td>78 cm / 30.7 in</td>
</tr>
<tr>
<td>Child 6-7 Years</td>
<td>6-7</td>
<td>22-27 kg / 49-60 lbs</td>
<td>125-135 cm / 49-53 in</td>
<td>78 cm / 30.7 in</td>
<td>83 cm / 32.7 in</td>
<td>-</td>
<td>82 cm / 32.3 in</td>
<td>78 cm / 30.7 in</td>
<td>83 cm / 32.7 in</td>
</tr>
<tr>
<td>Child 8 Years</td>
<td>8</td>
<td>27-32 kg / 60-71 lbs</td>
<td>135-145 cm / 53-57 in</td>
<td>81 cm / 31.9 in</td>
<td>88 cm / 34.6 in</td>
<td>-</td>
<td>85 cm / 33.5 in</td>
<td>81 cm / 31.9 in</td>
<td>88 cm / 34.6 in</td>
</tr>
<tr>
<td>Child 9-10 Years</td>
<td>9-10</td>
<td>32-38 kg / 71-84 lbs</td>
<td>145-155 cm / 57-61 in</td>
<td>84 cm / 33.1 in</td>
<td>93 cm / 36.6 in</td>
<td>-</td>
<td>88 cm / 34.6 in</td>
<td>84 cm / 33.1 in</td>
<td>93 cm / 36.6 in</td>
</tr>
<tr>
<td>Child 12 Years</td>
<td>11-12</td>
<td>38-46 kg / 84-101 lbs</td>
<td>155-165 cm / 61-65 in</td>
<td>87 cm / 34.3 in</td>
<td>97 cm / 38.2 in</td>
<td>-</td>
<td>91 cm / 35.8 in</td>
<td>87 cm / 34.3 in</td>
<td>97 cm / 38.2 in</td>
</tr>
<tr>
<td>Mother M</td>
<td></td>
<td>52-60 kg / 115-132 lbs</td>
<td>160-165 cm / 63-65 in</td>
<td>90 cm / 35.4 in</td>
<td>102 cm / 40.2 in</td>
<td>-</td>
<td>96 cm / 37.8 in</td>
<td>88 cm / 34.6 in</td>
<td>102 cm / 40.2 in</td>
</tr>
<tr>
<td>Mother L</td>
<td></td>
<td>60-68 kg / 132-150 lbs</td>
<td>165-170 cm / 65-67 in</td>
<td>94 cm / 37.0 in</td>
<td>104 cm / 40.9 in</td>
<td>-</td>
<td>100 cm / 39.4 in</td>
<td>92 cm / 36.2 in</td>
<td>104 cm / 40.9 in</td>
</tr>
  </tbody>
</table>

<p>The Pastel Bloom Mommy and Me Dresses were built for the kind of days that deserve a little extra softness. The watercolor floral print feels light and airy against the seaside backdrop, while the sleeveless cut and gathered waist keep the silhouette relaxed, easy, and twirl-friendly for both mom and mini.</p>

<p>From beach photos to garden parties, this matching sundress set is all about effortless charm. The tie-front neckline adds a sweet detail up top, and the flowy skirt keeps every step breezy, making it an easy choice for warm-weather family moments that you want to remember.</p>

<h3>Key Features:</h3>
<ul>
<li>
<strong>Watercolor floral print:</strong> Soft pastel blooms and greenery create a dreamy summer look.</li>
<li>
<strong>Breezy sleeveless fit:</strong> Lightweight woven construction keeps the silhouette easy and warm-weather friendly.</li>
<li>
<strong>Tie-front detail:</strong> A sweet neckline accent adds polish without making the dress feel fussy.</li>
<li>
<strong>Flowy gathered skirt:</strong> The full skirt moves beautifully for beach walks, vacations, and photos.</li>
<li>
<strong>Mom and mini matching:</strong> Coordinated mother-and-daughter styling makes family dressing feel effortless.</li>
</ul>

<p>Add your sizes and bring home a matching sundress set that feels ready for every sunny family plan.</p>",dresslikemommy.com,Apparel & Accessories > Clothing > Dresses,Matching Family Dresses,"Beach, Bloom, Child 11-12yr, Child 2-3yr, Child 4-5yr, Child 6-8yr, Child 9-10yr, Dresses, Floral, Garden, Girl Dress, Green, https://detail.1688.com/offer/895442481104.html?, Matching Family Dress, Matching Family Dresses, Midi Dress, Midi Dresses, Mom Size L, Mom Size M, Mommy and Me, Mother Dress, Pastel, Pink, Resort, Sleeveless Dress, Summer, Sundress, Vacation, Watercolor, White, Wildflower, Yellow",TRUE,Size,Child 9-10 Years,,Color,Pastel Bloom,,,,,DLM-PBLM-GRL-KID910Y-PASTEL,0,shopify,deny,manual,31.99,36.99,TRUE,TRUE,,,,,,,,,,Pastel Bloom Matching Sundress | Dress Like Mommy,Lightweight woven floral mommy-and-me sundresses for mom + daughter. Sizes 3Y-12Y and Mom M-L with an airy sleeveless resort fit.,,female,adult,,new,FALSE,Mommy and Me,Pastel Bloom,Summer,Sleeveless Sundress,Two-Role Matching,Mommy and Me,Watercolor Floral,Resort Sundress,Dresses,Summer Dresses,Dress,false,"Kids, Adults",,"Floral, Multicolor","Beach outings, family vacations",A-line,Polyester,Round,"Child 3 Years, Child 4 Years, Child 5 Years, Child 6-7 Years, Child 8 Years, Child 9-10 Years, Child 12 Years, Mother M, Mother L",Midi,Sleeveless,,,,,,,,,active
pastel-bloom-mommy-and-me-dresses,Pastel Bloom Mommy and Me Dresses - Sleeveless Sundress,"<ul>
<li>
<strong>Fabric:</strong> Lightweight polyester fabric with an airy drape that feels breezy and photo-ready for warm days.</li>
<li>
<strong>Family story:</strong> A soft matching sundress moment for mom and daughter, made for beach walks, resort dinners, birthdays, and vacation photos.</li>
<li>
<strong>Print:</strong> ""Pastel Bloom"" mixes watercolor florals, pastel petals, and soft greenery over a light cream ground.</li>
<li>
<strong>Design details:</strong> Sleeveless cut, tie-front neckline, gently gathered waist, and a floaty skirt that moves beautifully in the breeze.</li>
<li>
<strong>Care:</strong> Machine wash cold on gentle, line dry, do not bleach, and use a cool iron inside-out if needed.</li>
<li>
<strong>Size range:</strong> Girls Child 3 Years to Child 12 Years; Mother M to Mother L.</li>
</ul>

<h3>Size Chart - Dress</h3>
<table id=""size-chart"">
  <thead>
    <tr>
      <th>Size</th>
      <th>Age</th>
      <th>Weight (kg/lbs)</th>
      <th>Height (cm/in)</th>
      <th>Chest/Bust (cm/in)</th>
      <th>Skirt Length (cm/in)</th>
      <th>Pant/Short or - (cm/in)</th>
      <th>Hip (cm/in)</th>
      <th>Waist (cm/in)</th>
      <th>Garment Length (cm/in)</th>
    </tr>
  </thead>
  <tbody>
<tr>
<td>Child 3 Years</td>
<td>3</td>
<td>14-16 kg / 31-35 lbs</td>
<td>95-105 cm / 37-41 in</td>
<td>69 cm / 27.2 in</td>
<td>68 cm / 26.8 in</td>
<td>-</td>
<td>73 cm / 28.7 in</td>
<td>69 cm / 27.2 in</td>
<td>68 cm / 26.8 in</td>
</tr>
<tr>
<td>Child 4 Years</td>
<td>4</td>
<td>16-19 kg / 35-42 lbs</td>
<td>105-115 cm / 41-45 in</td>
<td>72 cm / 28.3 in</td>
<td>73 cm / 28.7 in</td>
<td>-</td>
<td>76 cm / 29.9 in</td>
<td>72 cm / 28.3 in</td>
<td>73 cm / 28.7 in</td>
</tr>
<tr>
<td>Child 5 Years</td>
<td>5</td>
<td>19-22 kg / 42-49 lbs</td>
<td>115-125 cm / 45-49 in</td>
<td>75 cm / 29.5 in</td>
<td>78 cm / 30.7 in</td>
<td>-</td>
<td>79 cm / 31.1 in</td>
<td>75 cm / 29.5 in</td>
<td>78 cm / 30.7 in</td>
</tr>
<tr>
<td>Child 6-7 Years</td>
<td>6-7</td>
<td>22-27 kg / 49-60 lbs</td>
<td>125-135 cm / 49-53 in</td>
<td>78 cm / 30.7 in</td>
<td>83 cm / 32.7 in</td>
<td>-</td>
<td>82 cm / 32.3 in</td>
<td>78 cm / 30.7 in</td>
<td>83 cm / 32.7 in</td>
</tr>
<tr>
<td>Child 8 Years</td>
<td>8</td>
<td>27-32 kg / 60-71 lbs</td>
<td>135-145 cm / 53-57 in</td>
<td>81 cm / 31.9 in</td>
<td>88 cm / 34.6 in</td>
<td>-</td>
<td>85 cm / 33.5 in</td>
<td>81 cm / 31.9 in</td>
<td>88 cm / 34.6 in</td>
</tr>
<tr>
<td>Child 9-10 Years</td>
<td>9-10</td>
<td>32-38 kg / 71-84 lbs</td>
<td>145-155 cm / 57-61 in</td>
<td>84 cm / 33.1 in</td>
<td>93 cm / 36.6 in</td>
<td>-</td>
<td>88 cm / 34.6 in</td>
<td>84 cm / 33.1 in</td>
<td>93 cm / 36.6 in</td>
</tr>
<tr>
<td>Child 12 Years</td>
<td>11-12</td>
<td>38-46 kg / 84-101 lbs</td>
<td>155-165 cm / 61-65 in</td>
<td>87 cm / 34.3 in</td>
<td>97 cm / 38.2 in</td>
<td>-</td>
<td>91 cm / 35.8 in</td>
<td>87 cm / 34.3 in</td>
<td>97 cm / 38.2 in</td>
</tr>
<tr>
<td>Mother M</td>
<td></td>
<td>52-60 kg / 115-132 lbs</td>
<td>160-165 cm / 63-65 in</td>
<td>90 cm / 35.4 in</td>
<td>102 cm / 40.2 in</td>
<td>-</td>
<td>96 cm / 37.8 in</td>
<td>88 cm / 34.6 in</td>
<td>102 cm / 40.2 in</td>
</tr>
<tr>
<td>Mother L</td>
<td></td>
<td>60-68 kg / 132-150 lbs</td>
<td>165-170 cm / 65-67 in</td>
<td>94 cm / 37.0 in</td>
<td>104 cm / 40.9 in</td>
<td>-</td>
<td>100 cm / 39.4 in</td>
<td>92 cm / 36.2 in</td>
<td>104 cm / 40.9 in</td>
</tr>
  </tbody>
</table>

<p>The Pastel Bloom Mommy and Me Dresses were built for the kind of days that deserve a little extra softness. The watercolor floral print feels light and airy against the seaside backdrop, while the sleeveless cut and gathered waist keep the silhouette relaxed, easy, and twirl-friendly for both mom and mini.</p>

<p>From beach photos to garden parties, this matching sundress set is all about effortless charm. The tie-front neckline adds a sweet detail up top, and the flowy skirt keeps every step breezy, making it an easy choice for warm-weather family moments that you want to remember.</p>

<h3>Key Features:</h3>
<ul>
<li>
<strong>Watercolor floral print:</strong> Soft pastel blooms and greenery create a dreamy summer look.</li>
<li>
<strong>Breezy sleeveless fit:</strong> Lightweight woven construction keeps the silhouette easy and warm-weather friendly.</li>
<li>
<strong>Tie-front detail:</strong> A sweet neckline accent adds polish without making the dress feel fussy.</li>
<li>
<strong>Flowy gathered skirt:</strong> The full skirt moves beautifully for beach walks, vacations, and photos.</li>
<li>
<strong>Mom and mini matching:</strong> Coordinated mother-and-daughter styling makes family dressing feel effortless.</li>
</ul>

<p>Add your sizes and bring home a matching sundress set that feels ready for every sunny family plan.</p>",dresslikemommy.com,Apparel & Accessories > Clothing > Dresses,Matching Family Dresses,"Beach, Bloom, Child 11-12yr, Child 2-3yr, Child 4-5yr, Child 6-8yr, Child 9-10yr, Dresses, Floral, Garden, Girl Dress, Green, https://detail.1688.com/offer/895442481104.html?, Matching Family Dress, Matching Family Dresses, Midi Dress, Midi Dresses, Mom Size L, Mom Size M, Mommy and Me, Mother Dress, Pastel, Pink, Resort, Sleeveless Dress, Summer, Sundress, Vacation, Watercolor, White, Wildflower, Yellow",TRUE,Size,Child 12 Years,,Color,Pastel Bloom,,,,,DLM-PBLM-GRL-KID12Y-PASTEL,0,shopify,deny,manual,31.99,36.99,TRUE,TRUE,,,,,,,,,,Pastel Bloom Matching Sundress | Dress Like Mommy,Lightweight woven floral mommy-and-me sundresses for mom + daughter. Sizes 3Y-12Y and Mom M-L with an airy sleeveless resort fit.,,female,adult,,new,FALSE,Mommy and Me,Pastel Bloom,Summer,Sleeveless Sundress,Two-Role Matching,Mommy and Me,Watercolor Floral,Resort Sundress,Dresses,Summer Dresses,Dress,false,"Kids, Adults",,"Floral, Multicolor","Beach outings, family vacations",A-line,Polyester,Round,"Child 3 Years, Child 4 Years, Child 5 Years, Child 6-7 Years, Child 8 Years, Child 9-10 Years, Child 12 Years, Mother M, Mother L",Midi,Sleeveless,,,,,,,,,active
pastel-bloom-mommy-and-me-dresses,Pastel Bloom Mommy and Me Dresses - Sleeveless Sundress,"<ul>
<li>
<strong>Fabric:</strong> Lightweight polyester fabric with an airy drape that feels breezy and photo-ready for warm days.</li>
<li>
<strong>Family story:</strong> A soft matching sundress moment for mom and daughter, made for beach walks, resort dinners, birthdays, and vacation photos.</li>
<li>
<strong>Print:</strong> ""Pastel Bloom"" mixes watercolor florals, pastel petals, and soft greenery over a light cream ground.</li>
<li>
<strong>Design details:</strong> Sleeveless cut, tie-front neckline, gently gathered waist, and a floaty skirt that moves beautifully in the breeze.</li>
<li>
<strong>Care:</strong> Machine wash cold on gentle, line dry, do not bleach, and use a cool iron inside-out if needed.</li>
<li>
<strong>Size range:</strong> Girls Child 3 Years to Child 12 Years; Mother M to Mother L.</li>
</ul>

<h3>Size Chart - Dress</h3>
<table id=""size-chart"">
  <thead>
    <tr>
      <th>Size</th>
      <th>Age</th>
      <th>Weight (kg/lbs)</th>
      <th>Height (cm/in)</th>
      <th>Chest/Bust (cm/in)</th>
      <th>Skirt Length (cm/in)</th>
      <th>Pant/Short or - (cm/in)</th>
      <th>Hip (cm/in)</th>
      <th>Waist (cm/in)</th>
      <th>Garment Length (cm/in)</th>
    </tr>
  </thead>
  <tbody>
<tr>
<td>Child 3 Years</td>
<td>3</td>
<td>14-16 kg / 31-35 lbs</td>
<td>95-105 cm / 37-41 in</td>
<td>69 cm / 27.2 in</td>
<td>68 cm / 26.8 in</td>
<td>-</td>
<td>73 cm / 28.7 in</td>
<td>69 cm / 27.2 in</td>
<td>68 cm / 26.8 in</td>
</tr>
<tr>
<td>Child 4 Years</td>
<td>4</td>
<td>16-19 kg / 35-42 lbs</td>
<td>105-115 cm / 41-45 in</td>
<td>72 cm / 28.3 in</td>
<td>73 cm / 28.7 in</td>
<td>-</td>
<td>76 cm / 29.9 in</td>
<td>72 cm / 28.3 in</td>
<td>73 cm / 28.7 in</td>
</tr>
<tr>
<td>Child 5 Years</td>
<td>5</td>
<td>19-22 kg / 42-49 lbs</td>
<td>115-125 cm / 45-49 in</td>
<td>75 cm / 29.5 in</td>
<td>78 cm / 30.7 in</td>
<td>-</td>
<td>79 cm / 31.1 in</td>
<td>75 cm / 29.5 in</td>
<td>78 cm / 30.7 in</td>
</tr>
<tr>
<td>Child 6-7 Years</td>
<td>6-7</td>
<td>22-27 kg / 49-60 lbs</td>
<td>125-135 cm / 49-53 in</td>
<td>78 cm / 30.7 in</td>
<td>83 cm / 32.7 in</td>
<td>-</td>
<td>82 cm / 32.3 in</td>
<td>78 cm / 30.7 in</td>
<td>83 cm / 32.7 in</td>
</tr>
<tr>
<td>Child 8 Years</td>
<td>8</td>
<td>27-32 kg / 60-71 lbs</td>
<td>135-145 cm / 53-57 in</td>
<td>81 cm / 31.9 in</td>
<td>88 cm / 34.6 in</td>
<td>-</td>
<td>85 cm / 33.5 in</td>
<td>81 cm / 31.9 in</td>
<td>88 cm / 34.6 in</td>
</tr>
<tr>
<td>Child 9-10 Years</td>
<td>9-10</td>
<td>32-38 kg / 71-84 lbs</td>
<td>145-155 cm / 57-61 in</td>
<td>84 cm / 33.1 in</td>
<td>93 cm / 36.6 in</td>
<td>-</td>
<td>88 cm / 34.6 in</td>
<td>84 cm / 33.1 in</td>
<td>93 cm / 36.6 in</td>
</tr>
<tr>
<td>Child 12 Years</td>
<td>11-12</td>
<td>38-46 kg / 84-101 lbs</td>
<td>155-165 cm / 61-65 in</td>
<td>87 cm / 34.3 in</td>
<td>97 cm / 38.2 in</td>
<td>-</td>
<td>91 cm / 35.8 in</td>
<td>87 cm / 34.3 in</td>
<td>97 cm / 38.2 in</td>
</tr>
<tr>
<td>Mother M</td>
<td></td>
<td>52-60 kg / 115-132 lbs</td>
<td>160-165 cm / 63-65 in</td>
<td>90 cm / 35.4 in</td>
<td>102 cm / 40.2 in</td>
<td>-</td>
<td>96 cm / 37.8 in</td>
<td>88 cm / 34.6 in</td>
<td>102 cm / 40.2 in</td>
</tr>
<tr>
<td>Mother L</td>
<td></td>
<td>60-68 kg / 132-150 lbs</td>
<td>165-170 cm / 65-67 in</td>
<td>94 cm / 37.0 in</td>
<td>104 cm / 40.9 in</td>
<td>-</td>
<td>100 cm / 39.4 in</td>
<td>92 cm / 36.2 in</td>
<td>104 cm / 40.9 in</td>
</tr>
  </tbody>
</table>

<p>The Pastel Bloom Mommy and Me Dresses were built for the kind of days that deserve a little extra softness. The watercolor floral print feels light and airy against the seaside backdrop, while the sleeveless cut and gathered waist keep the silhouette relaxed, easy, and twirl-friendly for both mom and mini.</p>

<p>From beach photos to garden parties, this matching sundress set is all about effortless charm. The tie-front neckline adds a sweet detail up top, and the flowy skirt keeps every step breezy, making it an easy choice for warm-weather family moments that you want to remember.</p>

<h3>Key Features:</h3>
<ul>
<li>
<strong>Watercolor floral print:</strong> Soft pastel blooms and greenery create a dreamy summer look.</li>
<li>
<strong>Breezy sleeveless fit:</strong> Lightweight woven construction keeps the silhouette easy and warm-weather friendly.</li>
<li>
<strong>Tie-front detail:</strong> A sweet neckline accent adds polish without making the dress feel fussy.</li>
<li>
<strong>Flowy gathered skirt:</strong> The full skirt moves beautifully for beach walks, vacations, and photos.</li>
<li>
<strong>Mom and mini matching:</strong> Coordinated mother-and-daughter styling makes family dressing feel effortless.</li>
</ul>

<p>Add your sizes and bring home a matching sundress set that feels ready for every sunny family plan.</p>",dresslikemommy.com,Apparel & Accessories > Clothing > Dresses,Matching Family Dresses,"Beach, Bloom, Child 11-12yr, Child 2-3yr, Child 4-5yr, Child 6-8yr, Child 9-10yr, Dresses, Floral, Garden, Girl Dress, Green, https://detail.1688.com/offer/895442481104.html?, Matching Family Dress, Matching Family Dresses, Midi Dress, Midi Dresses, Mom Size L, Mom Size M, Mommy and Me, Mother Dress, Pastel, Pink, Resort, Sleeveless Dress, Summer, Sundress, Vacation, Watercolor, White, Wildflower, Yellow",TRUE,Size,Mother M,,Color,Pastel Bloom,,,,,DLM-PBLM-MOM-M-PASTEL,0,shopify,deny,manual,34.99,40.99,TRUE,TRUE,,,,,,,,,,Pastel Bloom Matching Sundress | Dress Like Mommy,Lightweight woven floral mommy-and-me sundresses for mom + daughter. Sizes 3Y-12Y and Mom M-L with an airy sleeveless resort fit.,,female,adult,,new,FALSE,Mommy and Me,Pastel Bloom,Summer,Sleeveless Sundress,Two-Role Matching,Mommy and Me,Watercolor Floral,Resort Sundress,Dresses,Summer Dresses,Dress,false,"Kids, Adults",,"Floral, Multicolor","Beach outings, family vacations",A-line,Polyester,Round,"Child 3 Years, Child 4 Years, Child 5 Years, Child 6-7 Years, Child 8 Years, Child 9-10 Years, Child 12 Years, Mother M, Mother L",Midi,Sleeveless,,,,,,,,,active
pastel-bloom-mommy-and-me-dresses,Pastel Bloom Mommy and Me Dresses - Sleeveless Sundress,"<ul>
<li>
<strong>Fabric:</strong> Lightweight polyester fabric with an airy drape that feels breezy and photo-ready for warm days.</li>
<li>
<strong>Family story:</strong> A soft matching sundress moment for mom and daughter, made for beach walks, resort dinners, birthdays, and vacation photos.</li>
<li>
<strong>Print:</strong> ""Pastel Bloom"" mixes watercolor florals, pastel petals, and soft greenery over a light cream ground.</li>
<li>
<strong>Design details:</strong> Sleeveless cut, tie-front neckline, gently gathered waist, and a floaty skirt that moves beautifully in the breeze.</li>
<li>
<strong>Care:</strong> Machine wash cold on gentle, line dry, do not bleach, and use a cool iron inside-out if needed.</li>
<li>
<strong>Size range:</strong> Girls Child 3 Years to Child 12 Years; Mother M to Mother L.</li>
</ul>

<h3>Size Chart - Dress</h3>
<table id=""size-chart"">
  <thead>
    <tr>
      <th>Size</th>
      <th>Age</th>
      <th>Weight (kg/lbs)</th>
      <th>Height (cm/in)</th>
      <th>Chest/Bust (cm/in)</th>
      <th>Skirt Length (cm/in)</th>
      <th>Pant/Short or - (cm/in)</th>
      <th>Hip (cm/in)</th>
      <th>Waist (cm/in)</th>
      <th>Garment Length (cm/in)</th>
    </tr>
  </thead>
  <tbody>
<tr>
<td>Child 3 Years</td>
<td>3</td>
<td>14-16 kg / 31-35 lbs</td>
<td>95-105 cm / 37-41 in</td>
<td>69 cm / 27.2 in</td>
<td>68 cm / 26.8 in</td>
<td>-</td>
<td>73 cm / 28.7 in</td>
<td>69 cm / 27.2 in</td>
<td>68 cm / 26.8 in</td>
</tr>
<tr>
<td>Child 4 Years</td>
<td>4</td>
<td>16-19 kg / 35-42 lbs</td>
<td>105-115 cm / 41-45 in</td>
<td>72 cm / 28.3 in</td>
<td>73 cm / 28.7 in</td>
<td>-</td>
<td>76 cm / 29.9 in</td>
<td>72 cm / 28.3 in</td>
<td>73 cm / 28.7 in</td>
</tr>
<tr>
<td>Child 5 Years</td>
<td>5</td>
<td>19-22 kg / 42-49 lbs</td>
<td>115-125 cm / 45-49 in</td>
<td>75 cm / 29.5 in</td>
<td>78 cm / 30.7 in</td>
<td>-</td>
<td>79 cm / 31.1 in</td>
<td>75 cm / 29.5 in</td>
<td>78 cm / 30.7 in</td>
</tr>
<tr>
<td>Child 6-7 Years</td>
<td>6-7</td>
<td>22-27 kg / 49-60 lbs</td>
<td>125-135 cm / 49-53 in</td>
<td>78 cm / 30.7 in</td>
<td>83 cm / 32.7 in</td>
<td>-</td>
<td>82 cm / 32.3 in</td>
<td>78 cm / 30.7 in</td>
<td>83 cm / 32.7 in</td>
</tr>
<tr>
<td>Child 8 Years</td>
<td>8</td>
<td>27-32 kg / 60-71 lbs</td>
<td>135-145 cm / 53-57 in</td>
<td>81 cm / 31.9 in</td>
<td>88 cm / 34.6 in</td>
<td>-</td>
<td>85 cm / 33.5 in</td>
<td>81 cm / 31.9 in</td>
<td>88 cm / 34.6 in</td>
</tr>
<tr>
<td>Child 9-10 Years</td>
<td>9-10</td>
<td>32-38 kg / 71-84 lbs</td>
<td>145-155 cm / 57-61 in</td>
<td>84 cm / 33.1 in</td>
<td>93 cm / 36.6 in</td>
<td>-</td>
<td>88 cm / 34.6 in</td>
<td>84 cm / 33.1 in</td>
<td>93 cm / 36.6 in</td>
</tr>
<tr>
<td>Child 12 Years</td>
<td>11-12</td>
<td>38-46 kg / 84-101 lbs</td>
<td>155-165 cm / 61-65 in</td>
<td>87 cm / 34.3 in</td>
<td>97 cm / 38.2 in</td>
<td>-</td>
<td>91 cm / 35.8 in</td>
<td>87 cm / 34.3 in</td>
<td>97 cm / 38.2 in</td>
</tr>
<tr>
<td>Mother M</td>
<td></td>
<td>52-60 kg / 115-132 lbs</td>
<td>160-165 cm / 63-65 in</td>
<td>90 cm / 35.4 in</td>
<td>102 cm / 40.2 in</td>
<td>-</td>
<td>96 cm / 37.8 in</td>
<td>88 cm / 34.6 in</td>
<td>102 cm / 40.2 in</td>
</tr>
<tr>
<td>Mother L</td>
<td></td>
<td>60-68 kg / 132-150 lbs</td>
<td>165-170 cm / 65-67 in</td>
<td>94 cm / 37.0 in</td>
<td>104 cm / 40.9 in</td>
<td>-</td>
<td>100 cm / 39.4 in</td>
<td>92 cm / 36.2 in</td>
<td>104 cm / 40.9 in</td>
</tr>
  </tbody>
</table>

<p>The Pastel Bloom Mommy and Me Dresses were built for the kind of days that deserve a little extra softness. The watercolor floral print feels light and airy against the seaside backdrop, while the sleeveless cut and gathered waist keep the silhouette relaxed, easy, and twirl-friendly for both mom and mini.</p>

<p>From beach photos to garden parties, this matching sundress set is all about effortless charm. The tie-front neckline adds a sweet detail up top, and the flowy skirt keeps every step breezy, making it an easy choice for warm-weather family moments that you want to remember.</p>

<h3>Key Features:</h3>
<ul>
<li>
<strong>Watercolor floral print:</strong> Soft pastel blooms and greenery create a dreamy summer look.</li>
<li>
<strong>Breezy sleeveless fit:</strong> Lightweight woven construction keeps the silhouette easy and warm-weather friendly.</li>
<li>
<strong>Tie-front detail:</strong> A sweet neckline accent adds polish without making the dress feel fussy.</li>
<li>
<strong>Flowy gathered skirt:</strong> The full skirt moves beautifully for beach walks, vacations, and photos.</li>
<li>
<strong>Mom and mini matching:</strong> Coordinated mother-and-daughter styling makes family dressing feel effortless.</li>
</ul>

<p>Add your sizes and bring home a matching sundress set that feels ready for every sunny family plan.</p>",dresslikemommy.com,Apparel & Accessories > Clothing > Dresses,Matching Family Dresses,"Beach, Bloom, Child 11-12yr, Child 2-3yr, Child 4-5yr, Child 6-8yr, Child 9-10yr, Dresses, Floral, Garden, Girl Dress, Green, https://detail.1688.com/offer/895442481104.html?, Matching Family Dress, Matching Family Dresses, Midi Dress, Midi Dresses, Mom Size L, Mom Size M, Mommy and Me, Mother Dress, Pastel, Pink, Resort, Sleeveless Dress, Summer, Sundress, Vacation, Watercolor, White, Wildflower, Yellow",TRUE,Size,Mother L,,Color,Pastel Bloom,,,,,DLM-PBLM-MOM-L-PASTEL,0,shopify,deny,manual,34.99,40.99,TRUE,TRUE,,,,,,,,,,Pastel Bloom Matching Sundress | Dress Like Mommy,Lightweight woven floral mommy-and-me sundresses for mom + daughter. Sizes 3Y-12Y and Mom M-L with an airy sleeveless resort fit.,,female,adult,,new,FALSE,Mommy and Me,Pastel Bloom,Summer,Sleeveless Sundress,Two-Role Matching,Mommy and Me,Watercolor Floral,Resort Sundress,Dresses,Summer Dresses,Dress,false,"Kids, Adults",,"Floral, Multicolor","Beach outings, family vacations",A-line,Polyester,Round,"Child 3 Years, Child 4 Years, Child 5 Years, Child 6-7 Years, Child 8 Years, Child 9-10 Years, Child 12 Years, Mother M, Mother L",Midi,Sleeveless,,,,,,,,,active
