Keyword	Type
sewing pattern	Phrase
sewing patterns	Phrase
dress pattern	Phrase
outfit pattern	Phrase
free pattern	Phrase
pattern download	Phrase
pdf pattern	Phrase
simplicity pattern	Phrase
mccalls pattern	Phrase
butterick pattern	Phrase
how to sew	Phrase
how to make	Phrase
diy matching outfits	Phrase
diy mommy and me	Phrase
tutorial sewing	Phrase
crochet pattern	Phrase
crochet matching	Phrase
knitting pattern	Phrase
knit matching	Phrase
fabric for	Phrase
fabric store	Phrase
fabric wholesale	Phrase
embroidery pattern	Phrase
embroidery design	Phrase
quilt pattern	Phrase
quilting	Phrase
stitch pattern	Phrase
handmade tutorial	Phrase
craft tutorial	Phrase
craft project	Phrase
sewing	Exact
crochet	Exact
knitting	Exact
embroidery	Exact
patpat	Exact
shein	Exact
temu	Exact
amazon	Exact
old navy matching	Phrase
old navy mommy and me	Phrase
zara	Exact
hanna andersson	Phrase
carters	Exact
carter's matching	Phrase
primary	Exact
primary clothing	Phrase
gymboree	Exact
janie	Exact
janie and jack	Phrase
gap matching	Phrase
gap	Exact
the children's place	Phrase
boden	Exact
mini boden	Phrase
target	Exact
target matching	Phrase
walmart	Exact
walmart matching	Phrase
nordstrom	Exact
macys	Exact
kohls	Exact
aliexpress	Exact
alibaba	Exact
1688	Exact
wish	Exact
romwe	Exact
zaful	Exact
dog matching	Phrase
pet matching	Phrase
pet outfit	Phrase
dog outfit	Phrase
cat outfit	Phrase
matching pet	Phrase
dog and owner	Phrase
pet and owner matching	Phrase
costume	Exact
costumes	Exact
halloween costume	Phrase
halloween matching	Phrase
cosplay	Exact
doll clothes	Phrase
doll outfit	Phrase
doll dress	Phrase
barbie	Exact
american girl	Phrase
american girl doll	Phrase
outfit ideas only	Phrase
inspiration board	Phrase
pinterest	Exact
mood board	Phrase
matching tattoo	Phrase
matching jewelry	Phrase
matching shoes	Phrase
matching shoes only	Phrase
matching rings	Phrase
matching necklace	Phrase
matching bracelet	Phrase
matching watch	Phrase
matching bag	Phrase
matching purse	Phrase
matching hat only	Phrase
matching socks only	Phrase
matching underwear	Phrase
matching pajamas baby doll	Phrase
wedding matching	Phrase
bridesmaid matching	Phrase
bridesmaid	Exact
prom matching	Phrase
prom	Exact
formal wear	Phrase
formal gown	Phrase
evening gown	Phrase
ball gown	Phrase
maternity hospital	Phrase
hospital gown	Phrase
graduation matching	Phrase
uniform matching	Phrase
what is mommy and me	Phrase
what are matching outfits	Phrase
meaning of	Phrase
definition of	Phrase
history of matching	Phrase
outfit ideas	Phrase
outfit inspiration	Phrase
matching ideas	Phrase
style ideas	Phrase
blog	Exact
article	Exact
review	Exact
reviews	Exact
reddit	Exact
forum	Exact
quora	Exact
youtube	Exact
how to style	Phrase
how to match	Phrase
how to coordinate	Phrase
tips	Exact
fashion tips	Phrase
style tips	Phrase
instagram outfit	Phrase
tiktok outfit	Phrase
tiktok trend	Phrase
instagram matching	Phrase
photoshoot ideas	Phrase
photoshoot tips	Phrase
photo ideas	Phrase
picture ideas	Phrase
celebrity matching	Phrase
celebrity mommy	Phrase
wholesale	Exact
wholesale matching	Phrase
wholesale mommy and me	Phrase
supplier	Exact
manufacturer	Exact
dropship	Exact
dropshipping	Exact
drop ship	Phrase
bulk order	Phrase
bulk buy	Phrase
bulk matching	Phrase
white label	Phrase
private label	Phrase
resell matching	Phrase
reseller	Exact
wholesale clothing	Phrase
wholesale dresses	Phrase
vendor	Exact
clothing vendor	Phrase
clothing supplier	Phrase
distributor	Exact
free	Exact
free matching	Phrase
free outfits	Phrase
free clothes	Phrase
free shipping only	Phrase
second hand	Phrase
second hand matching	Phrase
used	Exact
used matching	Phrase
thrift	Exact
thrift store	Phrase
thrift matching	Phrase
goodwill	Exact
consignment	Exact
consignment matching	Phrase
cheap	Exact
cheapest matching	Phrase
under $5	Phrase
under $10	Phrase
dollar store	Phrase
clearance only	Phrase
free sample	Phrase
giveaway	Exact
clothing swap	Phrase
donation	Exact
near me	Phrase
near by	Phrase
nearby	Exact
in store	Phrase
in-store pickup	Phrase
same day delivery	Phrase
same day pickup	Phrase
local store	Phrase
local shop	Phrase
stores near	Phrase
shops near	Phrase
store locator	Phrase
pickup	Exact
curbside pickup	Phrase
walk in	Phrase
shoes only	Phrase
matching sneakers	Phrase
jewelry only	Phrase
accessories only	Phrase
matching hats only	Phrase
matching socks	Phrase
matching backpack	Phrase
matching luggage	Phrase
matching phone case	Phrase
matching face mask	Phrase
matching apron	Phrase
matching pajamas silk	Phrase
matching robe	Phrase
matching onesie adult	Phrase
christmas sweater ugly	Phrase
ugly sweater	Phrase
matching underwear set	Phrase
sexy matching	Phrase
lingerie matching	Phrase
boudoir matching	Phrase
adult costume	Phrase
sexy costume	Phrase
clubwear matching	Phrase
fashion designer job	Phrase
clothing designer job	Phrase
fashion internship	Phrase
retail job	Phrase
modeling job	Phrase
clothing brand job	Phrase
hiring	Exact
careers	Exact
work from home	Phrase
return policy	Phrase
refund policy	Phrase
complaint	Phrase
scam	Phrase
is it legit	Phrase
legit or not	Phrase
trust pilot	Phrase
trustpilot	Exact
bbb complaint	Phrase
better business bureau	Phrase
