revenue_rank,product_id,handle,title,vendor,product_type,custom_category1,custom_subcategory,custom_type,custom_style,custom_pattern,total_inventory,discounted_revenue,units,order_count,currency_codes,shopify_gender_present,shopify_age_group_present,shopify_size_present,shopify_color_present,missing_attributes,unresolved_attributes,fully_high_confidence_fill_candidate,candidate_gender,candidate_gender_confidence,candidate_gender_source,candidate_age_group,candidate_age_group_confidence,candidate_age_group_source,candidate_size,candidate_size_confidence,candidate_size_source,candidate_color,candidate_color_confidence,candidate_color_source,collections,option_summary,tags,online_store_url
3,548423041054,mommy-and-me-matching-floral-long-sleeve-maxi-dresses-with-pockets,Matching Floral Long-Sleeve Maxi Dresses with Pockets | DLM,dresslikemommy.com,Dresses,Mommy and Me,Dresses,Dresses,Maxi Dresses,Floral,166317,482.52,21,8,USD,true,true,false,true,size,,true,female,high,title|collections|tags:female_context,toddler|kids|adult,high,size_values:option:Size,Child 1-2 Years|Child 2-3 Years|Child 3-4 Years|Child 4-5 Years|Child 5-6 Years|Child 6-7 Years|Child 7-8 Years|Child 8-9 Years|Child 9-10 Years|Mother S|Mother M|Mother L|Mother XL|Mother 2XL|Mother 3XL,high,option:Size,Pink|Blue|Green|Black|White,high,option:Color,dresses | maxi-dresses | matching-outfits | new-arrivals | new-matching-outfits | best-sellers | popular-mommy-me-1 | fall-winter | mommy-and-me | mother-daughter-matching-dresses,"Size: Child 1-2 Years, Child 2-3 Years, Child 3-4 Years, Child 4-5 Years, Child 5-6 Years, Child 6-7 Years, Child 7-8 Years, Child 8-9 Years, Child 9-10 Years, Mother S, Mother M, Mother L | Color: Pink, Blue, Green, Black, White",Black | Blue | Bohemian | Child 1-2yr | Child 3-4yr | Child 5-6yr | Child 7-8yr | Child 9-10yr | Fall | Floral | Green | https://detail.1688.com/offer/635387072709.html | Long Sleeve | Maxi Dresses | Mommy and Me | Mother 2XL | Mother 3XL | Mother L | Mother M | Mother S,https://www.dresslikemommy.com/products/mommy-and-me-matching-floral-long-sleeve-maxi-dresses-with-pockets
4,6675120848993,vintage-matching-flannel-princess-pjs,Mother-Daughter Matching Cozy Winter Nightgown – Warm Fleece Pajama Dress with Pom-Pom Detail,dresslikemommy.com,Pajamas,Mommy and Me,Pajamas,Pajamas,Nightgowns,Solid,7925,437.89,15,7,USD,true,true,false,true,size,,true,female,high,title|collections|tags:female_context,toddler|kids|adult,high,size_values:option:Size:,Child 3-4 years|Child 5-6 years|Child 7-8 years|Child 9-10 years|Child 11-12 years|Child 13-14 years|Mother M|Mother L|Mother 2XL,high,option:Size:,Pink|White,high,option:Color:,pajamas | matching-outfits | new-arrivals | new-matching-outfits | best-sellers | popular-mommy-me-1 | fall-winter | mommy-and-me,"Size:: Child 3-4 years, Child 5-6 years, Child 7-8 years, Child 9-10 years, Child 11-12 years, Child 13-14 years, Mother M, Mother L, Mother 2XL | Color:: Pink, White",Autumn | Child 1-2yr | Child 3-4yr | Child 5-6yr | Child 7-8yr | Child 9-10yr | Cotton | Fall | Flannel | https://detail.1688.com/offer/579050003765.html | Mommy and Me | Mother L | Mother M | Pajamas | Pink | White | Winter,
6,7000997134433,family-matching-hawaiian-shirt-and-floral-dress,Family Matching Hawaiian Shirt and Floral Dress,https://detail.1688.com/offer/725197019073.html,Family Matching,Family Matching,Family Sets,Tops,Shirts,Floral,20986,353.64,14,3,USD,false,false,false,false,gender|age_group|size|color,,false,unisex,high,title|collections|tags:unisex_context,toddler|kids|adult,high,size_values:option:Size,Father L|Father XL|Father XXL|Father 3XL|Boy 2T|Boy 4T|Boy 6T|Boy 8T|Boy 10T|Boy 12T|Mother S|Mother M|Mother L|Mother XL|Mother 2XL|Girl 1-2T|Girl 3-4T|Girl 5-6T|Girl 7-8T|Girl 9-10T|Girl 11-12T,high,option:Size,White|Blue|Green|Floral,medium,tags|title|custom_pattern,matching-outfits | new-arrivals | new-women-outfits | best-sellers | popular-family-matching | family-sets | matching-family-vacation-outfits | matching-hawaiian-outfits,"Type: T-Shirt, Dress | Size: Father L, Father XL, Father XXL, Father 3XL, Boy 2T, Boy 4T, Boy 6T, Boy 8T, Boy 10T, Boy 12T, Mother S, Mother M",Beach | Blue | Child 1-2yr | Child 3-4yr | Child 5-6yr | Child 7-8yr | Child 9-10yr | Cotton | Cruise | Family Matching | Father 2XL | Father 3XL | Father XL | Green | hawaiian | Mother L | Mother M | Mother S | Mother XL | Sets,https://www.dresslikemommy.com/products/family-matching-hawaiian-shirt-and-floral-dress
9,6979350528097,family-matching-floral-dress-set-mother-daughter-matching-outfits,Family Matching Floral Dress Set - Mother Daughter Matching Outfits,https://detail.1688.com/offer/655312553268.html,Family Matching,Family Matching,Family Sets,Sets,Matching Sets,Floral,45977,277.86,14,4,USD,true,true,false,true,size,,true,unisex,high,title|collections|tags:unisex_context,infant|toddler|kids|adult,high,size_values:option:Size,Father XL|Father XXL|Father M|Father L|Mother S|Mother M|Mother L|Mother XL|Mother XXL|Baby Girl 3 (3-6M)|Baby Girl 6 (6-9M)|Baby Girl 9 (9-12M)|Baby Girl 12 (12-18M)|Girl XS (2-3Y)|Girl S (3-4Y)|Girl M (4-5Y)|Girl L (6-7Y)|Girl XL (8-9Y)|Baby Boy 3 (3-6M)|Baby Boy 6 (6-9M)|Baby Boy 9 (9-12M)|Baby Boy 12 (12-18M)|Boy XS (2-3Y)|Boy S (3-4Y)|Boy M (4-5Y)|Boy L (6-7Y)|Boy XL (8-9Y),high,option:Size,White|Blue,high,option:Color,matching-outfits | new-arrivals | new-women-outfits | best-sellers | popular-family-matching | family-sets,"Color: White, Blue | Size: Father XL, Father XXL, Father M, Father L, Mother S, Mother M, Mother L, Mother XL, Mother XXL, Baby Girl 3 (3-6M), Baby Girl 6 (6-9M), Baby Girl 9 (9-12M)",Baby 12M | Baby 18M | Baby 6M | Blue | Child 1-2yr | Child 3-4yr | Child 5-6yr | Child 7-8yr | Child 9-10yr | Family Matching | Father 2XL | Father L | Father M | Father XL | Mother 2XL | Mother L | Mother M | Mother S | Mother XL | Sets,
12,6718948147297,matching-mom-child-one-shoulder-swimsuit,Matching Mom & Child One Shoulder Swimsuit,https://detail.1688.com/offer/663941262939.html,Swimwear,Mommy and Me,Swimsuits,Swimwear,Swimsuits,Solid,199828,235.87,11,5,USD,true,true,false,true,size,,true,female,high,title|collections|tags:female_context,toddler|kids|adult,high,size_values:option:Size,Child 2-3 years|Child 4-5 years|Child 5-6 years|Child 6-8 years|Child 8-10 years|Child 10-12 years|Mother S|Mother M|Mother L|Mother XL,high,option:Size,Yellow|Pink|Green|Blue,high,option:Color,swimsuits | new-matching-outfits | popular-mommy-me-1 | mommy-and-me | matching-family-vacation-outfits,"Size: Child 2-3 years, Child 4-5 years, Child 5-6 years, Child 6-8 years, Child 8-10 years, Child 10-12 years, Mother S, Mother M, Mother L, Mother XL | Color: Yellow, Pink, Green, Blue",Beach | Blue | Child 1-2yr | Child 11-12yr | Child 3-4yr | Child 5-6yr | Child 7-8yr | Child 9-10yr | Cruise | Green | Mommy and Me | Mother L | Mother M | Mother S | Mother XL | Nylon | Pink | Spandex | Spring | Summer,https://www.dresslikemommy.com/products/matching-mom-child-one-shoulder-swimsuit
13,7001877119073,tropical-vibes-matching-family-hawaiian-shirt-and-floral-dress,Tropical Vibes: Hawaiian Shirt and Floral Dress | DLM,https://detail.1688.com/offer/725095791359.html,Family Matching,Family Matching,Family Sets,Tops,Shirts,Floral,20992,210.77,8,2,USD,false,false,false,false,gender|age_group|size|color,,false,unisex,high,title|collections|tags:unisex_context,toddler|kids|adult,high,size_values:option:Size,Father L|Father XL|Father XXL|Father 3XL|Boy 2T|Boy 4T|Boy 6T|Boy 8T|Boy 10T|Boy 12T|Mother S|Mother M|Mother L|Mother XL|Mother 2XL|Girl 1-2T|Girl 3-4T|Girl 5-6T|Girl 7-8T|Girl 9-10T|Girl 11-12T,high,option:Size,Blue|Floral,medium,tags|title|custom_pattern,matching-outfits | new-arrivals | new-women-outfits | best-sellers | popular-family-matching | family-sets | matching-family-vacation-outfits | matching-hawaiian-outfits,"Type: T-Shirt, Dress | Size: Father L, Father XL, Father XXL, Father 3XL, Boy 2T, Boy 4T, Boy 6T, Boy 8T, Boy 10T, Boy 12T, Mother S, Mother M",Beach | Blue | Child 1-2yr | Child 3-4yr | Child 5-6yr | Child 7-8yr | Child 9-10yr | Cotton | Cruise | Family Matching | Father 2XL | Father 3XL | Father XL | hawaiian | Mother L | Mother M | Mother S | Mother XL | Sets | Spring,https://www.dresslikemommy.com/products/tropical-vibes-matching-family-hawaiian-shirt-and-floral-dress
15,7001898975329,family-matching-shirt-and-dress-set-yellow-floral-for-a-springtime-look,Shirt and Dress Set: Yellow Floral for a Springtime... | DLM,Dress Like Mommy,Family Matching,Family Matching,Family Sets,Tops,Shirts,Floral,20986,207.69,10,3,USD,false,true,false,false,gender|size|color,,false,unisex,high,title|collections|tags:unisex_context,toddler|kids|adult,high,size_values:option:Size,Father L|Father XL|Father XXL|Father 3XL|Boy 2T|Boy 4T|Boy 6T|Boy 8T|Boy 10T|Boy 12T|Mother S|Mother M|Mother L|Mother XL|Mother 2XL|Girl 1-2T|Girl 3-4T|Girl 5-6T|Girl 7-8T|Girl 9-10T|Girl 11-12T,high,option:Size,Yellow|Gray|Floral,medium,tags|title|custom_pattern,matching-outfits | new-arrivals | new-women-outfits | best-sellers | popular-family-matching | family-sets | matching-family-vacation-outfits,"Type: T-Shirt, Dress | Size: Father L, Father XL, Father XXL, Father 3XL, Boy 2T, Boy 4T, Boy 6T, Boy 8T, Boy 10T, Boy 12T, Mother S, Mother M",Beach | Child 1-2yr | Child 3-4yr | Child 5-6yr | Child 7-8yr | Child 9-10yr | Cotton | Cruise | Family Matching | Father 2XL | Father 3XL | Father XL | Floral | Gray | Mother L | Mother M | Mother S | Mother XL | Sets | Spring,https://www.dresslikemommy.com/products/family-matching-shirt-and-dress-set-yellow-floral-for-a-springtime-look
16,7001404178529,family-matching-outfits-summer-boho-chic-dress-and-shirt,Family Matching Outfits: Summer Boho Chic Dress and Shirt,Dress Like Mommy,Family Matching,Family Matching,Family Sets,Sets,Matching Sets,Floral,20992,198.92,8,3,USD,false,false,false,false,gender|age_group|size|color,,false,unisex,high,title|collections|tags:unisex_context,toddler|kids|adult,high,size_values:option:Size,Father L|Father XL|Father XXL|Father 3XL|Boy 2T|Boy 4T|Boy 6T|Boy 8T|Boy 10T|Boy 12T|Mother S|Mother M|Mother L|Mother XL|Mother 2XL|Girl 1-2T|Girl 3-4T|Girl 5-6T|Girl 7-8T|Girl 9-10T|Girl 11-12T,high,option:Size,White|Blue|Floral,medium,tags|title|custom_pattern,matching-outfits | new-arrivals | new-women-outfits | best-sellers | popular-family-matching | family-sets | matching-family-vacation-outfits,"Type: T-Shirt, Dress | Size: Father L, Father XL, Father XXL, Father 3XL, Boy 2T, Boy 4T, Boy 6T, Boy 8T, Boy 10T, Boy 12T, Mother S, Mother M",Beach | Blue | Child 1-2yr | Child 3-4yr | Child 5-6yr | Child 7-8yr | Child 9-10yr | Cotton | Cruise | Family Matching | Father 2XL | Father 3XL | Father XL | Mother L | Mother M | Mother S | Mother XL | Sets | Spring | Summer,https://www.dresslikemommy.com/products/family-matching-outfits-summer-boho-chic-dress-and-shirt
17,6719192399969,family-matching-polka-dots-swimsuits,Family Matching Polka Dots Swimsuits,https://detail.1688.com/offer/587003652936.html,Family Matching,Family Matching,Family Swimsuits,Swimwear,Swimsuits,Polka Dot,179322,194.90,10,3,USD,false,false,false,false,gender|age_group|size|color,,false,unisex,high,title|collections|tags:unisex_context,toddler|kids|adult,high,size_values:option:Size,Girl 2-3T|Girl 4-5T|Girl 5-6T|Girl 7-8T|Girl 9-10T|Girl 11-12T|Boy 2-3T|Boy 4-5T|Boy 5-6T|Boy 7-8T|Boy 9-10T|Boy 11-12T|Mother S|Mother M|Mother L|Mother XL|Father M|Father L|Father XL|Father XXL,high,option:Size,Black|Red|Green|Yellow|Multicolor|Polka Dot,medium,tags|title|custom_pattern,matching-outfits | new-arrivals | new-women-outfits | best-sellers | popular-family-matching | family-swimsuits | matching-family-vacation-outfits,"Style: 1, 2, 3 | Size: Girl 2-3T, Girl 4-5T, Girl 5-6T, Girl 7-8T, Girl 9-10T, Girl 11-12T, Boy 2-3T, Boy 4-5T, Boy 5-6T, Boy 7-8T, Boy 9-10T, Boy 11-12T",Beach | Black | Child 1-2yr | Child 10-12yr | Child 11-12yr | Child 3-4yr | Child 5-6yr | Child 7-8yr | Child 9-10yr | Cruise | Family Matching | Father 2XL | Father L | Father M | Father XL | Green | Mother L | Mother M | Mother S | Mother XL,https://www.dresslikemommy.com/products/family-matching-polka-dots-swimsuits
20,7108104061025,chic-family-matching-sleeveless-dresses-ruffled-hem-mother-daughter-summer-outfit,Matching Sequin Lace Tulle Dresses with Crisscross ... | DLM,https://detail.1688.com/offer/602107180663.html,Sets,Mommy and Me,Dresses,Sets,Matching Sets,Solid,4784,160.50,6,3,USD,true,true,false,true,size,,true,female,high,title|collections|tags:female_context,toddler|kids|adult,high,size_values:option:Size,Mother S|Mother M|Mother L|Child 2 Years|Child 3-4 Years|Child 5-6 Years|Child 7-8 Years|Child 9-10 Years,high,option:Size,Beige,high,option:Color,dresses | maxi-dresses | new-matching-outfits | popular-mommy-me-1 | formal-dresses | mommy-and-me | mother-daughter-matching-dresses,"Size: Mother S, Mother M, Mother L, Child 2 Years, Child 3-4 Years, Child 5-6 Years, Child 7-8 Years, Child 9-10 Years | Color: Beige",Beige | Child 1-2yr | Child 3-4yr | Child 5-6yr | Child 7-8yr | Child 9-10yr | Dresses | Formal Dresses | Maxi Dresses | Mommy and Me | Mother L | Mother M | Mother S | Mother XS,https://www.dresslikemommy.com/products/chic-family-matching-sleeveless-dresses-ruffled-hem-mother-daughter-summer-outfit
23,7001270583393,family-matching-outfits-the-perfect-way-to-show-your-aloha-spirit,Outfits: The Perfect Way to Show Your Aloha Spirit | DLM,dresslikemommy.com,Family Matching,Family Matching,Family Sets,Sets,Matching Sets,Floral,23371,134.95,5,1,USD,false,false,false,false,gender|age_group|size|color,,false,unisex,high,title|collections|tags:unisex_context,toddler|kids|adult,high,size_values:option:Size,Father L|Father XL|Father XXL|Father 3XL|Boy 2T|Boy 4T|Boy 6T|Boy 8T|Boy 10T|Boy 12T|Mother S|Mother M|Mother L|Mother XL|Mother 2XL|Girl 1-2T|Girl 3-4T|Girl 5-6T|Girl 7-8T|Girl 9-10T|Girl 11-12T,high,option:Size,Black|White|Floral,medium,tags|title|custom_pattern,matching-outfits | new-arrivals | new-women-outfits | best-sellers | popular-family-matching | family-sets | matching-family-vacation-outfits | matching-hawaiian-outfits,"Type: T-Shirt, Dress | Size: Father L, Father XL, Father XXL, Father 3XL, Boy 2T, Boy 4T, Boy 6T, Boy 8T, Boy 10T, Boy 12T, Mother S, Mother M",Beach | Black | Child 1-2yr | Child 3-4yr | Child 5-6yr | Child 7-8yr | Child 9-10yr | Cotton | Cruise | Family Matching | Father 2XL | Father 3XL | Father XL | hawaiian | https://detail.1688.com/offer/566608997671.html | Mother L | Mother M | Mother S | Mother XL | Sets,https://www.dresslikemommy.com/products/family-matching-outfits-the-perfect-way-to-show-your-aloha-spirit
24,6718945034337,mom-child-matching-two-piece-swimsuit,Mom & Child Matching Two Piece Swimsuit,https://detail.1688.com/offer/663168032389.html,Swimwear,Mommy and Me,Swimsuits,Swimwear,Bikini Sets,Solid,20364,126.88,6,2,USD,true,true,false,true,size,,true,female,high,title|collections|tags:female_context,toddler|kids|adult,high,size_values:option:Size,Child 2-3 years|Child 4-5 years|Child 5-6 years|Child 6-8 years|Child 8-10 years|Child 10-12 years|Mother S|Mother M|Mother L|Mother XL,high,option:Size,Black|Green,high,option:Color,swimsuits | new-matching-outfits | popular-mommy-me-1 | mommy-and-me | matching-family-vacation-outfits,"Size: Child 2-3 years, Child 4-5 years, Child 5-6 years, Child 6-8 years, Child 8-10 years, Child 10-12 years, Mother S, Mother M, Mother L, Mother XL | Color: Black, Green",Beach | Black | Blue | Child 1-2yr | Child 11-12yr | Child 3-4yr | Child 5-6yr | Child 7-8yr | Child 9-10yr | Cruise | Green | Mommy and Me | Mother L | Mother M | Mother S | Mother XL | Nylon | Spandex | Spring | Summer,https://www.dresslikemommy.com/products/mom-child-matching-two-piece-swimsuit
28,7108998987873,tropical-one-shoulder-ruffle-swimsuit-for-women-and-girls-vibrant-floral-print-asymmetrical-design-family-matching-swimwear,Tropical One-Shoulder Ruffle Swimsuit for Women and... | DLM,dresslikemommy.com,Swimwear,Mommy and Me,Swimsuits,Swimwear,Swimsuits,Floral,9988,110.72,6,3,USD,true,true,false,true,size,,true,female,high,title|collections|tags:female_context,toddler|kids|adult,high,size_values:option:Size,Mother S|Mother M|Mother L|Mother XL|Child 2-3 years|Child 3-4 years|Child 4-5 years|Child 6-8 years|Child 8-10 years|Child 10-12 years,high,option:Size,Multicolor,high,option:Color,swimsuits | new-matching-outfits | popular-mommy-me-1 | mommy-and-me | matching-family-vacation-outfits | matching-hawaiian-outfits,"Size: Mother S, Mother M, Mother L, Mother XL, Child 2-3 years, Child 3-4 years, Child 4-5 years, Child 6-8 years, Child 8-10 years, Child 10-12 years | Color: Multi-Color",Beach | Child 1-2yr | Child 11-12yr | Child 3-4yr | Child 5-6yr | Child 7-8yr | Child 9-10yr | Cruise | Floral | hawaiian | Mommy and Me | Mother L | Mother M | Mother S | Mother XL | Multi Color | Nylon | Spandex | Spring | Summer,https://www.dresslikemommy.com/products/tropical-one-shoulder-ruffle-swimsuit-for-women-and-girls-vibrant-floral-print-asymmetrical-design-family-matching-swimwear
30,7227374534753,matching-mommy-me-tiered-smocked-dresses-elegant-puff-sleeve-dress-set,Matching Mommy & Me Tiered Smocked Dresses – Elegant Puff Sleeve Dress Set,dresslikemommy.com,Dresses,Mommy and Me,Dresses,Dresses,Maxi Dresses,Gingham,120232,106.96,4,2,USD,true,true,false,true,size,,true,female,high,title|collections|tags:female_context,kids|adult,high,size_values:option:Size,Mother S|Mother M|Mother L|Mother XL|Child 7-8 Years|Child 9-10 Years|Child 11-12 Years,high,option:Size,Blue|Pink|Red,high,option:Color,dresses | maxi-dresses | matching-outfits | new-arrivals | new-matching-outfits | best-sellers | popular-mommy-me-1 | mommy-and-me | mother-daughter-matching-dresses,"Size: Mother S, Mother M, Mother L, Mother XL, Child 7-8 Years, Child 9-10 Years, Child 11-12 Years | Color: Blue, Pink, Red",Blue | Child 11-12yr | Child 7-8yr | Child 9-10yr | Dresses | https://detail.1688.com/offer/829951466331.html | Maxi Dresses | Mommy and Me | Mother L | Mother M | Mother S | Mother XL | Pink | Red,
31,7001880166497,boho-chic-family-matching-outfit-flowy-skirts-and-paisley-shirts,Boho Chic Outfit - Flowy Skirts and Paisley Shirts | DLM,https://detail.1688.com/offer/724617565412.html,Family Matching,Family Matching,Family Sets,Sets,Matching Sets,Solid,20992,105.58,4,1,USD,false,false,false,false,gender|age_group|size|color,,false,unisex,high,title|collections|tags:unisex_context,toddler|kids|adult,high,size_values:option:Size,Father L|Father XL|Father XXL|Father 3XL|Boy 2T|Boy 4T|Boy 6T|Boy 8T|Boy 10T|Boy 12T|Mother S|Mother M|Mother L|Mother XL|Mother 2XL|Girl 1-2T|Girl 3-4T|Girl 5-6T|Girl 7-8T|Girl 9-10T|Girl 11-12T,high,option:Size,Blue|Paisley,medium,tags|title|custom_pattern,matching-outfits | new-arrivals | new-women-outfits | best-sellers | popular-family-matching | family-sets | matching-family-vacation-outfits,"Type: T-Shirt, Dress | Size: Father L, Father XL, Father XXL, Father 3XL, Boy 2T, Boy 4T, Boy 6T, Boy 8T, Boy 10T, Boy 12T, Mother S, Mother M",Beach | Blue | Child 1-2yr | Child 3-4yr | Child 5-6yr | Child 7-8yr | Child 9-10yr | Cotton | Cruise | Family Matching | Father 2XL | Father 3XL | Father XL | Mother L | Mother M | Mother S | Mother XL | Sets | Spring | Summer,https://www.dresslikemommy.com/products/boho-chic-family-matching-outfit-flowy-skirts-and-paisley-shirts
33,7109122097249,chic-floral-ruffle-one-shoulder-swimsuit-for-women-and-girls-elegant-asymmetrical-swimwear-set-in-vibrant-tropics-print,Chic Floral Ruffle One-Shoulder Swimsuit for Women ... | DLM,dresslikemommy.com,Swimwear,Mommy and Me,Swimsuits,Swimwear,Swimsuits,Floral,99984,99.06,6,3,USD,false,false,false,false,gender|age_group|size|color,,true,female,high,title|collections|tags:female_context,toddler|kids|adult,high,size_values:option:Size,Mother S|Mother M|Mother L|Mother XL|Child 2-3 years|Child 4-5 years|Child 5-6 years|Child 6-8 years|Child 8-10 years|Child 10-12 years,high,option:Size,Pink,high,option:Color,swimsuits | new-matching-outfits | popular-mommy-me-1 | mommy-and-me | matching-family-vacation-outfits,"Size: Mother S, Mother M, Mother L, Mother XL, Child 2-3 years, Child 4-5 years, Child 5-6 years, Child 6-8 years, Child 8-10 years, Child 10-12 years | Color: Pink",Beach | Child 1-2yr | Child 11-12yr | Child 3-4yr | Child 5-6yr | Child 7-8yr | Child 9-10yr | Cruise | Mommy and Me | Mother L | Mother M | Mother S | Mother XL | Nylon | Pink | Spandex | Spring | Summer | Swimsuits,https://www.dresslikemommy.com/products/chic-floral-ruffle-one-shoulder-swimsuit-for-women-and-girls-elegant-asymmetrical-swimwear-set-in-vibrant-tropics-print
34,7110368919649,dynamic-duo-father-and-son-matching-swim-trunks-family-beachwear-set,"Dynamic Duo"" Father and Son Matching Swim Trunks - ... | DLM",dresslikemommy.com,Swimwear,Daddy and Me,Trunks,Swimwear,Swim Trunks,Solid,8945,97.20,6,3,USD,false,false,false,false,gender|age_group|size|color,,true,male,high,title|collections|tags:male_context,toddler|kids|adult,high,size_values:option:Size,Father M|Father L|Father XL|Father 2XL|Child 2-3 years|Child 4-5 years|Child 6-8 years|Child 8-10 years|Child 10-12 years,high,option:Size,Orange|Pink,high,option:Color,daddy-and-me | daddy-me | trunks,"Size: Father M, Father L, Father XL, Father 2XL, Child 2-3 years, Child 4-5 years, Child 6-8 years, Child 8-10 years, Child 10-12 years | Color: Orange, Pink",Black | Child 1-2yr | Child 11-12yr | Child 3-4yr | Child 5-6yr | Child 7-8yr | Child 9-10yr | Daddy and Me | Father 2XL | Father L | Father M | Father XL | Green | Orange | Pink | Shorts | Trunks | White,https://www.dresslikemommy.com/products/dynamic-duo-father-and-son-matching-swim-trunks-family-beachwear-set
35,7108009197665,mommy-and-me-matching-pink-tie-dye-pleated-maxi-dresses-with-adjustable-straps,Matching Pink Tie-Dye Pleated Maxi Dresses with Adj... | DLM,dresslikemommy.com,Dresses,Mommy and Me,Dresses,Dresses,Maxi Dresses,Tie-Dye,6467,96.24,4,2,USD,false,false,false,false,gender|age_group|size|color,,true,female,high,title|collections|tags:female_context,toddler|kids|adult,high,size_values:option:Size,Mother S|Mother M|Mother L|Child 2 Years|Child 3-4 Years|Child 5-6 Years|Child 7-8 Years|Child 9-10 Years|Child 11-12 Years,high,option:Size,Multicolor,high,option:Color,dresses | maxi-dresses | matching-outfits | new-arrivals | new-matching-outfits | best-sellers | popular-mommy-me-1 | mommy-and-me | mother-daughter-matching-dresses,"Size: Mother S, Mother M, Mother L, Child 2 Years, Child 3-4 Years, Child 5-6 Years, Child 7-8 Years, Child 9-10 Years, Child 11-12 Years | Color: Multi Color",Child 1-2yr | Child 11-12yr | Child 3-4yr | Child 5-6yr | Child 7-8yr | Child 9-10yr | Dresses | Maxi Dresses | Mommy and Me | Mother L | Mother M | Mother S | Multi Color | Red | White,https://www.dresslikemommy.com/products/mommy-and-me-matching-pink-tie-dye-pleated-maxi-dresses-with-adjustable-straps
36,7110363775073,father-and-son-matching-swim-trunks-elegant-blue-and-white-paisley-design-quick-dry-beachwear,Father and Son Matching Swim Trunks - Elegant Blue ... | DLM,dresslikemommy.com,Swimwear,Daddy and Me,Trunks,Swimwear,Swim Trunks,Solid,8992,95.43,6,3,USD,false,false,false,false,gender|age_group|size|color,,true,male,high,title|collections|tags:male_context,toddler|kids|adult,high,size_values:option:Size,Father M|Father L|Father XL|Father 2XL|Child 2-3 years|Child 4-5 years|Child 6-8 years|Child 8-10 years|Child 10-12 years,high,option:Size,Multicolor,high,option:Color,daddy-and-me | daddy-me | trunks,"Size: Father M, Father L, Father XL, Father 2XL, Child 2-3 years, Child 4-5 years, Child 6-8 years, Child 8-10 years, Child 10-12 years | Color: Photo Color",Child 1-2yr | Child 11-12yr | Child 3-4yr | Child 5-6yr | Child 7-8yr | Child 9-10yr | Daddy and Me | Father 2XL | Father L | Father M | Father XL | Shorts,https://www.dresslikemommy.com/products/father-and-son-matching-swim-trunks-elegant-blue-and-white-paisley-design-quick-dry-beachwear
38,7108071063649,elegant-black-ruffle-dress-chic-sleeveless-layered-dress-for-mother-and-daughter-perfect-for-parties-and-events,Elegant Black Ruffle Dress - Chic Sleeveless Layere... | DLM,dresslikemommy.com,Dresses,Mommy and Me,Dresses,Dresses,Mini Dresses,Solid,2771,91.96,4,2,USD,false,false,false,false,gender|age_group|size|color,,true,female,high,title|collections|tags:female_context,toddler|kids|adult,high,size_values:option:Size,Child 2 Years|Child 3-4 Years|Child 5-6 Years|Child 7-8 Years|Child 9-10 Years|Child 11-12 Years|Mother S|Mother M|Mother L|Mother XL,high,option:Size,Black,high,option:Color,dresses | mini-dresses | matching-outfits | new-arrivals | new-matching-outfits | best-sellers | popular-mommy-me-1 | mommy-and-me | mother-daughter-matching-dresses,"Size: Child 2 Years, Child 3-4 Years, Child 5-6 Years, Child 7-8 Years, Child 9-10 Years, Child 11-12 Years, Mother S, Mother M, Mother L, Mother XL | Color: Black",Black | Child 1-2yr | Child 3-4yr | Child 5-6yr | Child 7-8yr | Child 9-10yr | Dresses | https://detail.1688.com/offer/673523088459.html | Mini Dresses | Mommy and Me | Mother L | Mother M | Mother S | Mother XL,https://www.dresslikemommy.com/products/elegant-black-ruffle-dress-chic-sleeveless-layered-dress-for-mother-and-daughter-perfect-for-parties-and-events
40,6722792390753,mommy-me-striped-one-piece-swimsuit,Mommy & Me Striped One Piece Swimsuit,https://detail.1688.com/offer/652286449250.html,Swimwear,Mommy and Me,Swimsuits,Swimwear,One-Piece Swimsuits,Striped,10984,88.11,4,2,USD,false,false,false,false,gender|age_group|size|color,,true,female,high,title|collections|tags:female_context,toddler|kids|adult,high,size_values:option:Size,Child 2-3 years|Child 4-5 years|Child 5-6 years|Child 6-8 years|Child 8-10 years|Child 10-12 years|Mother S|Mother M|Mother L|Mother XL,high,option:Size,Orange,high,option:Color,swimsuits | new-matching-outfits | popular-mommy-me-1 | mommy-and-me | matching-family-vacation-outfits,"Size: Child 2-3 years, Child 4-5 years, Child 5-6 years, Child 6-8 years, Child 8-10 years, Child 10-12 years, Mother S, Mother M, Mother L, Mother XL | Color: Orange",Beach | Child 1-2yr | Child 11-12yr | Child 3-4yr | Child 5-6yr | Child 7-8yr | Child 9-10yr | Cruise | Mommy and Me | Mother L | Mother M | Mother S | Mother XL | Nylon | Orange | Spandex | Spring | Summer | Swimsuits,https://www.dresslikemommy.com/products/mommy-me-striped-one-piece-swimsuit
41,6719764463713,matching-mommy-and-me-hollow-out-bikini,Matching Mommy And Me Hollow Out Bikini,https://detail.1688.com/offer/692500677350.html,Swimwear,Mommy and Me,Swimsuits,Swimwear,Bikini Sets,Halloween,9982,87.18,4,2,USD,false,false,false,false,gender|age_group|size|color,,true,female,high,title|collections|tags:female_context,toddler|kids|adult,high,size_values:option:Size,Child 2-3 years|Child 4-5 years|Child 5-6 years|Child 6-8 years|Child 8-10 years|Child 10-12 years|Mother S|Mother M|Mother L|Mother XL,high,option:Size,Blue,high,option:Color,swimsuits | new-matching-outfits | popular-mommy-me-1 | mommy-and-me | matching-family-vacation-outfits,"Size: Child 2-3 years, Child 4-5 years, Child 5-6 years, Child 6-8 years, Child 8-10 years, Child 10-12 years, Mother S, Mother M, Mother L, Mother XL | Color: Blue",Beach | Black | Blue | Child 1-2yr | Child 11-12yr | Child 3-4yr | Child 5-6yr | Child 7-8yr | Child 9-10yr | Cruise | Mommy and Me | Mother L | Mother M | Mother S | Mother XL | Nylon | Spandex | Spring | Summer | Swimsuits,https://www.dresslikemommy.com/products/matching-mommy-and-me-hollow-out-bikini
42,6724293689441,matching-mother-child-ruffles-swimsuit,Matching Mother Child Ruffles Swimsuit,Dress Like Mommy,Swimwear,Mommy and Me,Swimsuits,Swimwear,Swimsuits,Solid,62958,85.96,4,2,USD,false,false,false,false,gender|age_group|size|color,,true,female,high,title|collections|tags:female_context,toddler|kids|adult,high,size_values:option:Size,Child 2-3 years|Child 4-5 years|Child 5-6 years|Child 6-8 years|Child 8-10 years|Child 10-12 years|Mother S|Mother M|Mother L|Mother XL,high,option:Size,Yellow|Black,high,option:Color,swimsuits | new-matching-outfits | popular-mommy-me-1 | mommy-and-me | matching-family-vacation-outfits,"Size: Child 2-3 years, Child 4-5 years, Child 5-6 years, Child 6-8 years, Child 8-10 years, Child 10-12 years, Mother S, Mother M, Mother L, Mother XL | Color: Yellow, Black",/offer/652052572840.html | Beach | Black | Child 1-2yr | Child 11-12yr | Child 3-4yr | Child 5-6yr | Child 7-8yr | Child 9-10yr | Cruise | Mommy and Me | Mother L | Mother M | Mother S | Mother XL | Nylon | offer/652241856661.html | Spandex | Spring | Summer,https://www.dresslikemommy.com/products/matching-mother-child-ruffles-swimsuit
44,7000878055521,family-matching-dress-and-t-shirt-set-summer-fun-for-the-whole-family,Dress and T-Shirt Set - Summer Fun for the Whole Fa... | DLM,https://detail.1688.com/offer/722909357443.html,Family Matching,Family Matching,Family Sets,Tops,T-Shirts,Floral,20997,81.86,3,1,USD,false,false,false,false,gender|age_group|size|color,,false,unisex,high,title|collections|tags:unisex_context,toddler|kids|adult,high,size_values:option:Size,Father L|Father XL|Father XXL|Father 3XL|Boy 2T|Boy 4T|Boy 6T|Boy 8T|Boy 10T|Boy 12T|Mother S|Mother M|Mother L|Mother XL|Mother 2XL|Girl 1-2T|Girl 3-4T|Girl 5-6T|Girl 7-8T|Girl 9-10T|Girl 11-12T,high,option:Size,Blue|Floral,medium,tags|title|custom_pattern,matching-outfits | new-arrivals | new-women-outfits | best-sellers | popular-family-matching | family-sets | matching-family-vacation-outfits,"Type: T-Shirt, Dress | Size: Father L, Father XL, Father XXL, Father 3XL, Boy 2T, Boy 4T, Boy 6T, Boy 8T, Boy 10T, Boy 12T, Mother S, Mother M",Beach | Blue | Child 1-2yr | Child 3-4yr | Child 5-6yr | Child 7-8yr | Child 9-10yr | Cotton | Cruise | Family Matching | Father 2XL | Father 3XL | Father XL | Mother L | Mother M | Mother S | Mother XL | Sets | Spring | Summer,https://www.dresslikemommy.com/products/family-matching-dress-and-t-shirt-set-summer-fun-for-the-whole-family
45,7001892683873,family-matching-floral-shirt-and-dress-a-charming-and-coordinated-look,Floral Shirt and Dress - A Charming and Coordinated... | DLM,https://detail.1688.com/offer/727026336272.html,Family Matching,Family Matching,Family Sets,Tops,Shirts,Floral,20997,80.91,3,1,USD,false,false,false,false,gender|age_group|size|color,,false,unisex,high,title|collections|tags:unisex_context,toddler|kids|adult,high,size_values:option:Size,Father L|Father XL|Father XXL|Father 3XL|Boy 2T|Boy 4T|Boy 6T|Boy 8T|Boy 10T|Boy 12T|Mother S|Mother M|Mother L|Mother XL|Mother 2XL|Girl 1-2T|Girl 3-4T|Girl 5-6T|Girl 7-8T|Girl 9-10T|Girl 11-12T,high,option:Size,Gray|Floral,medium,tags|title|custom_pattern,matching-outfits | new-arrivals | new-women-outfits | best-sellers | popular-family-matching | family-sets | matching-family-vacation-outfits,"Type: T-Shirt, Dress | Size: Father L, Father XL, Father XXL, Father 3XL, Boy 2T, Boy 4T, Boy 6T, Boy 8T, Boy 10T, Boy 12T, Mother S, Mother M",Beach | Child 1-2yr | Child 3-4yr | Child 5-6yr | Child 7-8yr | Child 9-10yr | Cotton | Cruise | Family Matching | Father 2XL | Father 3XL | Father XL | Gray | Mother L | Mother M | Mother S | Mother XL | Sets | Spring | Summer,https://www.dresslikemommy.com/products/family-matching-floral-shirt-and-dress-a-charming-and-coordinated-look
46,7109292130401,chic-mother-daughter-two-piece-swimsuit-family-matching-swimwear-in-vibrant-colors,Chic Mother-Daughter Two-Piece Swimsuit - Swimwear ... | DLM,dresslikemommy.com,Swimwear,Mommy and Me,Swimsuits,Swimwear,Bikini Sets,Solid,6833,79.33,5,2,USD,false,false,false,false,gender|age_group|size|color,,true,female,high,title|collections|tags:female_context,toddler|kids|adult,high,size_values:option:Size,Mother S|Mother M|Mother L|Mother XL|Child 2-3 years|Child 4-5 years|Child 6-8 years|Child 8-10 years|Child 10-12 years,high,option:Size,Orange|Green|Red,high,option:Color,swimsuits | new-matching-outfits | popular-mommy-me-1 | mommy-and-me | matching-family-vacation-outfits,"Size: Mother S, Mother M, Mother L, Mother XL, Child 2-3 years, Child 4-5 years, Child 6-8 years, Child 8-10 years, Child 10-12 years | Color: Orange, Light Green, Green, Red",Beach | Child 1-2yr | Child 11-12yr | Child 3-4yr | Child 5-6yr | Child 7-8yr | Child 9-10yr | Cruise | Green | Mommy and Me | Mother L | Mother M | Mother S | Mother XL | Nyon | Orange | Red | Spandex | Swimsuits,https://www.dresslikemommy.com/products/chic-mother-daughter-two-piece-swimsuit-family-matching-swimwear-in-vibrant-colors
47,7000905384033,family-matching-beach-dress-and-shirt-set-light-blue-floral-hawaiian-print,Beach Dress and Shirt Set - Light Blue Floral Hawai... | DLM,Dress Like Mommy,Family Matching,Family Matching,Family Sets,Tops,Shirts,Floral,20983,77.88,3,1,USD,false,false,false,false,gender|age_group|size|color,,false,unisex,high,title|collections|tags:unisex_context,toddler|kids|adult,high,size_values:option:Size,Father L|Father XL|Father XXL|Father 3XL|Boy 2T|Boy 4T|Boy 6T|Boy 8T|Boy 10T|Boy 12T|Mother S|Mother M|Mother L|Mother XL|Mother 2XL|Girl 1-2T|Girl 3-4T|Girl 5-6T|Girl 7-8T|Girl 9-10T|Girl 11-12T,high,option:Size,Blue|Floral,medium,tags|title|custom_pattern,matching-outfits | new-arrivals | new-women-outfits | best-sellers | popular-family-matching | family-sets | matching-family-vacation-outfits | matching-hawaiian-outfits,"Type: T-Shirt, Dress | Size: Father L, Father XL, Father XXL, Father 3XL, Boy 2T, Boy 4T, Boy 6T, Boy 8T, Boy 10T, Boy 12T, Mother S, Mother M",Beach | Blue | Child 1-2yr | Child 3-4yr | Child 5-6yr | Child 7-8yr | Child 9-10yr | Cotton | Cruise | Family Matching | Father 2XL | Father 3XL | Father XL | hawaiian | Mother L | Mother M | Mother S | Mother XL | Sets | Spring,https://www.dresslikemommy.com/products/family-matching-beach-dress-and-shirt-set-light-blue-floral-hawaiian-print
48,7109267947617,chic-color-block-one-piece-swimsuit-for-mother-daughter-vibrant-sleek-beachwear,Chic Color-Block One-Piece Swimsuit for Mother & Da... | DLM,dresslikemommy.com,Swimwear,Mommy and Me,Swimsuits,Swimwear,One-Piece Swimsuits,Color Block,5246,74.95,5,5,USD,false,false,false,false,gender|age_group|size|color,,true,female,high,title|collections|tags:female_context,toddler|kids|adult,high,size_values:option:Size,Mother S|Mother M|Mother L|Mother XL|Child 2-3 years|Child 4-5 years|Child 6-8 years|Child 8-10 years|Child 10-12 years,high,option:Size,Black|Pink|Brown,high,option:Color,swimsuits | new-matching-outfits | popular-mommy-me-1 | mommy-and-me | matching-family-vacation-outfits,"Size: Mother S, Mother M, Mother L, Mother XL, Child 2-3 years, Child 4-5 years, Child 6-8 years, Child 8-10 years, Child 10-12 years | Color: Black, Pink, Brown",Beach | Black | Brown | Child 1-2yr | Child 11-12yr | Child 3-4yr | Child 5-6yr | Child 7-8yr | Child 9-10yr | Cruise | Green | Mommy and Me | Mother L | Mother M | Mother S | Mother XL | Nylon | Pink | Spandex | Spring,https://www.dresslikemommy.com/products/chic-color-block-one-piece-swimsuit-for-mother-daughter-vibrant-sleek-beachwear
49,7230336729185,matching-family-minimalist-heart-t-shirt-set-simple-love-design-in-4-colors,Minimalist Heart T-Shirt Set - Simple Love Design i... | DLM,dresslikemommy.com,Family Matching,Family Matching,Family Tops,Tops,T-Shirts,Heart,11399,74.22,4,1,USD,false,false,false,true,gender|age_group|size,,true,unisex,high,title|collections|tags:unisex_context,toddler|kids|adult,high,size_values:option:Size,Child 2-3 Years|Child 3-4 Years|Child 4-5 Years|Child 5-6 Years|Child 6-7 Years|Child 7-8 Years|Child 9-10 Years|Adult S|Adult M|Adult L|Adult XL|Adult 2XL|Adult 3XL|Adult 4XL|Adult 5XL,high,option:Size,White|Blue|Pink|Black|Red,high,option:Color,matching-outfits | new-arrivals | new-women-outfits | best-sellers | popular-family-matching | family-tops,"Size: Child 2-3 Years, Child 3-4 Years, Child 4-5 Years, Child 5-6 Years, Child 6-7 Years, Child 7-8 Years, Child 9-10 Years, Adult S, Adult M, Adult L, Adult XL, Adult 2XL | Color: White, Blue, Pink, Black, Red",Adult 2XL | Adult 3XL | Adult L | Adult M | Adult S | Adult XL | Baby 12M | Baby 6M | Black | Child 1-2yr | Child 11-12yr | Child 3-4yr | Child 5-6yr | Child 7-8yr | Child 9-10yr | Cotton | Family Matching | Father 2XL | Father 3XL | Father 4XL,https://www.dresslikemommy.com/products/matching-family-minimalist-heart-t-shirt-set-simple-love-design-in-4-colors
50,7109517770849,mother-daughter-vibrant-two-piece-swimsuit-set-with-flowing-skirt-matching-family-swimwear-collection,Mother & Daughter Vibrant Two-Piece Swimsuit Set with Flowing Skirt Matching Family Swimwear Collection,dresslikemommy.com,Swimwear,Mommy and Me,Swimsuits,Swimwear,Bikini Sets,Color Block,5264,73.96,4,2,USD,false,false,false,false,gender|age_group|size|color,,true,female,high,title|collections|tags:female_context,toddler|kids|adult,high,size_values:option:Size,Mother S|Mother M|Mother L|Mother XL|Child 2-3 years|Child 4-5 years|Child 6-8 years|Child 8-10 years|Child 10-12 years,high,option:Size,Pink|Yellow|Green,high,option:Color,swimsuits | new-matching-outfits | popular-mommy-me-1 | mommy-and-me | matching-family-vacation-outfits,"Size: Mother S, Mother M, Mother L, Mother XL, Child 2-3 years, Child 4-5 years, Child 6-8 years, Child 8-10 years, Child 10-12 years | Color: Pink, Yellow, Green",Beach | Child 1-2yr | Child 11-12yr | Child 3-4yr | Child 5-6yr | Child 7-8yr | Child 9-10yr | Cruise | Green | Mommy and Me | Mother L | Mother M | Mother S | Mother XL | Nylon | Pink | Spandex | Spring | Summer | Swimsuits,
51,7230327128161,matching-family-love-t-shirt-set-adorable-family-heart-design,"""LOVE"" T-Shirt Set - Adorable Family Heart Design | DLM",dresslikemommy.com,Family Matching,Family Matching,Family Tops,Tops,T-Shirts,Heart,5220,71.96,4,1,USD,false,false,false,true,gender|age_group|size,,true,unisex,high,title|collections|tags:unisex_context,toddler|kids|adult,high,size_values:option:Size,Child 1-2 Years|Child 2-3 Years|Child 3-4 Years|Child 5-6 Years|Child 7-8 Years|Child 9-10 Years|Child 10-12 Years|Father M|Father L|Father XL|Father 2XL|Father 3XL|Father 4XL|Mother S|Mother M|Mother L|Mother XL|Mother 2XL|Mother 3XL,high,option:Size,Black|White,high,option:Color,matching-outfits | new-arrivals | new-women-outfits | best-sellers | popular-family-matching | family-tops,"Size: Child 1-2 Years, Child 2-3 Years, Child 3-4 Years, Child 5-6 Years, Child 7-8 Years, Child 9-10 Years, Child 10-12 Years, Father M, Father L, Father XL, Father 2XL, Father 3XL | Color: Black, White",Baby 12M | Baby 6M | Black | Child 1-2yr | Child 11-12yr | Child 3-4yr | Child 5-6yr | Child 7-8yr | Child 9-10yr | Cotton | Family Matching | Father 2XL | Father L | Father M | Father XL | https://detail.1688.com/offer/811069071170.html | Mother L | Mother M | Mother S | Mother XS,https://www.dresslikemommy.com/products/matching-family-love-t-shirt-set-adorable-family-heart-design
52,7230159618145,daddy-baby-matching-daddysaurus-and-babysaurus-t-shirt-set-fun-dinosaur-dad-and-baby-outfit,"Daddy & Baby Matching ""Daddysaurus"" and ""Babysaurus... | DLM",dresslikemommy.com,Family Matching,Daddy and Me,Daddy & Me T-Shirts,Sets,Matching Sets,Solid,3192,69.96,4,2,USD,false,false,false,true,gender|age_group|size,,true,unisex,high,title|collections|tags:unisex_context,infant|toddler|kids|adult,high,size_values:option:Size,Baby 6-9 months|Baby 9-12 months|Child 1 year|Child 2 years|Child 3 years|Child 4 years|Child 5-6 years|Child 7-8 years|Child 9-10 years|Child 10-12 years|Father M|Father L|Father XL|Father 2XL,high,option:Size,Black,high,option:Color,matching-outfits | new-arrivals | best-sellers | daddy-and-me | daddy-me | daddy-me-t-shirts,"Size: Baby 6-9 months, Baby 9-12 months, Child 1 year, Child 2 years, Child 3 years, Child 4 years, Child 5-6 years, Child 7-8 years, Child 9-10 years, Child 10-12 years, Father M, Father L | Color: Black",Baby 12M | Baby 6M | Black | Child 1-2yr | Child 11-12yr | Child 3-4yr | Child 5-6yr | Child 7-8yr | Child 9-10yr | Cotton | Daddy and Me | Father 2XL | Father 3XL | Father L | Father M | Father XL | https://detail.1688.com/offer/669570286614.html? | Spring | Summer | T-Shirts,https://www.dresslikemommy.com/products/daddy-baby-matching-daddysaurus-and-babysaurus-t-shirt-set-fun-dinosaur-dad-and-baby-outfit
54,7108953604193,royal-blue-high-neck-halter-swimsuit-set-with-paisley-print-bottoms-elegant-family-beachwear,Royal Blue High-Neck Halter Swimsuit Set with Paisl... | DLM,dresslikemommy.com,Swimwear,Mommy and Me,Swimsuits,Swimwear,Swimsuits,Solid,26970,67.96,4,2,USD,false,false,false,false,gender|age_group|size|color,,true,female,high,title|collections|tags:female_context,toddler|kids|adult,high,size_values:option:Size,Mother S|Mother M|Mother L|Mother XL|Child 2-3 years|Child 4-5 years|Child 6-8 years|Child 8-10 years|Child 10-12 years,high,option:Size,Blue,high,option:Color,swimsuits | new-matching-outfits | popular-mommy-me-1 | mommy-and-me,"Size: Mother S, Mother M, Mother L, Mother XL, Child 2-3 years, Child 4-5 years, Child 6-8 years, Child 8-10 years, Child 10-12 years | Color: Blue",Blue | Child 1-2yr | Child 11-12yr | Child 3-4yr | Child 5-6yr | Child 7-8yr | Child 9-10yr | Cruise | Mommy and Me | Mother L | Mother M | Mother S | Mother XL | Nylon | Spandex | Spring | Summer | Swimsuits,https://www.dresslikemommy.com/products/royal-blue-high-neck-halter-swimsuit-set-with-paisley-print-bottoms-elegant-family-beachwear
55,7109117280353,chic-pink-mermaid-scales-tankini-set-for-mother-and-daughter,Chic Pink Mermaid Scales Tankini Set for Mother and Daughter,dresslikemommy.com,Swimwear,Mommy and Me,Swimsuits,Swimwear,Tankinis,Solid,9990,63.96,4,2,USD,false,false,false,false,gender|age_group|size|color,,true,female,high,title|collections|tags:female_context,toddler|kids|adult,high,size_values:option:Size,Mother S|Mother M|Mother L|Mother XL|Child 2-3 years|Child 4-5 years|Child 5-6 years|Child 6-8 years|Child 8-10 years|Child 10-12 years,high,option:Size,Multicolor,high,option:Color,swimsuits | new-matching-outfits | popular-mommy-me-1 | mommy-and-me | matching-family-vacation-outfits,"Size: Mother S, Mother M, Mother L, Mother XL, Child 2-3 years, Child 4-5 years, Child 5-6 years, Child 6-8 years, Child 8-10 years, Child 10-12 years | Color: Multi-Color",Beach | Child 1-2yr | Child 11-12yr | Child 3-4yr | Child 5-6yr | Child 7-8yr | Child 9-10yr | Cruise | Mommy and Me | Mother L | Mother M | Mother S | Mother XL | Multi Color | Nylon | Spandex | Spring | Summer | Swimsuits,https://www.dresslikemommy.com/products/chic-pink-mermaid-scales-tankini-set-for-mother-and-daughter
60,7108045897825,mommy-and-me-matching-silver-asymmetrical-chiffon-dresses-with-strappy-backs,Matching Silver Asymmetrical Chiffon Dresses with S... | DLM,dresslikemommy.com,Dresses,Mommy and Me,Dresses,Dresses,Midi Dresses,Solid,5097,56.16,2,1,USD,false,false,false,false,gender|age_group|size|color,,true,female,high,title|collections|tags:female_context,toddler|kids|adult,high,size_values:option:Size,Child 2 Years|Child 3-4 Years|Child 5-6 Years|Child 7-8 Years|Child 9-10 Years|Child 11-12 Years|Mother S|Mother M|Mother L,high,option:Size,Gray,high,option:Color,dresses | midi-dresses | matching-outfits | new-arrivals | new-matching-outfits | best-sellers | popular-mommy-me-1 | formal-dresses | mommy-and-me | mother-daughter-matching-dresses,"Size: Child 2 Years, Child 3-4 Years, Child 5-6 Years, Child 7-8 Years, Child 9-10 Years, Child 11-12 Years, Mother S, Mother M, Mother L | Color: Gray",Child 1-2yr | Child 3-4yr | Child 5-6yr | Child 7-8yr | Child 9-10yr | Dresses | Formal Dresses | Gray | https://detail.1688.com/offer/600362932721.html | Midi Dresses | Mommy and Me | Mother L | Mother M | Mother S,https://www.dresslikemommy.com/products/mommy-and-me-matching-silver-asymmetrical-chiffon-dresses-with-strappy-backs
62,6719185682529,family-matching-swimwear-bathing-suit,Family Matching Swimwear Bathing Suit,https://detail.1688.com/offer/587003652936.html,Family Matching,Family Matching,Family Swimsuits,Swimwear,Swimsuits,Floral,99719,55.97,3,1,USD,false,false,false,false,gender|age_group|size|color,,false,unisex,high,title|collections|tags:unisex_context,toddler|kids|adult,high,size_values:option:Size,Girl 2-3T|Girl 4-5T|Girl 5-6T|Girl 7-8T|Girl 9-10T|Girl 11-12T|Boy 2-3T|Boy 4-5T|Boy 5-6T|Boy 7-8T|Boy 9-10T|Boy 11-12T|Mother S|Mother M|Mother L|Mother XL|Father M|Father L|Father XL|Father XXL,high,option:Size,Black|White|Red|Green|Yellow|Floral|Multicolor,medium,tags|title|custom_pattern,matching-outfits | new-arrivals | new-women-outfits | best-sellers | popular-family-matching | family-swimsuits | matching-family-vacation-outfits,"Style: 1, 2, 3, 4, 5 | Size: Girl 2-3T, Girl 4-5T, Girl 5-6T, Girl 7-8T, Girl 9-10T, Girl 11-12T, Boy 2-3T, Boy 4-5T, Boy 5-6T, Boy 7-8T, Boy 9-10T, Boy 11-12T",Beach | Black | Child 1-2yr | Child 3-4yr | Child 5-6yr | Child 7-8yr | Child 9-10yr | Cruise | Family Matching | Father 2XL | Father L | Father M | Father XL | Floral | Green | Mother L | Mother M | Mother S | Mother XL | Multi Color,https://www.dresslikemommy.com/products/family-matching-swimwear-bathing-suit
66,4605568483425,matching-hand-painted-family-four-t-shirt,Matching Hand-Painted Family Four T-Shirt,https://detail.1688.com/offer/527044541388.html,Family Matching,Family Matching,Family Tops,Tops,T-Shirts,Solid,91983,51.96,4,1,USD,false,false,false,false,gender|age_group|size|color,,true,unisex,high,title|collections|tags:unisex_context,kids|adult,high,size_values:option:Size,Mother S|Mother M|Mother L|Mother XL|Mother XXL|Dad M|Dad L|Dad XL|Dad 2XL|Dad 3XL|Dad 4XL|Girl 2XS|Girl XS|Girl S|Girl M|Girl L|Girl XL|Boy 2XS|Boy XS|Boy S|Boy M|Boy L|Boy XL,high,option:Size,White|Blue|Red|Pink,high,option:Color,matching-outfits | new-arrivals | new-women-outfits | best-sellers | popular-family-matching | family-tops,"Color: White, Blue, Red, Pink | Size: Mother S, Mother M, Mother L, Mother XL, Mother XXL, Dad M, Dad L, Dad XL, Dad 2XL, Dad 3XL, Dad 4XL, Girl 2XS",Black | Blue | Child 1-2yr | Child 3-4yr | Child 5-6yr | Child 7-8yr | Child 9-10yr | Cotton | Family Matching | Father 2XL | Father 3XL | Father 4XL | Father L | Father M | Father XL | Gray | Mother 2XL | Mother L | Mother M | Mother S,https://www.dresslikemommy.com/products/matching-hand-painted-family-four-t-shirt
67,7227254276193,mommy-and-me-matching-yellow-sleeveless-maxi-dress-vibrant-summer-beach-dress-for-mother-daughter,Matching Yellow Sleeveless Maxi Dress Vibrant Summe... | DLM,dresslikemommy.com,Dresses,Mommy and Me,Dresses,Dresses,Maxi Dresses,Solid,2456,51.25,2,1,USD,false,false,false,false,gender|age_group|size|color,,true,female,high,title|collections|tags:female_context,toddler|kids|adult,high,size_values:option:Size,Child 2 Years|Child 3-4 Years|Child 5-6 Years|Child 7-8 Years|Child 9-10 Years|Mother S|Mother M|Mother L-XL,high,option:Size,Yellow,high,option:Color,dresses | maxi-dresses | sundresses | matching-outfits | new-arrivals | new-matching-outfits | best-sellers | popular-mommy-me-1 | mommy-and-me | mother-daughter-matching-dresses,"Size: Child 2 Years, Child 3-4 Years, Child 5-6 Years, Child 7-8 Years, Child 9-10 Years, Mother S, Mother M, Mother L-XL | Color: Yellow",Child 1-2yr | Child 3-4yr | Child 5-6yr | Child 7-8yr | Dresses | Maxi Dresses | Mommy and Me | Mother L | Mother S | Mother XL | Sundresses | Yellow,https://www.dresslikemommy.com/products/mommy-and-me-matching-yellow-sleeveless-maxi-dress-vibrant-summer-beach-dress-for-mother-daughter
69,7109481431137,chic-family-bonding-mother-daughter-matching-swimsuit-set-with-long-sleeved-cover-up,Chic Family Bonding - Mother & Daughter Matching Sw... | DLM,dresslikemommy.com,Swimwear,Mommy and Me,Swimsuits,Swimwear,Swimsuits,Solid,9852,48.97,3,2,USD,false,false,false,false,gender|age_group|size|color,,true,female,high,title|collections|tags:female_context,toddler|kids|adult,high,size_values:option:size,Mother S|Mother M|Mother L|Mother XL|Child 2-3 years|Child 4-5 years|Child 6-8 years|Child 8-10 years|Child 10-12 years,high,option:size,Green|Orange|Blue|Black,high,option:Color,swimsuits | new-matching-outfits | popular-mommy-me-1 | mommy-and-me | matching-family-vacation-outfits,"size: Mother S, Mother M, Mother L, Mother XL, Child 2-3 years, Child 4-5 years, Child 6-8 years, Child 8-10 years, Child 10-12 years | Color: Green, Orange, Blue, Black",Beach | Black | Blue | Child 1-2yr | Child 11-12yr | Child 3-4yr | Child 5-6yr | Child 7-8yr | Child 9-10yr | Cruise | Green | Mommy and Me | Mother L | Mother M | Mother S | Mother XL | Nylon | Orange | Spandex | Spring,https://www.dresslikemommy.com/products/chic-family-bonding-mother-daughter-matching-swimsuit-set-with-long-sleeved-cover-up
70,7110356631649,father-and-son-matching-swim-trunks-tropical-floral-print-family-swimwear,Father and Son Matching Swim Trunks - Tropical Flor... | DLM,dresslikemommy.com,Swimwear,Daddy and Me,Trunks,Swimwear,Swim Trunks,Floral,89995,45.97,3,1,USD,false,false,false,false,gender|age_group|size|color,,true,male,high,title|collections|tags:male_context,toddler|kids|adult,high,size_values:option:size,Father M|Father L|Father XL|Father 2XL|Child 2-3 years|Child 4-5 years|Child 6-8 years|Child 8-10 years|Child 10-12 years,high,option:size,Multicolor,high,option:Color,daddy-and-me | daddy-me | trunks | matching-hawaiian-outfits,"size: Father M, Father L, Father XL, Father 2XL, Child 2-3 years, Child 4-5 years, Child 6-8 years, Child 8-10 years, Child 10-12 years | Color: Multi-Color",Child 1-2yr | Child 11-12yr | Child 3-4yr | Child 5-6yr | Child 7-8yr | Child 9-10yr | Daddy and Me | Father 2XL | Father L | Father M | Father XL | hawaiian | Multi Color | Shorts | Trunks,https://www.dresslikemommy.com/products/father-and-son-matching-swim-trunks-tropical-floral-print-family-swimwear
72,6724261019745,matching-mother-daughter-one-shoulder-swimsuit,Matching Mother Daughter One Shoulder Swimsuit,https://detail.1688.com/offer/652645721922.html,Swimwear,Mommy and Me,Swimsuits,Swimwear,Swimsuits,Solid,10983,45.36,2,1,USD,false,false,false,false,gender|age_group|size|color,,true,female,high,title|collections|tags:female_context,toddler|kids|adult,high,size_values:option:Size,Child 2-3 years|Child 4-5 years|Child 5-6 years|Child 6-8 years|Child 8-10 years|Child 10-12 years|Mother S|Mother M|Mother L|Mother XL,high,option:Size,Black,high,option:Color,swimsuits | new-matching-outfits | popular-mommy-me-1 | mommy-and-me | matching-family-vacation-outfits,"Size: Child 2-3 years, Child 4-5 years, Child 5-6 years, Child 6-8 years, Child 8-10 years, Child 10-12 years, Mother S, Mother M, Mother L, Mother XL | Color: Black",Beach | Black | Child 1-2yr | Child 11-12yr | Child 3-4yr | Child 5-6yr | Child 7-8yr | Child 9-10yr | Cruise | Mommy and Me | Mother L | Mother M | Mother S | Mother XL | Nylon | Spandex | Spring | Summer | Swimsuits,https://www.dresslikemommy.com/products/matching-mother-daughter-one-shoulder-swimsuit
73,6719768002657,matching-mermaid-scale-print-bikini,Matching Mermaid Scale Print Bikini,https://detail.1688.com/offer/653325723760.html,Swimwear,Mommy and Me,Swimsuits,Swimwear,Bikini Sets,Solid,9969,44.63,2,1,USD,false,false,false,false,gender|age_group|size|color,,true,female,high,title|collections|tags:female_context,toddler|kids|adult,high,size_values:option:Size,Child 2-3 years|Child 4-5 years|Child 5-6 years|Child 6-8 years|Child 8-10 years|Child 10-12 years|Mother S|Mother M|Mother L|Mother XL,high,option:Size,Blue,high,option:Color,swimsuits | new-matching-outfits | popular-mommy-me-1 | mommy-and-me | matching-family-vacation-outfits,"Size: Child 2-3 years, Child 4-5 years, Child 5-6 years, Child 6-8 years, Child 8-10 years, Child 10-12 years, Mother S, Mother M, Mother L, Mother XL | Color: Blue",Beach | Blue | Child 1-2yr | Child 11-12yr | Child 3-4yr | Child 5-6yr | Child 7-8yr | Child 9-10yr | Cruise | Mommy and Me | Mother L | Mother M | Mother S | Mother XL | Nylon | Spandex | Spring | Summer | Swimsuits,https://www.dresslikemommy.com/products/matching-mermaid-scale-print-bikini
74,6724262297697,cute-mother-daughter-matching-swimsuits,Cute Mother Daughter Matching Swimsuits,https://detail.1688.com/offer/652635314427.html,Swimwear,Mommy and Me,Swimsuits,Swimwear,Swimsuits,Christmas,19980,44.28,2,1,USD,false,false,false,false,gender|age_group|size|color,,false,female,high,title|collections|tags:female_context,toddler|kids|adult,high,size_values:option:Size,Child 2-3 years|Child 4-5 years|Child 5-6 years|Child 6-8 years|Child 8-10 years|Child 10-12 years|Mother S|Mother M|Mother L|Mother XL,high,option:Size,Red,medium,tags|title|custom_pattern,swimsuits | new-matching-outfits | popular-mommy-me-1 | mommy-and-me | matching-family-vacation-outfits,"Size: Child 2-3 years, Child 4-5 years, Child 5-6 years, Child 6-8 years, Child 8-10 years, Child 10-12 years, Mother S, Mother M, Mother L, Mother XL | Style: 1, 2",/offer/651900832510.html | /offer/651912572416.html | Beach | Child 1-2yr | Child 11-12yr | Child 3-4yr | Child 5-6yr | Child 7-8yr | Child 9-10yr | Cruise | Mommy and Me | Mother L | Mother M | Mother S | Mother XL | Nylon | Red | Spandex | Spring | Summer,https://www.dresslikemommy.com/products/cute-mother-daughter-matching-swimsuits
75,6723038609505,mommy-me-flamingo-print-striped-swimsuit,Mommy & Me Flamingo Print Striped Swimsuit,https://detail.1688.com/offer/653024359382.html,Swimwear,Mommy and Me,Swimsuits,Swimwear,Swimsuits,Striped,32949,44.10,2,1,USD,false,false,false,false,gender|age_group|size|color,,true,female,high,title|collections|tags:female_context,toddler|kids|adult,high,size_values:option:Size,Child 2-3 years|Child 4-5 years|Child 5-6 years|Child 6-8 years|Child 8-10 years|Child 10-12 years|Mother S|Mother M|Mother L|Mother XL,high,option:Size,Pink,high,option:Color,swimsuits | new-matching-outfits | popular-mommy-me-1 | mommy-and-me | matching-family-vacation-outfits,"Size: Child 2-3 years, Child 4-5 years, Child 5-6 years, Child 6-8 years, Child 8-10 years, Child 10-12 years, Mother S, Mother M, Mother L, Mother XL | Color: Pink",Beach | Brown | Child 1-2yr | Child 11-12yr | Child 3-4yr | Child 5-6yr | Child 7-8yr | Child 9-10yr | Cruise | Leopard | Mommy and Me | Mother L | Mother M | Mother S | Mother XL | Nylon | Pink | Spandex | Spring | Summer,https://www.dresslikemommy.com/products/mommy-me-flamingo-print-striped-swimsuit
76,4618963124321,family-matching-rule-maker-rule-breaker-t-shirts,Family Matching Rule Maker Rule Breaker T-shirts,https://detail.1688.com/offer/622719849352.html,Family Matching,Family Matching,Family Tops,Tops,T-Shirts,Solid,15976,43.79,3,1,USD,false,false,false,false,gender|age_group|size|color,,true,unisex,high,title|collections|tags:unisex_context,infant|toddler|kids|adult,high,size_values:option:Size:,Baby 6-9M|Baby 12-18M|Child 2T|Child 3T|Child 4T|Child 5T|Child 6-7T|Mother S|Mother M|Mother L|Mother XL|Mother XXL|Father M|Father L|Father XL|Father XXL,high,option:Size:,Black|White,high,option:Color:,matching-outfits | new-arrivals | new-women-outfits | best-sellers | popular-family-matching | family-tops,"Size:: Baby 6-9M, Baby 12-18M, Child 2T, Child 3T, Child 4T, Child 5T, Child 6-7T, Mother S, Mother M, Mother L, Mother XL, Mother XXL | Color:: Black, White",Black | Child 1-2yr | Child 3-4yr | Child 5-6yr | Cotton | Family Matching | Father 2XL | Father L | Father M | Father XL | Gray | Mother L | Mother M | Mother S | Mother XL | Spring | Summer | T-Shirts | Tops | White,https://www.dresslikemommy.com/products/family-matching-rule-maker-rule-breaker-t-shirts
77,6719774720097,matching-mommy-me-orange-print-swimsuit,Matching Mommy & Me Orange Print Swimsuit,https://detail.1688.com/offer/651860456033.html,Swimwear,Mommy and Me,Swimsuits,Swimwear,Swimsuits,Solid,9994,42.98,2,1,USD,false,false,false,false,gender|age_group|size|color,,true,female,high,title|collections|tags:female_context,toddler|kids|adult,high,size_values:option:Size,Child 2-3 years|Child 4-5 years|Child 5-6 years|Child 6-8 years|Child 8-10 years|Child 10-12 years|Mother S|Mother M|Mother L|Mother XL,high,option:Size,Orange,high,option:Color,swimsuits | new-matching-outfits | popular-mommy-me-1 | mommy-and-me | matching-family-vacation-outfits,"Size: Child 2-3 years, Child 4-5 years, Child 5-6 years, Child 6-8 years, Child 8-10 years, Child 10-12 years, Mother S, Mother M, Mother L, Mother XL | Color: Orange",Beach | Child 1-2yr | Child 11-12yr | Child 3-4yr | Child 5-6yr | Child 7-8yr | Child 9-10yr | Cruise | Mommy and Me | Mother L | Mother M | Mother S | Mother XL | Nylon | Orange | Spandex | Spring | Summer | Swimsuits,https://www.dresslikemommy.com/products/matching-mommy-me-orange-print-swimsuit
78,6718973378657,matching-mother-daughter-tankini,Matching Mother Daughter Tankini,https://detail.1688.com/offer/663169100331.html,Swimwear,Mommy and Me,Swimsuits,Swimwear,Tankinis,Solid,59994,42.98,2,1,USD,false,false,false,false,gender|age_group|size|color,,true,female,high,title|collections|tags:female_context,toddler|kids|adult,high,size_values:option:Size,Child 2-3 years|Child 4-5 years|Child 5-6 years|Child 6-8 years|Child 8-10 years|Child 10-12 years|Mother S|Mother M|Mother L|Mother XL,high,option:Size,Orange|Black,high,option:Color,swimsuits | new-matching-outfits | popular-mommy-me-1 | mommy-and-me | matching-family-vacation-outfits,"Size: Child 2-3 years, Child 4-5 years, Child 5-6 years, Child 6-8 years, Child 8-10 years, Child 10-12 years, Mother S, Mother M, Mother L, Mother XL | Color: Orange, Black",Beach | Black | Child 1-2yr | Child 11-12yr | Child 3-4yr | Child 5-6yr | Child 7-8yr | Child 9-10yr | Cruise | Mommy and Me | Mother L | Mother M | Mother S | Mother XL | Nylon | Orange | Spandex | Spring | Summer | Swimsuits,https://www.dresslikemommy.com/products/matching-mother-daughter-tankini
79,6719046254689,matching-mother-daughter-tankini-swimsuit,Matching Mother Daughter Tankini Swimsuit,https://detail.1688.com/offer/664310031273.html,Swimwear,Mommy and Me,Swimsuits,Swimwear,Tankinis,Solid,19998,42.98,2,1,USD,false,false,false,false,gender|age_group|size|color,,true,female,high,title|collections|tags:female_context,toddler|kids|adult,high,size_values:option:Size,Child 2-3 years|Child 4-5 years|Child 5-6 years|Child 6-8 years|Child 8-10 years|Child 10-12 years|Mother S|Mother M|Mother L|Mother XL,high,option:Size,Blue|Green,high,option:Color,swimsuits | new-matching-outfits | popular-mommy-me-1 | mommy-and-me | matching-family-vacation-outfits,"Size: Child 2-3 years, Child 4-5 years, Child 5-6 years, Child 6-8 years, Child 8-10 years, Child 10-12 years, Mother S, Mother M, Mother L, Mother XL | Color: Blue, Green",Beach | Blue | Child 1-2yr | Child 11-12yr | Child 3-4yr | Child 5-6yr | Child 7-8yr | Child 9-10yr | Cruise | Green | Mommy and Me | Mother L | Mother M | Mother S | Mother XL | Nylon | Spandex | Spring | Summer | Swimsuits,https://www.dresslikemommy.com/products/matching-mother-daughter-tankini-swimsuit
80,6722836463713,mommy-me-matching-floral-one-piece-swimsuit,Mommy & Me Matching Floral One Piece Swimsuit,https://detail.1688.com/offer/659867838802.html,Swimwear,Mommy and Me,Swimsuits,Swimwear,One-Piece Swimsuits,Floral,10980,42.98,2,1,USD,false,false,false,false,gender|age_group|size|color,,true,female,high,title|collections|tags:female_context,toddler|kids|adult,high,size_values:option:Size,Child 2-3 years|Child 4-5 years|Child 5-6 years|Child 6-8 years|Child 8-10 years|Child 10-12 years|Mother S|Mother M|Mother L|Mother XL,high,option:Size,Green,high,option:Color,swimsuits | new-matching-outfits | popular-mommy-me-1 | mommy-and-me | matching-family-vacation-outfits,"Size: Child 2-3 years, Child 4-5 years, Child 5-6 years, Child 6-8 years, Child 8-10 years, Child 10-12 years, Mother S, Mother M, Mother L, Mother XL | Color: Green",Beach | Child 1-2yr | Child 11-12yr | Child 3-4yr | Child 5-6yr | Child 7-8yr | Child 9-10yr | Cruise | Mommy and Me | Mother L | Mother M | Mother S | Mother XL | Nylon | Orange | Spandex | Spring | Summer | Swimsuits,https://www.dresslikemommy.com/products/mommy-me-matching-floral-one-piece-swimsuit
81,6722843476065,mommy-me-matching-tribal-print-one-piece-swimsuit,Mommy & Me Matching Tribal Print One Piece Swimsuit,https://detail.1688.com/offer/651788296374.html,Swimwear,Mommy and Me,Swimsuits,Swimwear,One-Piece Swimsuits,Halloween,10983,42.98,2,1,USD,false,false,false,false,gender|age_group|size|color,,true,female,high,title|collections|tags:female_context,toddler|kids|adult,high,size_values:option:Size,Child 2-3 years|Child 4-5 years|Child 5-6 years|Child 6-8 years|Child 8-10 years|Child 10-12 years|Mother S|Mother M|Mother L|Mother XL,high,option:Size,Leopard,high,option:Color,swimsuits | new-matching-outfits | popular-mommy-me-1 | mommy-and-me | matching-family-vacation-outfits,"Size: Child 2-3 years, Child 4-5 years, Child 5-6 years, Child 6-8 years, Child 8-10 years, Child 10-12 years, Mother S, Mother M, Mother L, Mother XL | Color: Leopard",Beach | Child 1-2yr | Child 11-12yr | Child 3-4yr | Child 5-6yr | Child 7-8yr | Child 9-10yr | Cruise | Mommy and Me | Mother L | Mother M | Mother S | Mother XL | Nylon | Orange | Spandex | Spring | Summer | Swimsuits,https://www.dresslikemommy.com/products/mommy-me-matching-tribal-print-one-piece-swimsuit
