Country code,Locale path,Theme,Product handle,Final URL template
GB,(base English route),Mommy & Me Dresses,elegant-beige-chiffon-family-matching-dresses-mother-daughter-summer-outfits,https://www.dresslikemommy.com/products/elegant-beige-chiffon-family-matching-dresses-mother-daughter-summer-outfits?country=GB
GB,(base English route),Family Matching,elegant-matching-family-outfits-light-blue-halter-dresses-casual-t-shirt-set-for-summer,https://www.dresslikemommy.com/products/elegant-matching-family-outfits-light-blue-halter-dresses-casual-t-shirt-set-for-summer?country=GB
GB,(base English route),Matching Pajamas,cute-matching-mom-and-daughter-cartoon-pajama-set-fun-and-cozy-sleepwear,https://www.dresslikemommy.com/products/cute-matching-mom-and-daughter-cartoon-pajama-set-fun-and-cozy-sleepwear?country=GB
GB,(base English route),Matching Swimwear,chic-pink-mermaid-scales-tankini-set-for-mother-and-daughter,https://www.dresslikemommy.com/products/chic-pink-mermaid-scales-tankini-set-for-mother-and-daughter?country=GB
GB,(base English route),Daddy & Me,daddy-and-me-matching-floral-shirts-black-rose-print-short-sleeve-button-up-set,https://www.dresslikemommy.com/products/daddy-and-me-matching-floral-shirts-black-rose-print-short-sleeve-button-up-set?country=GB
CA,(base English route),Mommy & Me Dresses,elegant-beige-chiffon-family-matching-dresses-mother-daughter-summer-outfits,https://www.dresslikemommy.com/products/elegant-beige-chiffon-family-matching-dresses-mother-daughter-summer-outfits?country=CA
CA,(base English route),Family Matching,elegant-matching-family-outfits-light-blue-halter-dresses-casual-t-shirt-set-for-summer,https://www.dresslikemommy.com/products/elegant-matching-family-outfits-light-blue-halter-dresses-casual-t-shirt-set-for-summer?country=CA
CA,(base English route),Matching Pajamas,cute-matching-mom-and-daughter-cartoon-pajama-set-fun-and-cozy-sleepwear,https://www.dresslikemommy.com/products/cute-matching-mom-and-daughter-cartoon-pajama-set-fun-and-cozy-sleepwear?country=CA
CA,(base English route),Matching Swimwear,chic-pink-mermaid-scales-tankini-set-for-mother-and-daughter,https://www.dresslikemommy.com/products/chic-pink-mermaid-scales-tankini-set-for-mother-and-daughter?country=CA
CA,(base English route),Daddy & Me,daddy-and-me-matching-floral-shirts-black-rose-print-short-sleeve-button-up-set,https://www.dresslikemommy.com/products/daddy-and-me-matching-floral-shirts-black-rose-print-short-sleeve-button-up-set?country=CA
AU,(base English route),Mommy & Me Dresses,elegant-beige-chiffon-family-matching-dresses-mother-daughter-summer-outfits,https://www.dresslikemommy.com/products/elegant-beige-chiffon-family-matching-dresses-mother-daughter-summer-outfits?country=AU
AU,(base English route),Family Matching,elegant-matching-family-outfits-light-blue-halter-dresses-casual-t-shirt-set-for-summer,https://www.dresslikemommy.com/products/elegant-matching-family-outfits-light-blue-halter-dresses-casual-t-shirt-set-for-summer?country=AU
AU,(base English route),Matching Pajamas,cute-matching-mom-and-daughter-cartoon-pajama-set-fun-and-cozy-sleepwear,https://www.dresslikemommy.com/products/cute-matching-mom-and-daughter-cartoon-pajama-set-fun-and-cozy-sleepwear?country=AU
AU,(base English route),Matching Swimwear,chic-pink-mermaid-scales-tankini-set-for-mother-and-daughter,https://www.dresslikemommy.com/products/chic-pink-mermaid-scales-tankini-set-for-mother-and-daughter?country=AU
AU,(base English route),Daddy & Me,daddy-and-me-matching-floral-shirts-black-rose-print-short-sleeve-button-up-set,https://www.dresslikemommy.com/products/daddy-and-me-matching-floral-shirts-black-rose-print-short-sleeve-button-up-set?country=AU
CH,(base English route),Mommy & Me Dresses,elegant-beige-chiffon-family-matching-dresses-mother-daughter-summer-outfits,https://www.dresslikemommy.com/products/elegant-beige-chiffon-family-matching-dresses-mother-daughter-summer-outfits?country=CH
CH,(base English route),Family Matching,elegant-matching-family-outfits-light-blue-halter-dresses-casual-t-shirt-set-for-summer,https://www.dresslikemommy.com/products/elegant-matching-family-outfits-light-blue-halter-dresses-casual-t-shirt-set-for-summer?country=CH
CH,(base English route),Matching Pajamas,cute-matching-mom-and-daughter-cartoon-pajama-set-fun-and-cozy-sleepwear,https://www.dresslikemommy.com/products/cute-matching-mom-and-daughter-cartoon-pajama-set-fun-and-cozy-sleepwear?country=CH
CH,(base English route),Matching Swimwear,chic-pink-mermaid-scales-tankini-set-for-mother-and-daughter,https://www.dresslikemommy.com/products/chic-pink-mermaid-scales-tankini-set-for-mother-and-daughter?country=CH
CH,(base English route),Daddy & Me,daddy-and-me-matching-floral-shirts-black-rose-print-short-sleeve-button-up-set,https://www.dresslikemommy.com/products/daddy-and-me-matching-floral-shirts-black-rose-print-short-sleeve-button-up-set?country=CH
DK,(base English route),Mommy & Me Dresses,elegant-beige-chiffon-family-matching-dresses-mother-daughter-summer-outfits,https://www.dresslikemommy.com/products/elegant-beige-chiffon-family-matching-dresses-mother-daughter-summer-outfits?country=DK
DK,(base English route),Family Matching,elegant-matching-family-outfits-light-blue-halter-dresses-casual-t-shirt-set-for-summer,https://www.dresslikemommy.com/products/elegant-matching-family-outfits-light-blue-halter-dresses-casual-t-shirt-set-for-summer?country=DK
DK,(base English route),Matching Pajamas,cute-matching-mom-and-daughter-cartoon-pajama-set-fun-and-cozy-sleepwear,https://www.dresslikemommy.com/products/cute-matching-mom-and-daughter-cartoon-pajama-set-fun-and-cozy-sleepwear?country=DK
DK,(base English route),Matching Swimwear,chic-pink-mermaid-scales-tankini-set-for-mother-and-daughter,https://www.dresslikemommy.com/products/chic-pink-mermaid-scales-tankini-set-for-mother-and-daughter?country=DK
DK,(base English route),Daddy & Me,daddy-and-me-matching-floral-shirts-black-rose-print-short-sleeve-button-up-set,https://www.dresslikemommy.com/products/daddy-and-me-matching-floral-shirts-black-rose-print-short-sleeve-button-up-set?country=DK
DE,(base English route),Mommy & Me Dresses,elegant-beige-chiffon-family-matching-dresses-mother-daughter-summer-outfits,https://www.dresslikemommy.com/products/elegant-beige-chiffon-family-matching-dresses-mother-daughter-summer-outfits?country=DE
DE,(base English route),Family Matching,elegant-matching-family-outfits-light-blue-halter-dresses-casual-t-shirt-set-for-summer,https://www.dresslikemommy.com/products/elegant-matching-family-outfits-light-blue-halter-dresses-casual-t-shirt-set-for-summer?country=DE
DE,(base English route),Matching Pajamas,cute-matching-mom-and-daughter-cartoon-pajama-set-fun-and-cozy-sleepwear,https://www.dresslikemommy.com/products/cute-matching-mom-and-daughter-cartoon-pajama-set-fun-and-cozy-sleepwear?country=DE
DE,(base English route),Matching Swimwear,chic-pink-mermaid-scales-tankini-set-for-mother-and-daughter,https://www.dresslikemommy.com/products/chic-pink-mermaid-scales-tankini-set-for-mother-and-daughter?country=DE
DE,(base English route),Daddy & Me,daddy-and-me-matching-floral-shirts-black-rose-print-short-sleeve-button-up-set,https://www.dresslikemommy.com/products/daddy-and-me-matching-floral-shirts-black-rose-print-short-sleeve-button-up-set?country=DE
NL,(base English route),Mommy & Me Dresses,elegant-beige-chiffon-family-matching-dresses-mother-daughter-summer-outfits,https://www.dresslikemommy.com/products/elegant-beige-chiffon-family-matching-dresses-mother-daughter-summer-outfits?country=NL
NL,(base English route),Family Matching,elegant-matching-family-outfits-light-blue-halter-dresses-casual-t-shirt-set-for-summer,https://www.dresslikemommy.com/products/elegant-matching-family-outfits-light-blue-halter-dresses-casual-t-shirt-set-for-summer?country=NL
NL,(base English route),Matching Pajamas,cute-matching-mom-and-daughter-cartoon-pajama-set-fun-and-cozy-sleepwear,https://www.dresslikemommy.com/products/cute-matching-mom-and-daughter-cartoon-pajama-set-fun-and-cozy-sleepwear?country=NL
NL,(base English route),Matching Swimwear,chic-pink-mermaid-scales-tankini-set-for-mother-and-daughter,https://www.dresslikemommy.com/products/chic-pink-mermaid-scales-tankini-set-for-mother-and-daughter?country=NL
NL,(base English route),Daddy & Me,daddy-and-me-matching-floral-shirts-black-rose-print-short-sleeve-button-up-set,https://www.dresslikemommy.com/products/daddy-and-me-matching-floral-shirts-black-rose-print-short-sleeve-button-up-set?country=NL
SE,(base English route),Mommy & Me Dresses,elegant-beige-chiffon-family-matching-dresses-mother-daughter-summer-outfits,https://www.dresslikemommy.com/products/elegant-beige-chiffon-family-matching-dresses-mother-daughter-summer-outfits?country=SE
SE,(base English route),Family Matching,elegant-matching-family-outfits-light-blue-halter-dresses-casual-t-shirt-set-for-summer,https://www.dresslikemommy.com/products/elegant-matching-family-outfits-light-blue-halter-dresses-casual-t-shirt-set-for-summer?country=SE
SE,(base English route),Matching Pajamas,cute-matching-mom-and-daughter-cartoon-pajama-set-fun-and-cozy-sleepwear,https://www.dresslikemommy.com/products/cute-matching-mom-and-daughter-cartoon-pajama-set-fun-and-cozy-sleepwear?country=SE
SE,(base English route),Matching Swimwear,chic-pink-mermaid-scales-tankini-set-for-mother-and-daughter,https://www.dresslikemommy.com/products/chic-pink-mermaid-scales-tankini-set-for-mother-and-daughter?country=SE
SE,(base English route),Daddy & Me,daddy-and-me-matching-floral-shirts-black-rose-print-short-sleeve-button-up-set,https://www.dresslikemommy.com/products/daddy-and-me-matching-floral-shirts-black-rose-print-short-sleeve-button-up-set?country=SE
FR,(base English route),Mommy & Me Dresses,elegant-beige-chiffon-family-matching-dresses-mother-daughter-summer-outfits,https://www.dresslikemommy.com/products/elegant-beige-chiffon-family-matching-dresses-mother-daughter-summer-outfits?country=FR
FR,(base English route),Family Matching,elegant-matching-family-outfits-light-blue-halter-dresses-casual-t-shirt-set-for-summer,https://www.dresslikemommy.com/products/elegant-matching-family-outfits-light-blue-halter-dresses-casual-t-shirt-set-for-summer?country=FR
FR,(base English route),Matching Pajamas,cute-matching-mom-and-daughter-cartoon-pajama-set-fun-and-cozy-sleepwear,https://www.dresslikemommy.com/products/cute-matching-mom-and-daughter-cartoon-pajama-set-fun-and-cozy-sleepwear?country=FR
FR,(base English route),Matching Swimwear,chic-pink-mermaid-scales-tankini-set-for-mother-and-daughter,https://www.dresslikemommy.com/products/chic-pink-mermaid-scales-tankini-set-for-mother-and-daughter?country=FR
FR,(base English route),Daddy & Me,daddy-and-me-matching-floral-shirts-black-rose-print-short-sleeve-button-up-set,https://www.dresslikemommy.com/products/daddy-and-me-matching-floral-shirts-black-rose-print-short-sleeve-button-up-set?country=FR
BE,(base English route),Mommy & Me Dresses,elegant-beige-chiffon-family-matching-dresses-mother-daughter-summer-outfits,https://www.dresslikemommy.com/products/elegant-beige-chiffon-family-matching-dresses-mother-daughter-summer-outfits?country=BE
BE,(base English route),Family Matching,elegant-matching-family-outfits-light-blue-halter-dresses-casual-t-shirt-set-for-summer,https://www.dresslikemommy.com/products/elegant-matching-family-outfits-light-blue-halter-dresses-casual-t-shirt-set-for-summer?country=BE
BE,(base English route),Matching Pajamas,cute-matching-mom-and-daughter-cartoon-pajama-set-fun-and-cozy-sleepwear,https://www.dresslikemommy.com/products/cute-matching-mom-and-daughter-cartoon-pajama-set-fun-and-cozy-sleepwear?country=BE
BE,(base English route),Matching Swimwear,chic-pink-mermaid-scales-tankini-set-for-mother-and-daughter,https://www.dresslikemommy.com/products/chic-pink-mermaid-scales-tankini-set-for-mother-and-daughter?country=BE
BE,(base English route),Daddy & Me,daddy-and-me-matching-floral-shirts-black-rose-print-short-sleeve-button-up-set,https://www.dresslikemommy.com/products/daddy-and-me-matching-floral-shirts-black-rose-print-short-sleeve-button-up-set?country=BE
ES,/es,Mommy & Me Dresses,elegant-beige-chiffon-family-matching-dresses-mother-daughter-summer-outfits,https://www.dresslikemommy.com/es/products/elegant-beige-chiffon-family-matching-dresses-mother-daughter-summer-outfits?country=ES
ES,/es,Family Matching,elegant-matching-family-outfits-light-blue-halter-dresses-casual-t-shirt-set-for-summer,https://www.dresslikemommy.com/es/products/elegant-matching-family-outfits-light-blue-halter-dresses-casual-t-shirt-set-for-summer?country=ES
ES,/es,Matching Pajamas,cute-matching-mom-and-daughter-cartoon-pajama-set-fun-and-cozy-sleepwear,https://www.dresslikemommy.com/es/products/cute-matching-mom-and-daughter-cartoon-pajama-set-fun-and-cozy-sleepwear?country=ES
ES,/es,Matching Swimwear,chic-pink-mermaid-scales-tankini-set-for-mother-and-daughter,https://www.dresslikemommy.com/es/products/chic-pink-mermaid-scales-tankini-set-for-mother-and-daughter?country=ES
ES,/es,Daddy & Me,daddy-and-me-matching-floral-shirts-black-rose-print-short-sleeve-button-up-set,https://www.dresslikemommy.com/es/products/daddy-and-me-matching-floral-shirts-black-rose-print-short-sleeve-button-up-set?country=ES
IT,/it,Mommy & Me Dresses,elegant-beige-chiffon-family-matching-dresses-mother-daughter-summer-outfits,https://www.dresslikemommy.com/it/products/elegant-beige-chiffon-family-matching-dresses-mother-daughter-summer-outfits?country=IT
IT,/it,Family Matching,elegant-matching-family-outfits-light-blue-halter-dresses-casual-t-shirt-set-for-summer,https://www.dresslikemommy.com/it/products/elegant-matching-family-outfits-light-blue-halter-dresses-casual-t-shirt-set-for-summer?country=IT
IT,/it,Matching Pajamas,cute-matching-mom-and-daughter-cartoon-pajama-set-fun-and-cozy-sleepwear,https://www.dresslikemommy.com/it/products/cute-matching-mom-and-daughter-cartoon-pajama-set-fun-and-cozy-sleepwear?country=IT
IT,/it,Matching Swimwear,chic-pink-mermaid-scales-tankini-set-for-mother-and-daughter,https://www.dresslikemommy.com/it/products/chic-pink-mermaid-scales-tankini-set-for-mother-and-daughter?country=IT
IT,/it,Daddy & Me,daddy-and-me-matching-floral-shirts-black-rose-print-short-sleeve-button-up-set,https://www.dresslikemommy.com/it/products/daddy-and-me-matching-floral-shirts-black-rose-print-short-sleeve-button-up-set?country=IT
PL,(base English route),Mommy & Me Dresses,elegant-beige-chiffon-family-matching-dresses-mother-daughter-summer-outfits,https://www.dresslikemommy.com/products/elegant-beige-chiffon-family-matching-dresses-mother-daughter-summer-outfits?country=PL
PL,(base English route),Family Matching,elegant-matching-family-outfits-light-blue-halter-dresses-casual-t-shirt-set-for-summer,https://www.dresslikemommy.com/products/elegant-matching-family-outfits-light-blue-halter-dresses-casual-t-shirt-set-for-summer?country=PL
PL,(base English route),Matching Pajamas,cute-matching-mom-and-daughter-cartoon-pajama-set-fun-and-cozy-sleepwear,https://www.dresslikemommy.com/products/cute-matching-mom-and-daughter-cartoon-pajama-set-fun-and-cozy-sleepwear?country=PL
PL,(base English route),Matching Swimwear,chic-pink-mermaid-scales-tankini-set-for-mother-and-daughter,https://www.dresslikemommy.com/products/chic-pink-mermaid-scales-tankini-set-for-mother-and-daughter?country=PL
PL,(base English route),Daddy & Me,daddy-and-me-matching-floral-shirts-black-rose-print-short-sleeve-button-up-set,https://www.dresslikemommy.com/products/daddy-and-me-matching-floral-shirts-black-rose-print-short-sleeve-button-up-set?country=PL
CZ,(base English route),Mommy & Me Dresses,elegant-beige-chiffon-family-matching-dresses-mother-daughter-summer-outfits,https://www.dresslikemommy.com/products/elegant-beige-chiffon-family-matching-dresses-mother-daughter-summer-outfits?country=CZ
CZ,(base English route),Family Matching,elegant-matching-family-outfits-light-blue-halter-dresses-casual-t-shirt-set-for-summer,https://www.dresslikemommy.com/products/elegant-matching-family-outfits-light-blue-halter-dresses-casual-t-shirt-set-for-summer?country=CZ
CZ,(base English route),Matching Pajamas,cute-matching-mom-and-daughter-cartoon-pajama-set-fun-and-cozy-sleepwear,https://www.dresslikemommy.com/products/cute-matching-mom-and-daughter-cartoon-pajama-set-fun-and-cozy-sleepwear?country=CZ
CZ,(base English route),Matching Swimwear,chic-pink-mermaid-scales-tankini-set-for-mother-and-daughter,https://www.dresslikemommy.com/products/chic-pink-mermaid-scales-tankini-set-for-mother-and-daughter?country=CZ
CZ,(base English route),Daddy & Me,daddy-and-me-matching-floral-shirts-black-rose-print-short-sleeve-button-up-set,https://www.dresslikemommy.com/products/daddy-and-me-matching-floral-shirts-black-rose-print-short-sleeve-button-up-set?country=CZ
RO,/ro,Mommy & Me Dresses,elegant-beige-chiffon-family-matching-dresses-mother-daughter-summer-outfits,https://www.dresslikemommy.com/ro/products/elegant-beige-chiffon-family-matching-dresses-mother-daughter-summer-outfits?country=RO
RO,/ro,Family Matching,elegant-matching-family-outfits-light-blue-halter-dresses-casual-t-shirt-set-for-summer,https://www.dresslikemommy.com/ro/products/elegant-matching-family-outfits-light-blue-halter-dresses-casual-t-shirt-set-for-summer?country=RO
RO,/ro,Matching Pajamas,cute-matching-mom-and-daughter-cartoon-pajama-set-fun-and-cozy-sleepwear,https://www.dresslikemommy.com/ro/products/cute-matching-mom-and-daughter-cartoon-pajama-set-fun-and-cozy-sleepwear?country=RO
RO,/ro,Matching Swimwear,chic-pink-mermaid-scales-tankini-set-for-mother-and-daughter,https://www.dresslikemommy.com/ro/products/chic-pink-mermaid-scales-tankini-set-for-mother-and-daughter?country=RO
RO,/ro,Daddy & Me,daddy-and-me-matching-floral-shirts-black-rose-print-short-sleeve-button-up-set,https://www.dresslikemommy.com/ro/products/daddy-and-me-matching-floral-shirts-black-rose-print-short-sleeve-button-up-set?country=RO
GR,(base English route),Mommy & Me Dresses,elegant-beige-chiffon-family-matching-dresses-mother-daughter-summer-outfits,https://www.dresslikemommy.com/products/elegant-beige-chiffon-family-matching-dresses-mother-daughter-summer-outfits?country=GR
GR,(base English route),Family Matching,elegant-matching-family-outfits-light-blue-halter-dresses-casual-t-shirt-set-for-summer,https://www.dresslikemommy.com/products/elegant-matching-family-outfits-light-blue-halter-dresses-casual-t-shirt-set-for-summer?country=GR
GR,(base English route),Matching Pajamas,cute-matching-mom-and-daughter-cartoon-pajama-set-fun-and-cozy-sleepwear,https://www.dresslikemommy.com/products/cute-matching-mom-and-daughter-cartoon-pajama-set-fun-and-cozy-sleepwear?country=GR
GR,(base English route),Matching Swimwear,chic-pink-mermaid-scales-tankini-set-for-mother-and-daughter,https://www.dresslikemommy.com/products/chic-pink-mermaid-scales-tankini-set-for-mother-and-daughter?country=GR
GR,(base English route),Daddy & Me,daddy-and-me-matching-floral-shirts-black-rose-print-short-sleeve-button-up-set,https://www.dresslikemommy.com/products/daddy-and-me-matching-floral-shirts-black-rose-print-short-sleeve-button-up-set?country=GR
PT,/pt,Mommy & Me Dresses,elegant-beige-chiffon-family-matching-dresses-mother-daughter-summer-outfits,https://www.dresslikemommy.com/pt/products/elegant-beige-chiffon-family-matching-dresses-mother-daughter-summer-outfits?country=PT
PT,/pt,Family Matching,elegant-matching-family-outfits-light-blue-halter-dresses-casual-t-shirt-set-for-summer,https://www.dresslikemommy.com/pt/products/elegant-matching-family-outfits-light-blue-halter-dresses-casual-t-shirt-set-for-summer?country=PT
PT,/pt,Matching Pajamas,cute-matching-mom-and-daughter-cartoon-pajama-set-fun-and-cozy-sleepwear,https://www.dresslikemommy.com/pt/products/cute-matching-mom-and-daughter-cartoon-pajama-set-fun-and-cozy-sleepwear?country=PT
PT,/pt,Matching Swimwear,chic-pink-mermaid-scales-tankini-set-for-mother-and-daughter,https://www.dresslikemommy.com/pt/products/chic-pink-mermaid-scales-tankini-set-for-mother-and-daughter?country=PT
PT,/pt,Daddy & Me,daddy-and-me-matching-floral-shirts-black-rose-print-short-sleeve-button-up-set,https://www.dresslikemommy.com/pt/products/daddy-and-me-matching-floral-shirts-black-rose-print-short-sleeve-button-up-set?country=PT
