product_id,product_gid,handle,title,forward_action,rollback_action,rollback_publication_ids,rollback_publication_names
4680207073377,gid://shopify/Product/4680207073377,mommy-and-me-matching-rainbow-stripe-midi-dresses,Mommy and Me Matching Rainbow Stripe Midi Dresses,remove_market_catalogs,restore_market_catalogs,"gid://shopify/Publication/77105823841, gid://shopify/Publication/77105660001, gid://shopify/Publication/77106053217","International, Eurozone, United States"
4801305772129,gid://shopify/Product/4801305772129,mother-daughter-matching-wool-sweater,Mother & Daughter Matching Wool Sweater,remove_market_catalogs,restore_market_catalogs,"gid://shopify/Publication/77105823841, gid://shopify/Publication/77105660001, gid://shopify/Publication/77106053217","International, Eurozone, United States"
4801326973025,gid://shopify/Product/4801326973025,mommy-me-cherries-sweater-cardigan,Mommy & Me Cherries Sweater Cardigan,remove_market_catalogs,restore_market_catalogs,"gid://shopify/Publication/77105823841, gid://shopify/Publication/77105660001, gid://shopify/Publication/77106053217","International, Eurozone, United States"
4802661679201,gid://shopify/Product/4802661679201,matching-plaid-long-sleeve-knee-length-dress,Matching Plaid Long Sleeve Knee-length Dress,remove_market_catalogs,restore_market_catalogs,"gid://shopify/Publication/77105823841, gid://shopify/Publication/77105660001, gid://shopify/Publication/77106053217","International, Eurozone, United States"
4804861722721,gid://shopify/Product/4804861722721,matching-leopard-printed-stitching-long-sleeve-top,Matching Leopard Printed Stitching Long Sleeve Top,remove_market_catalogs,restore_market_catalogs,"gid://shopify/Publication/77105823841, gid://shopify/Publication/77105660001, gid://shopify/Publication/77106053217","International, Eurozone, United States"
4804903207009,gid://shopify/Product/4804903207009,matching-leopard-stitching-long-sleeved-shirt,Matching Leopard Stitching Long-Sleeved Shirt,remove_market_catalogs,restore_market_catalogs,"gid://shopify/Publication/77105823841, gid://shopify/Publication/77105660001, gid://shopify/Publication/77106053217","International, Eurozone, United States"
4804917559393,gid://shopify/Product/4804917559393,mommy-me-matching-stripe-hem-long-sleeve-top,Mommy & Me Matching Stripe Hem Long Sleeve Top,remove_market_catalogs,restore_market_catalogs,"gid://shopify/Publication/77105823841, gid://shopify/Publication/77105660001, gid://shopify/Publication/77106053217","International, Eurozone, United States"
4804951670881,gid://shopify/Product/4804951670881,mommy-me-matching-stars-t-shirt,Mommy & Me Matching Stars T-Shirt,remove_market_catalogs,restore_market_catalogs,"gid://shopify/Publication/77105823841, gid://shopify/Publication/77105660001, gid://shopify/Publication/77106053217","International, Eurozone, United States"
4808303738977,gid://shopify/Product/4808303738977,mommy-me-matching-hearts-rainbow-knitted-sweater,Mommy & Me Matching Hearts Rainbow Knitted Sweater,remove_market_catalogs,restore_market_catalogs,"gid://shopify/Publication/77105823841, gid://shopify/Publication/77105660001, gid://shopify/Publication/77106053217","International, Eurozone, United States"
4815349121121,gid://shopify/Product/4815349121121,matching-sweatshirt-hoodies-tv-blanket,Matching Sweatshirt Hoodies TV Blanket,remove_market_catalogs,restore_market_catalogs,"gid://shopify/Publication/77105823841, gid://shopify/Publication/77105660001, gid://shopify/Publication/77106053217","International, Eurozone, United States"
4815370125409,gid://shopify/Product/4815370125409,matching-contrast-stitching-long-sleeve-t-shirt,Matching Contrast Stitching Long-Sleeve T-Shirt,remove_market_catalogs,restore_market_catalogs,"gid://shopify/Publication/77105823841, gid://shopify/Publication/77105660001, gid://shopify/Publication/77106053217","International, Eurozone, United States"
6587188805729,gid://shopify/Product/6587188805729,mother-daughter-floral-print-jumpsuit-romper,Mother & Daughter Floral Print Jumpsuit Romper,remove_market_catalogs,restore_market_catalogs,"gid://shopify/Publication/77105823841, gid://shopify/Publication/77105660001, gid://shopify/Publication/77106053217","International, Eurozone, United States"
6587229700193,gid://shopify/Product/6587229700193,mother-daughter-matching-tank-dress,Mother Daughter Matching Tank Dress,remove_market_catalogs,restore_market_catalogs,"gid://shopify/Publication/77105823841, gid://shopify/Publication/77105660001, gid://shopify/Publication/77106053217","International, Eurozone, United States"
6587249819745,gid://shopify/Product/6587249819745,matching-floral-ruffled-long-sleeved-romper,Matching Floral Ruffled Long Sleeved Romper,remove_market_catalogs,restore_market_catalogs,"gid://shopify/Publication/77105823841, gid://shopify/Publication/77105660001, gid://shopify/Publication/77106053217","International, Eurozone, United States"
6614633152609,gid://shopify/Product/6614633152609,matching-mom-and-daughter-floral-jumpsuit,Matching Mom And Daughter Floral Jumpsuit,remove_market_catalogs,restore_market_catalogs,"gid://shopify/Publication/77105823841, gid://shopify/Publication/77105660001, gid://shopify/Publication/77106053217","International, Eurozone, United States"
6640605986913,gid://shopify/Product/6640605986913,matching-t-shirt-classy-with-a-side-of-sassy,Matching T-Shirt Classy With A Side Of Sassy,remove_market_catalogs,restore_market_catalogs,"gid://shopify/Publication/77105823841, gid://shopify/Publication/77105660001, gid://shopify/Publication/77106053217","International, Eurozone, United States"
6640631808097,gid://shopify/Product/6640631808097,matching-t-shirt-rainbow-mama-mini,Matching T-Shirt Rainbow Mama & Mini,remove_market_catalogs,restore_market_catalogs,"gid://shopify/Publication/77105823841, gid://shopify/Publication/77105660001, gid://shopify/Publication/77106053217","International, Eurozone, United States"
6640671686753,gid://shopify/Product/6640671686753,matching-t-shirt-heart-puzzle-piece,Matching T-Shirt Heart Puzzle Piece,remove_market_catalogs,restore_market_catalogs,"gid://shopify/Publication/77105823841, gid://shopify/Publication/77105660001, gid://shopify/Publication/77106053217","International, Eurozone, United States"
6640760160353,gid://shopify/Product/6640760160353,matching-t-shirt-minnie-me,Matching T-Shirt Minnie Me,remove_market_catalogs,restore_market_catalogs,"gid://shopify/Publication/77105823841, gid://shopify/Publication/77105660001, gid://shopify/Publication/77106053217","International, Eurozone, United States"
6640857776225,gid://shopify/Product/6640857776225,matching-t-shirt-ive-created-a-unicorn,Matching T-Shirt I've Created A Unicorn,remove_market_catalogs,restore_market_catalogs,"gid://shopify/Publication/77105823841, gid://shopify/Publication/77105660001, gid://shopify/Publication/77106053217","International, Eurozone, United States"
6640859676769,gid://shopify/Product/6640859676769,matching-t-shirt-fall-babe,Matching T-Shirt Fall Babe,remove_market_catalogs,restore_market_catalogs,"gid://shopify/Publication/77105823841, gid://shopify/Publication/77105660001, gid://shopify/Publication/77106053217","International, Eurozone, United States"
6640866590817,gid://shopify/Product/6640866590817,matching-t-shirt-queen-bee-little-honey,Matching T-Shirt Queen Bee Little Honey,remove_market_catalogs,restore_market_catalogs,"gid://shopify/Publication/77105823841, gid://shopify/Publication/77105660001, gid://shopify/Publication/77106053217","International, Eurozone, United States"
6640869900385,gid://shopify/Product/6640869900385,matching-t-shirt-i-love-my-baby-i-love-my-mother,Matching T-Shirt I Love My Baby I Love My Mother,remove_market_catalogs,restore_market_catalogs,"gid://shopify/Publication/77105823841, gid://shopify/Publication/77105660001, gid://shopify/Publication/77106053217","International, Eurozone, United States"
6640874094689,gid://shopify/Product/6640874094689,matching-t-shirt-i-run-a-girl-gang,Matching T-Shirt I Run A Girl Gang,remove_market_catalogs,restore_market_catalogs,"gid://shopify/Publication/77105823841, gid://shopify/Publication/77105660001, gid://shopify/Publication/77106053217","International, Eurozone, United States"
6640876552289,gid://shopify/Product/6640876552289,matching-t-shirt-bear-mama-baby,Matching T-Shirt Bear Mama & Baby,remove_market_catalogs,restore_market_catalogs,"gid://shopify/Publication/77105823841, gid://shopify/Publication/77105660001, gid://shopify/Publication/77106053217","International, Eurozone, United States"
6640885268577,gid://shopify/Product/6640885268577,matching-t-shirt-the-reason-mom-is-tired,Matching T-Shirt The Reason Mom Is Tired,remove_market_catalogs,restore_market_catalogs,"gid://shopify/Publication/77105823841, gid://shopify/Publication/77105660001, gid://shopify/Publication/77106053217","International, Eurozone, United States"
6675104694369,gid://shopify/Product/6675104694369,mommy-and-me-comfy-cotton-pajamas,Mommy and Me Comfy Cotton Pajamas,remove_market_catalogs,restore_market_catalogs,"gid://shopify/Publication/77105823841, gid://shopify/Publication/77105660001, gid://shopify/Publication/77106053217","International, Eurozone, United States"
6675120848993,gid://shopify/Product/6675120848993,vintage-matching-flannel-princess-pjs,Mother-Daughter Matching Cozy Winter Nightgown – Warm Fleece Pajama Dress with Pom-Pom Detail,remove_market_catalogs,restore_market_catalogs,"gid://shopify/Publication/77105823841, gid://shopify/Publication/77105660001, gid://shopify/Publication/77106053217","International, Eurozone, United States"
6675272499297,gid://shopify/Product/6675272499297,mother-daughter-palace-princess-pajamas,Mother & Daughter Palace Princess Pajamas,remove_market_catalogs,restore_market_catalogs,"gid://shopify/Publication/77105823841, gid://shopify/Publication/77105660001, gid://shopify/Publication/77106053217","International, Eurozone, United States"
6676380581985,gid://shopify/Product/6676380581985,matching-sequin-heart-shaped-printed-hoodies,Matching Sequin Heart Shaped Printed Hoodies,remove_market_catalogs,restore_market_catalogs,"gid://shopify/Publication/77105823841, gid://shopify/Publication/77105660001, gid://shopify/Publication/77106053217","International, Eurozone, United States"
6724529520737,gid://shopify/Product/6724529520737,family-matching-long-sleeve-swimwear,Family Matching Long Sleeve Swimwear,remove_market_catalogs,restore_market_catalogs,"gid://shopify/Publication/77105823841, gid://shopify/Publication/77105660001, gid://shopify/Publication/77106053217","International, Eurozone, United States"
6724948754529,gid://shopify/Product/6724948754529,mother-daughter-valentines-day-pajamas,Mother & Daughter Valentine's Day Pajamas,remove_market_catalogs,restore_market_catalogs,"gid://shopify/Publication/77105823841, gid://shopify/Publication/77105660001, gid://shopify/Publication/77106053217","International, Eurozone, United States"
6826238607457,gid://shopify/Product/6826238607457,couple-matching-shirts-mr-and-mrs-wedding-gift-anniversary,Couple Matching Shirts Mr and Mrs Wedding Gift Anniversary,publish_google_youtube,unpublish_google_youtube,gid://shopify/Publication/21969633377,Google & YouTube
6826336583777,gid://shopify/Product/6826336583777,matching-tshirt-i-have-everything-i-need-i-am-everything,Matching Tshirt I Have Everything I Need I AM Everything,publish_google_youtube,unpublish_google_youtube,gid://shopify/Publication/21969633377,Google & YouTube
6835971424353,gid://shopify/Product/6835971424353,matching-love-heart-printing-couple-t-shirts,Matching Love Heart Printing Couple T-Shirts,publish_google_youtube,unpublish_google_youtube,gid://shopify/Publication/21969633377,Google & YouTube
6841759727713,gid://shopify/Product/6841759727713,couple-matching-t-shirt-funny-beard-butt,Couple Matching T-shirt Funny BEARD BUTT,publish_google_youtube,unpublish_google_youtube,gid://shopify/Publication/21969633377,Google & YouTube
6841761300577,gid://shopify/Product/6841761300577,matching-couple-t-shirt-lo-ve,Matching Couple T-Shirt LO VE,publish_google_youtube,unpublish_google_youtube,gid://shopify/Publication/21969633377,Google & YouTube
6841768247393,gid://shopify/Product/6841768247393,couple-t-shirt-power-couple-short-sleeve-t-shirts,Couple T Shirt POWER COUPLE Short Sleeve T Shirts,publish_google_youtube,unpublish_google_youtube,gid://shopify/Publication/21969633377,Google & YouTube
6841780994145,gid://shopify/Product/6841780994145,couple-matching-queen-king-hearts-t-shirts,Couple Matching Queen King Hearts T-shirts,publish_google_youtube,unpublish_google_youtube,gid://shopify/Publication/21969633377,Google & YouTube
6842585317473,gid://shopify/Product/6842585317473,matching-couples-bread-nutella-t-shirt,Matching Couples Bread & Nutella T-shirt,remove_market_catalogs,restore_market_catalogs,"gid://shopify/Publication/77105823841, gid://shopify/Publication/77105660001, gid://shopify/Publication/77106053217","International, Eurozone, United States"
6842586136673,gid://shopify/Product/6842586136673,seeyoushy-couple-clothes-matching-set-lovers-avocado-better-half-printed-valentines-day-graphic-tees-fashion-clothing,Seeyoushy Couple Clothes Matching Set Lovers Avocado Better Half Printed Valentines Day Graphic Tees Fashion  Clothing,remove_market_catalogs,restore_market_catalogs,"gid://shopify/Publication/77105823841, gid://shopify/Publication/77105660001, gid://shopify/Publication/77106053217","International, Eurozone, United States"
6842587119713,gid://shopify/Product/6842587119713,matching-couples-t-shirt-boyfriend-fiance-husband,Matching Couples T-Shirt Boyfriend Fiance Husband,remove_market_catalogs,restore_market_catalogs,"gid://shopify/Publication/77105823841, gid://shopify/Publication/77105660001, gid://shopify/Publication/77106053217","International, Eurozone, United States"
6842587545697,gid://shopify/Product/6842587545697,yin-and-yang-matching-couple-t-shirts,Yin and Yang Matching Couple T-shirts,remove_market_catalogs,restore_market_catalogs,"gid://shopify/Publication/77105823841, gid://shopify/Publication/77105660001, gid://shopify/Publication/77106053217","International, Eurozone, United States"
6842588004449,gid://shopify/Product/6842588004449,bonnie-and-clyde-matching-couple-t-shirts,Bonnie and Clyde Matching Couple T-Shirts,remove_market_catalogs,restore_market_catalogs,"gid://shopify/Publication/77105823841, gid://shopify/Publication/77105660001, gid://shopify/Publication/77106053217","International, Eurozone, United States"
6842588430433,gid://shopify/Product/6842588430433,nothing-makes-sense-when-were-apart-couple-t-shirt,Nothing Makes Sense When We're Apart Couple T-shirt,remove_market_catalogs,restore_market_catalogs,"gid://shopify/Publication/77105823841, gid://shopify/Publication/77105660001, gid://shopify/Publication/77106053217","International, Eurozone, United States"
6842588561505,gid://shopify/Product/6842588561505,mr-good-and-mrs-life-couple-t-shirt,MR. GOOD and MRS. LIFE Couple T-shirt,remove_market_catalogs,restore_market_catalogs,"gid://shopify/Publication/77105823841, gid://shopify/Publication/77105660001, gid://shopify/Publication/77106053217","International, Eurozone, United States"
6842589118561,gid://shopify/Product/6842589118561,dad-to-be-baby-loading-couple-t-shirt-pregnancy-announcement,Dad To Be Baby Loading Couple T-Shirt Pregnancy Announcement,remove_market_catalogs,restore_market_catalogs,"gid://shopify/Publication/77105823841, gid://shopify/Publication/77105660001, gid://shopify/Publication/77106053217","International, Eurozone, United States"
6842589577313,gid://shopify/Product/6842589577313,matching-couple-hoodies-queen-king-crown,Matching Couple Hoodies Queen King Crown,remove_market_catalogs,restore_market_catalogs,"gid://shopify/Publication/77105823841, gid://shopify/Publication/77105660001, gid://shopify/Publication/77106053217","International, Eurozone, United States"
6842594656353,gid://shopify/Product/6842594656353,couple-matching-hoodie-king-and-queen,Couple Matching Hoodie King and Queen,remove_market_catalogs,restore_market_catalogs,"gid://shopify/Publication/77105823841, gid://shopify/Publication/77105660001, gid://shopify/Publication/77106053217","International, Eurozone, United States"
6853246877793,gid://shopify/Product/6853246877793,mommy-daughter-matching-tie-dye-dress,Matching Mommy & Me Pastel Tie-Dye Ruffle Dresses -... | DLM,publish_google_youtube,unpublish_google_youtube,gid://shopify/Publication/21969633377,Google & YouTube
6854357549153,gid://shopify/Product/6854357549153,matching-sunflower-mother-daughter-one-piece-jumpsuits,Matching Sunflower Mother Daughter One-Piece Jumpsuits,remove_market_catalogs,restore_market_catalogs,"gid://shopify/Publication/77105823841, gid://shopify/Publication/77105660001, gid://shopify/Publication/77106053217","International, Eurozone, United States"
6854511493217,gid://shopify/Product/6854511493217,family-matching-outfits-ruffled-sleeve-dress-t-shirt,Family Matching Outfits Ruffled Sleeve Dress & T-Shirt,remove_market_catalogs,restore_market_catalogs,"gid://shopify/Publication/77105823841, gid://shopify/Publication/77105660001, gid://shopify/Publication/77106053217","International, Eurozone, United States"
6854999998561,gid://shopify/Product/6854999998561,family-matching-denim-pink-casual-coat,Family Matching Denim Pink Casual Coat,remove_market_catalogs,restore_market_catalogs,"gid://shopify/Publication/77105823841, gid://shopify/Publication/77105660001, gid://shopify/Publication/77106053217","International, Eurozone, United States"
6979350528097,gid://shopify/Product/6979350528097,family-matching-floral-dress-set-mother-daughter-matching-outfits,Family Matching Floral Dress Set - Mother Daughter Matching Outfits,remove_market_catalogs,restore_market_catalogs,"gid://shopify/Publication/77105823841, gid://shopify/Publication/77105660001, gid://shopify/Publication/77106053217","International, Eurozone, United States"
7014160367713,gid://shopify/Product/7014160367713,parent-child-rainbow-bear-autumn-sweater,Mother-Daughter Matching Rainbow Striped Sweater wi... | DLM,publish_google_youtube,unpublish_google_youtube,gid://shopify/Publication/21969633377,Google & YouTube
7014263914593,gid://shopify/Product/7014263914593,mother-daughter-matching-floral-knit-sweater-vest-pink-brown-retro-style,Mother-Daughter Matching Floral Knit Sweater Vest -... | DLM,publish_google_youtube,unpublish_google_youtube,gid://shopify/Publication/21969633377,Google & YouTube
7107978395745,gid://shopify/Product/7107978395745,mommy-and-me-matching-light-blue-halter-neck-tiered-dresses,Mommy and Me Matching Light Blue Halter Neck Tiered Dresses,publish_google_youtube,unpublish_google_youtube,gid://shopify/Publication/21969633377,Google & YouTube
7108009197665,gid://shopify/Product/7108009197665,mommy-and-me-matching-pink-tie-dye-pleated-maxi-dresses-with-adjustable-straps,Matching Pink Tie-Dye Pleated Maxi Dresses with Adj... | DLM,publish_google_youtube,unpublish_google_youtube,gid://shopify/Publication/21969633377,Google & YouTube
7108045897825,gid://shopify/Product/7108045897825,mommy-and-me-matching-silver-asymmetrical-chiffon-dresses-with-strappy-backs,Matching Silver Asymmetrical Chiffon Dresses with S... | DLM,publish_google_youtube,unpublish_google_youtube,gid://shopify/Publication/21969633377,Google & YouTube
7108071063649,gid://shopify/Product/7108071063649,elegant-black-ruffle-dress-chic-sleeveless-layered-dress-for-mother-and-daughter-perfect-for-parties-and-events,Elegant Black Ruffle Dress - Chic Sleeveless Layere... | DLM,publish_google_youtube,unpublish_google_youtube,gid://shopify/Publication/21969633377,Google & YouTube
7108104061025,gid://shopify/Product/7108104061025,chic-family-matching-sleeveless-dresses-ruffled-hem-mother-daughter-summer-outfit,Matching Sequin Lace Tulle Dresses with Crisscross ... | DLM,publish_google_youtube,unpublish_google_youtube,gid://shopify/Publication/21969633377,Google & YouTube
7108125753441,gid://shopify/Product/7108125753441,elegant-chiffon-sleeveless-dress-with-sequin-detail-mother-and-daughter-matching-outfits,Elegant Chiffon Sleeveless Dress with Sequin Detail... | DLM,publish_google_youtube,unpublish_google_youtube,gid://shopify/Publication/21969633377,Google & YouTube
7108141383777,gid://shopify/Product/7108141383777,elegant-mother-daughter-matching-summer-dress-ruffled-layered-chiffon-with-sequin-embellishments,Elegant Mother & Daughter Matching Summer Dress - R... | DLM,publish_google_youtube,unpublish_google_youtube,gid://shopify/Publication/21969633377,Google & YouTube
7109517770849,gid://shopify/Product/7109517770849,mother-daughter-vibrant-two-piece-swimsuit-set-with-flowing-skirt-matching-family-swimwear-collection,Mother & Daughter Vibrant Two-Piece Swimsuit Set with Flowing Skirt  Matching Family Swimwear Collection,remove_market_catalogs,restore_market_catalogs,"gid://shopify/Publication/77105823841, gid://shopify/Publication/77105660001, gid://shopify/Publication/77106053217","International, Eurozone, United States"
7227252670561,gid://shopify/Product/7227252670561,mommy-and-me-matching-pink-sleeveless-summer-dress-elegant-sundress-for-mother-daughter,Matching Pink Sleeveless Summer Dress Elegant Sundr... | DLM,publish_google_youtube,unpublish_google_youtube,gid://shopify/Publication/21969633377,Google & YouTube
7227254276193,gid://shopify/Product/7227254276193,mommy-and-me-matching-yellow-sleeveless-maxi-dress-vibrant-summer-beach-dress-for-mother-daughter,Matching Yellow Sleeveless Maxi Dress Vibrant Summe... | DLM,publish_google_youtube,unpublish_google_youtube,gid://shopify/Publication/21969633377,Google & YouTube
7227260797025,gid://shopify/Product/7227260797025,matching-mommy-me-plaid-flannel-shirts-cozy-button-up-jackets-for-fall,Matching Mommy & Me Plaid Flannel Shirts Cozy Butto... | DLM,publish_google_youtube,unpublish_google_youtube,gid://shopify/Publication/21969633377,Google & YouTube
7227270299745,gid://shopify/Product/7227270299745,matching-mommy-me-sunflower-maxi-dresses-sleeveless-floral-print-summer-dress,Matching Mommy & Me Sunflower Maxi Dresses Sleevele... | DLM,publish_google_youtube,unpublish_google_youtube,gid://shopify/Publication/21969633377,Google & YouTube
7227270791265,gid://shopify/Product/7227270791265,matching-mommy-me-smocked-sundresses-vibrant-floral-and-patterned-summer-dresses,Matching Mommy & Me Smocked Sundresses Vibrant Flor... | DLM,publish_google_youtube,unpublish_google_youtube,gid://shopify/Publication/21969633377,Google & YouTube
7227355988065,gid://shopify/Product/7227355988065,matching-mommy-me-floral-strappy-back-maxi-dresses-summer-beach-outfit,Matching Mommy & Me Floral Strappy Back Maxi Dresse... | DLM,publish_google_youtube,unpublish_google_youtube,gid://shopify/Publication/21969633377,Google & YouTube
7227356282977,gid://shopify/Product/7227356282977,matching-mommy-me-colorful-watercolor-maxi-dresses-sleeveless-summer-dress,Matching Mommy & Me Colorful Watercolor Maxi Dresse... | DLM,publish_google_youtube,unpublish_google_youtube,gid://shopify/Publication/21969633377,Google & YouTube
7227374534753,gid://shopify/Product/7227374534753,matching-mommy-me-tiered-smocked-dresses-elegant-puff-sleeve-dress-set,Matching Mommy & Me Tiered Smocked Dresses – Elegant Puff Sleeve Dress Set,remove_market_catalogs,restore_market_catalogs,"gid://shopify/Publication/77105823841, gid://shopify/Publication/77105660001, gid://shopify/Publication/77106053217","International, Eurozone, United States"
7227375714401,gid://shopify/Product/7227375714401,matching-family-yellow-beach-outfits-summer-vacation-dresses-shorts-set,Yellow Beach Outfits Summer Vacation Dresses & Shor... | DLM,publish_google_youtube,unpublish_google_youtube,gid://shopify/Publication/21969633377,Google & YouTube
7227378892897,gid://shopify/Product/7227378892897,matching-family-beach-outfits-holiday-palm-tree-print-summer-dresses-shorts-set,Beach Outfits Holiday Palm Tree Print Summer Dresse... | DLM,publish_google_youtube,unpublish_google_youtube,gid://shopify/Publication/21969633377,Google & YouTube
7227378925665,gid://shopify/Product/7227378925665,tropical-matching-family-beach-outfits-colorful-leaf-print-summer-dresses-shorts-set,Tropical Beach Outfits Colorful Leaf Print Summer D... | DLM,publish_google_youtube,unpublish_google_youtube,gid://shopify/Publication/21969633377,Google & YouTube
7227379023969,gid://shopify/Product/7227379023969,elegant-matching-family-outfits-light-blue-halter-dresses-casual-t-shirt-set-for-summer,Elegant Outfits Light Blue Halter Dresses & Casual ... | DLM,publish_google_youtube,unpublish_google_youtube,gid://shopify/Publication/21969633377,Google & YouTube
7227380269153,gid://shopify/Product/7227380269153,matching-rainbow-striped-family-cardigans-cozy-good-mood-knit-sweaters-for-mom-and-kids,"Matching Rainbow Striped Family Cardigans Cozy ""Goo... | DLM",publish_google_youtube,unpublish_google_youtube,gid://shopify/Publication/21969633377,Google & YouTube
7227418738785,gid://shopify/Product/7227418738785,matching-family-striped-cardigans-navy-and-red-heart-embroidery-knit-sweaters-for-mom-dad-and-kids,Striped Cardigans Navy and Red Heart Embroidery Kni... | DLM,publish_google_youtube,unpublish_google_youtube,gid://shopify/Publication/21969633377,Google & YouTube
7227427881057,gid://shopify/Product/7227427881057,matching-mommy-and-me-bear-striped-knit-sweaters-cozy-family-outfit-with-embroidered-bear-design,Matching Bear Striped Knit Sweaters Cozy Family Out... | DLM,publish_google_youtube,unpublish_google_youtube,gid://shopify/Publication/21969633377,Google & YouTube
7227429126241,gid://shopify/Product/7227429126241,matching-family-red-stripe-knit-sweaters-half-zip-pullover-for-mom-dad-and-kids,"Red Stripe Knit Sweaters Half-Zip Pullover for Mom,... | DLM",publish_google_youtube,unpublish_google_youtube,gid://shopify/Publication/21969633377,Google & YouTube
7227431616609,gid://shopify/Product/7227431616609,matching-family-denim-jackets-classic-light-wash-jean-shirt-for-mom-dad-and-kids,Denim Jackets Classic Light-Wash Jean Shirt for Mom... | DLM,publish_google_youtube,unpublish_google_youtube,gid://shopify/Publication/21969633377,Google & YouTube
7227434106977,gid://shopify/Product/7227434106977,matching-family-heart-embroidery-cardigans-cream-and-red-knit-sweaters-for-parents-and-kids,Heart Embroidery Cardigans Cream and Red Knit Sweat... | DLM,publish_google_youtube,unpublish_google_youtube,gid://shopify/Publication/21969633377,Google & YouTube
7227434958945,gid://shopify/Product/7227434958945,matching-mother-and-daughter-heart-knit-cardigans-cream-and-black-sweaters-for-mommy-me,Matching Mother and Daughter Heart Knit Cardigans C... | DLM,publish_google_youtube,unpublish_google_youtube,gid://shopify/Publication/21969633377,Google & YouTube
7227435450465,gid://shopify/Product/7227435450465,matching-color-block-knit-sweaters-vibrant-family-pullover-for-mom-and-kids,Matching Color-Block Knit Sweaters Vibrant Family P... | DLM,publish_google_youtube,unpublish_google_youtube,gid://shopify/Publication/21969633377,Google & YouTube
7227436367969,gid://shopify/Product/7227436367969,matching-star-knit-sweater-dress-cozy-cream-family-outfit-for-mom-and-daughter,Matching Star Knit Sweater Dress Cozy Cream Family ... | DLM,publish_google_youtube,unpublish_google_youtube,gid://shopify/Publication/21969633377,Google & YouTube
7227438530657,gid://shopify/Product/7227438530657,matching-mother-and-daughter-beach-dresses-elegant-cream-chiffon-maxi-dress-set,Matching Mother and Daughter Beach Dresses Elegant ... | DLM,publish_google_youtube,unpublish_google_youtube,gid://shopify/Publication/21969633377,Google & YouTube
7227439546465,gid://shopify/Product/7227439546465,matching-family-tropical-floral-beach-outfits-navy-and-orange-flower-print-dresses-shirts-set,Matching Tropical Floral Beach Outfits Navy and Ora... | DLM,publish_google_youtube,unpublish_google_youtube,gid://shopify/Publication/21969633377,Google & YouTube
7227620982881,gid://shopify/Product/7227620982881,matching-family-striped-fleece-hoodies-cozy-winter-pullover-for-parents-and-kids,Striped Fleece Hoodies Cozy Winter Pullover for Par... | DLM,publish_google_youtube,unpublish_google_youtube,gid://shopify/Publication/21969633377,Google & YouTube
7227624554593,gid://shopify/Product/7227624554593,matching-family-denim-button-up-shirts-casual-unisex-jean-jackets-for-parents-and-kids,Denim Button-Up Shirts Casual Unisex Jean Jackets f... | DLM,publish_google_youtube,unpublish_google_youtube,gid://shopify/Publication/21969633377,Google & YouTube
7227630649441,gid://shopify/Product/7227630649441,mother-daughter-matching-summer-dresses-vibrant-printed-sleeveless-maxi-dresses,Mother-Daughter Matching Summer Dresses Vibrant Pri... | DLM,publish_google_youtube,unpublish_google_youtube,gid://shopify/Publication/21969633377,Google & YouTube
7228773466209,gid://shopify/Product/7228773466209,cozy-matching-black-white-striped-sweater-set-for-mom-and-daughter,Cozy Matching Black & White Striped Sweater Set for... | DLM,publish_google_youtube,unpublish_google_youtube,gid://shopify/Publication/21969633377,Google & YouTube
7228788867169,gid://shopify/Product/7228788867169,cute-matching-mom-and-daughter-cartoon-pajama-set-fun-and-cozy-sleepwear,Cute Matching Cartoon Pajama Set - Fun and Cozy Sle... | DLM,publish_google_youtube,unpublish_google_youtube,gid://shopify/Publication/21969633377,Google & YouTube
7229023846497,gid://shopify/Product/7229023846497,vibrant-rainbow-maxi-dress-set-for-mom-and-daughter-colorful-summer-matching-outfits,Vibrant Rainbow Maxi Dress Set for Colorful Summer ... | DLM,publish_google_youtube,unpublish_google_youtube,gid://shopify/Publication/21969633377,Google & YouTube
7229026304097,gid://shopify/Product/7229026304097,elegant-floral-off-shoulder-mommy-and-me-dress-set-perfect-for-summer-outings,Elegant Floral Off-Shoulder Dress Set Perfect for S... | DLM,publish_google_youtube,unpublish_google_youtube,gid://shopify/Publication/21969633377,Google & YouTube
7229027876961,gid://shopify/Product/7229027876961,stylish-blue-sleeveless-mommy-and-me-dress-set-with-bow-detail-perfect-for-summer-outings,Stylish Blue Sleeveless Dress Set with Bow Detail P... | DLM,publish_google_youtube,unpublish_google_youtube,gid://shopify/Publication/21969633377,Google & YouTube
7229124673633,gid://shopify/Product/7229124673633,green-and-white-matching-family-outfits-stylish-floral-print-family-set-for-parents-and-kids,Green and White Outfits Stylish Floral Print Family... | DLM,publish_google_youtube,unpublish_google_youtube,gid://shopify/Publication/21969633377,Google & YouTube
7229128441953,gid://shopify/Product/7229128441953,vibrant-rainbow-family-matching-outfits-striped-t-shirts-and-yellow-overalls-set-for-family-outings,Vibrant Rainbow Outfits Striped T-Shirts and Yellow... | DLM,publish_google_youtube,unpublish_google_youtube,gid://shopify/Publication/21969633377,Google & YouTube
7229130342497,gid://shopify/Product/7229130342497,gradient-ombre-family-matching-outfits-pink-blue-t-shirts-with-white-shorts-set,Gradient Ombre Outfits Pink & Blue T-Shirts with Wh... | DLM,publish_google_youtube,unpublish_google_youtube,gid://shopify/Publication/21969633377,Google & YouTube
7229130801249,gid://shopify/Product/7229130801249,elegant-beige-chiffon-family-matching-dresses-mother-daughter-summer-outfits,Beige Chiffon Mother & Daughter Matching Summer Dresses,publish_google_youtube,unpublish_google_youtube,gid://shopify/Publication/21969633377,Google & YouTube
7229132472417,gid://shopify/Product/7229132472417,mother-daughter-matching-navy-knit-cardigan-set-gingham-ruffle-trim-bow-accent,Mother-Daughter Matching Navy Knit Cardigan Set Gin... | DLM,publish_google_youtube,unpublish_google_youtube,gid://shopify/Publication/21969633377,Google & YouTube
7229259874401,gid://shopify/Product/7229259874401,family-matching-t-shirt-set-with-colorful-heart-brushstroke-design,T-Shirt Set with Colorful Heart Brushstroke Design | DLM,publish_google_youtube,unpublish_google_youtube,gid://shopify/Publication/21969633377,Google & YouTube
