handle,current_title,replacement_title,reasons,status,published
battery-themed-matching-family-t-shirt-set-super-tired-parents-energetic-kids,Battery-Themed T-Shirt Set - Super Tired Parents & ... | DLM,Battery-Themed Matching Family T-Shirt Set – Super Tired Parents & Energetic Kids,"dlm_suffix,ellipsis",active,true
beautiful-rainbow-family-matching-t-shirts-colorful-sunshine-design,Beautiful Rainbow T-Shirts - Colorful Sunshine Design | DLM,Beautiful Rainbow Family Matching T-Shirts - Colorful Sunshine Design,dlm_suffix,active,true
boho-chic-family-matching-outfit-flowy-skirts-and-paisley-shirts,Boho Chic Outfit - Flowy Skirts and Paisley Shirts | DLM,Boho Chic Family Matching Outfit - Flowy Skirts and Paisley Shirts,dlm_suffix,active,true
chic-color-block-one-piece-swimsuit-for-mother-daughter-vibrant-sleek-beachwear,Chic Color-Block One-Piece Swimsuit for Mother & Da... | DLM,Chic Color-Block One-Piece Swimsuit for Mother & Daughter  Vibrant & Sleek Beachwear,"dlm_suffix,ellipsis",active,true
chic-family-bonding-mother-daughter-matching-swimsuit-set-with-long-sleeved-cover-up,Chic Family Bonding - Mother & Daughter Matching Sw... | DLM,Chic Family Bonding - Mother & Daughter Matching Swimsuit Set with Long-Sleeved Cover-Up,"dlm_suffix,ellipsis",active,true
chic-family-matching-sleeveless-dresses-ruffled-hem-mother-daughter-summer-outfit,Matching Sequin Lace Tulle Dresses with Crisscross ... | DLM,Mommy and Me Matching Sequin Lace Tulle Dresses with Crisscross Straps,"dlm_suffix,ellipsis",active,true
chic-family-tides-mother-daughter-matching-two-piece-swimsuit-with-skirt-vibrant-versatile-swimwear-collection,Chic Family Tides: Mother & Daughter Matching Two-P... | DLM,Chic Family Tides: Mother & Daughter Matching Two-Piece Swimsuit with Skirt - Vibrant & Versatile Swimwear Collection,"dlm_suffix,ellipsis",active,true
chic-floral-ruffle-one-shoulder-swimsuit-for-women-and-girls-elegant-asymmetrical-swimwear-set-in-vibrant-tropics-print,Chic Floral Ruffle One-Shoulder Swimsuit for Women ... | DLM,Chic Floral Ruffle One-Shoulder Swimsuit for Women and Girls  Elegant Asymmetrical Swimwear Set in Vibrant Tropics Print,"dlm_suffix,ellipsis",active,true
chic-leopard-print-one-piece-swimsuit-with-ruffle-accent-timeless-mother-daughter-beachwear,Chic Leopard Print One-Piece Swimsuit with Ruffle A... | DLM,Chic Leopard Print One-Piece Swimsuit with Ruffle Accent - Timeless Mother & Daughter Beachwear,"dlm_suffix,ellipsis",active,true
chic-mother-daughter-matching-swimsuit-set-with-floral-cover-up-family-beachwear-collection,Chic Mother-Daughter Matching Swimsuit Set with Flo... | DLM,Chic Mother-Daughter Matching Swimsuit Set with Floral Cover-Up  Family Beachwear Collection,"dlm_suffix,ellipsis",active,true
chic-mother-daughter-one-shoulder-swimsuit-with-playful-ruffles-and-contrasting-stripes-nylon-polyester-blend,Chic Mother-Daughter One-Shoulder Swimsuit with Pla... | DLM,Chic Mother-Daughter One-Shoulder Swimsuit with Playful Ruffles and Contrasting Stripes - Nylon & Polyester Blend,"dlm_suffix,ellipsis",active,true
chic-mother-daughter-two-piece-swimsuit-family-matching-swimwear-in-vibrant-colors,Chic Mother-Daughter Two-Piece Swimsuit - Swimwear ... | DLM,Chic Mother-Daughter Two-Piece Swimsuit - Family Matching Swimwear in Vibrant Colors,"dlm_suffix,ellipsis",active,true
chic-ocean-blue-mother-daughter-swimsuit-duo-stylish-ruffle-top-with-paisley-high-waisted-bottoms,Chic Ocean Blue Mother-Daughter Swimsuit Duo Stylis... | DLM,Chic Ocean Blue Mother-Daughter Swimsuit Duo  Stylish Ruffle Top with Paisley High-Waisted Bottoms,"dlm_suffix,ellipsis",active,true
chic-one-shoulder-striped-ruffle-swimsuit-for-women-and-girls-elegant-monokini-with-side-tie,Chic One-Shoulder Striped Ruffle Swimsuit for Women... | DLM,Chic One-Shoulder Striped Ruffle Swimsuit for Women and Girls - Elegant Monokini with Side Tie,"dlm_suffix,ellipsis",active,true
chic-striped-one-piece-swimsuit-with-playful-ruffle-detail-a-duo-of-elegance-for-mother-daughter,Chic Striped One-Piece Swimsuit with Playful Ruffle... | DLM,Chic Striped One-Piece Swimsuit with Playful Ruffle Detail - A Duo of Elegance for Mother & Daughter,"dlm_suffix,ellipsis",active,true
chic-tropical-floral-high-neck-swimsuit-set-for-women-and-girls-zippered-sleeveless-quick-dry-swimwear,Chic Tropical Floral High-Neck Swimsuit Set for Wom... | DLM,"Chic Tropical Floral High-Neck Swimsuit Set for Women and Girls - Zippered, Sleeveless, Quick-Dry Swimwear","dlm_suffix,ellipsis",active,true
chic-tropical-one-shoulder-ruffle-swimsuit-set-for-mother-and-daughter-vibrant-floral-pattern-with-comfort-stretch,Chic Tropical One-Shoulder Ruffle Swimsuit Set for ... | DLM,Chic Tropical One-Shoulder Ruffle Swimsuit Set for Mother and Daughter  Vibrant Floral Pattern with Comfort Stretch,"dlm_suffix,ellipsis",active,true
chic-tropical-ruffle-one-piece-swimsuit-lush-botanical-print-with-elegant-solid-trim-for-mother-child,Chic Tropical Ruffle One-Piece Swimsuit - Lush Bota... | DLM,Chic Tropical Ruffle One-Piece Swimsuit - Lush Botanical Print with Elegant Solid Trim for Mother & Child,"dlm_suffix,ellipsis",active,true
chic-two-piece-swimsuit-set-ruffle-detail-top-and-high-waisted-bottoms-in-four-vibrant-colors,Chic Two-Piece Swimsuit Set Ruffle Detail Top and H... | DLM,Chic Two-Piece Swimsuit Set  Ruffle Detail Top and High-Waisted Bottoms in Four Vibrant Colors,"dlm_suffix,ellipsis",active,true
chic-two-piece-swimsuit-with-skirt-family-matching-swimwear-for-mother-and-daughter-available-in-blue-green-black,Chic Two-Piece Swimsuit with Skirt Swimwear for Mot... | DLM,"Chic Two-Piece Swimsuit with Skirt  Family Matching Swimwear for Mother and Daughter  Available in Blue, Green, Black","dlm_suffix,ellipsis",active,true
chiffon-shoulder-less-maternity-dresses-for-photo-shoot-white-front-open,Chiffon Shoulder-less Maternity Dresses for Photo S... | DLM,Chiffon Shoulder-less Maternity Dresses for Photo Shoot White Front Open,"dlm_suffix,ellipsis",active,true
colorful-family-matching-love-t-shirts-fun-bold-lettering-design-in-multiple-colors,"Colorful ""LOVE"" T-Shirts - Fun Bold Lettering Desig... | DLM","Colorful Family Matching ""LOVE"" T-Shirts – Fun Bold Lettering Design in Multiple Colors","dlm_suffix,ellipsis",active,true
colorful-i-love-family-matching-t-shirts-set-for-the-whole-family,"Colorful ""I Love Family"" Matching T-Shirts Set for ... | DLM","Colorful ""I Love Family"" Matching T-Shirts Set for the Whole Family","dlm_suffix,ellipsis",active,true
cozy-matching-black-white-striped-sweater-set-for-mom-and-daughter,Cozy Matching Black & White Striped Sweater Set for... | DLM,Cozy Matching Black & White Striped Sweater Set for Mom and Daughter,"dlm_suffix,ellipsis",active,true
cute-dinosaur-family-matching-t-shirts-what-are-you-doing-hug-design,"Cute Dinosaur T-Shirts - ""What Are You Doing?"" Hug ... | DLM","Cute Dinosaur Family Matching T-Shirts - ""What Are You Doing?"" Hug Design","dlm_suffix,ellipsis",active,true
cute-family-matching-cartoon-t-shirts-sun-cloud-plant-design-in-5-colors,"Cute Cartoon T-Shirts - Sun, Cloud & Plant Design i... | DLM","Cute Family Matching Cartoon T-Shirts – Sun, Cloud & Plant Design in 5 Colors","dlm_suffix,ellipsis",active,true
cute-matching-mom-and-daughter-cartoon-pajama-set-fun-and-cozy-sleepwear,Cute Matching Cartoon Pajama Set - Fun and Cozy Sle... | DLM,Cute Matching Mom and Daughter Cartoon Pajama Set - Fun and Cozy Sleepwear,"dlm_suffix,ellipsis",active,true
daddy-and-me-original-remix-t-shirt,"Father & Baby Matching ""The Original"" and ""The Remi... | DLM","Father & Baby Matching ""The Original"" and ""The Remix"" T-Shirt  – Cute Family Outfit","dlm_suffix,ellipsis",active,true
daddy-baby-bestie-heart-matching-t-shirt-onesie-set-adorable-father-and-child-outfit,"Daddy & Baby ""Bestie Heart"" Matching T-Shirt & Ones... | DLM","Daddy & Baby ""Bestie Heart"" Matching T-Shirt & Onesie Set – Adorable Father and Child Outfit","dlm_suffix,ellipsis",active,true
daddy-baby-matching-daddysaurus-and-babysaurus-t-shirt-set-fun-dinosaur-dad-and-baby-outfit,"Daddy & Baby Matching ""Daddysaurus"" and ""Babysaurus... | DLM","Daddy & Baby Matching ""Daddysaurus"" and ""Babysaurus"" T-Shirt Set – Fun Dinosaur Dad and Baby Outfit","dlm_suffix,ellipsis",active,true
daddy-me-beer-monster-milk-monster-matching-t-shirt-set,"Daddy & Me ""Beer Monster"" & ""Milk Monster"" Matching... | DLM","Daddy & Me ""Beer Monster"" & ""Milk Monster"" Matching T-Shirt Set","dlm_suffix,ellipsis",active,true
daddy-me-matching-family-t-shirt-set-heartfelt-father-child-bond-outfit,Daddy & Me T-Shirt Set - Heartfelt Father-Child Bon... | DLM,Daddy & Me Matching Family T-Shirt Set – Heartfelt Father-Child Bond Outfit,"dlm_suffix,ellipsis",active,true
daddy-me-my-best-lady-my-best-man,"Matching Daddy & Baby ""My Best Lady"" and ""My Best M... | DLM","Matching Daddy & Baby ""My Best Lady"" and ""My Best Man"" T-Shirt Set – Father and Baby Outfit","dlm_suffix,ellipsis",active,true
dynamic-duo-father-and-son-matching-swim-trunks-family-beachwear-set,"Dynamic Duo"" Father and Son Matching Swim Trunks - ... | DLM","Dynamic Duo"" Father and Son Matching Swim Trunks - Family Beachwear Set","dlm_suffix,ellipsis",active,true
elegant-beige-chiffon-family-matching-dresses-mother-daughter-summer-outfits,Elegant Beige Chiffon Dresses Mother & Daughter Sum... | DLM,Elegant Beige Chiffon Family Matching Dresses  Mother & Daughter Summer Outfits,"dlm_suffix,ellipsis",active,true
elegant-black-ruffle-dress-chic-sleeveless-layered-dress-for-mother-and-daughter-perfect-for-parties-and-events,Elegant Black Ruffle Dress - Chic Sleeveless Layere... | DLM,"Elegant Black Ruffle Dress - Chic Sleeveless Layered Dress for Mother and Daughter, Perfect for Parties and Events","dlm_suffix,ellipsis",active,true
elegant-blue-and-white-floral-one-piece-swimsuit-timeless-style-for-mother-and-daughter,Elegant Blue and White Floral One-Piece Swimsuit - ... | DLM,Elegant Blue and White Floral One-Piece Swimsuit - Timeless Style for Mother and Daughter,"dlm_suffix,ellipsis",active,true
elegant-chiffon-sleeveless-dress-with-sequin-detail-mother-and-daughter-matching-outfits,Elegant Chiffon Sleeveless Dress with Sequin Detail... | DLM,Elegant Chiffon Sleeveless Dress with Sequin Detail - Mother and Daughter Matching Outfits,"dlm_suffix,ellipsis",active,true
elegant-chocolate-brown-monokini-for-mother-daughter-duo-sleek-halter-neckline-with-playful-polka-dot-tie-sides,Elegant Chocolate Brown Monokini for Mother & Daugh... | DLM,Elegant Chocolate Brown Monokini for Mother & Daughter Duo - Sleek Halter Neckline with Playful Polka Dot Tie Sides,"dlm_suffix,ellipsis",active,true
elegant-floral-off-shoulder-mommy-and-me-dress-set-perfect-for-summer-outings,Elegant Floral Off-Shoulder Dress Set Perfect for S... | DLM,Elegant Floral Off-Shoulder Mommy and Me Dress Set  Perfect for Summer Outings,"dlm_suffix,ellipsis",active,true
elegant-long-sleeve-leopard-print-swimsuit-for-mother-and-daughter,Elegant Long-Sleeve Leopard Print Swimsuit for Moth... | DLM,Elegant Long-Sleeve Leopard Print Swimsuit for Mother and Daughter,"dlm_suffix,ellipsis",active,true
elegant-matching-family-outfits-light-blue-halter-dresses-casual-t-shirt-set-for-summer,Elegant Outfits Light Blue Halter Dresses & Casual ... | DLM,Elegant Matching Family Outfits  Light Blue Halter Dresses & Casual T-shirt Set for Summer,"dlm_suffix,ellipsis",active,true
elegant-mother-daughter-matching-one-piece-swimsuit-with-patterned-mesh-skirt-family-beachwear-set,Elegant Mother Daughter Matching One-Piece Swimsuit... | DLM,Elegant Mother Daughter Matching One-Piece Swimsuit with Patterned Mesh Skirt  Family Beachwear Set,"dlm_suffix,ellipsis",active,true
elegant-mother-daughter-matching-summer-dress-ruffled-layered-chiffon-with-sequin-embellishments,Elegant Mother & Daughter Matching Summer Dress - R... | DLM,Elegant Mother & Daughter Matching Summer Dress - Ruffled Layered Chiffon with Sequin Embellishments,"dlm_suffix,ellipsis",active,true
elegant-tropical-high-waisted-swimsuit-set-for-mother-and-daughter-radiant-red-halter-neck-design,Elegant Tropical High-Waisted Swimsuit Set for Moth... | DLM,Elegant Tropical High-Waisted Swimsuit Set for Mother and Daughter  Radiant Red Halter Neck Design,"dlm_suffix,ellipsis",active,true
enchanting-mermaid-scales-two-piece-swimsuit-set-for-mother-and-daughter-rainbow-hues-with-flirty-skirt-detail,Enchanting Mermaid Scales Two-Piece Swimsuit Set fo... | DLM,Enchanting Mermaid Scales Two-Piece Swimsuit Set for Mother and Daughter - Rainbow Hues with Flirty Skirt Detail,"dlm_suffix,ellipsis",active,true
eternal-love-family-matching-t-shirts-colorful-heart-design,Eternal Love T-Shirts - Colorful Heart Design | DLM,Eternal Love Family Matching T-Shirts - Colorful Heart Design,dlm_suffix,active,true
family-christmas-sweatshirt-set-merry-christmas-matching-holiday-sweaters-for-family,"Family Christmas Sweatshirt Set - ""Merry Christmas""... | DLM","Family Christmas Sweatshirt Set - ""Merry Christmas"" Matching Holiday Sweaters for Family","dlm_suffix,ellipsis",active,true
family-christmas-tree-graphic-matching-t-shirts-merry-christmas-holiday-family-outfits,"Family Christmas Tree Graphic Matching T-Shirts - ""... | DLM","Family Christmas Tree Graphic Matching T-Shirts - ""Merry Christmas"" Holiday Family Outfits","dlm_suffix,ellipsis",active,true
family-matching-beach-dress-and-shirt-set-light-blue-floral-hawaiian-print,Beach Dress and Shirt Set - Light Blue Floral Hawai... | DLM,Family Matching Beach Dress and Shirt Set - Light Blue Floral Hawaiian Print,"dlm_suffix,ellipsis",active,true
family-matching-cable-knit-sweaters-heart-embroidered-unisex-pullovers,Cable Knit Sweaters Heart Embroidered Unisex Pullovers | DLM,Family Matching Cable Knit Sweaters  Heart Embroidered Unisex Pullovers,dlm_suffix,active,true
family-matching-christmas-buffalo-plaid-onesies-with-flap-cozy-red-black-pajamas,Christmas Buffalo Plaid Onesies with Flap - Cozy Re... | DLM,Family Matching Christmas Buffalo Plaid Onesies with Flap - Cozy Red & Black Pajamas,"dlm_suffix,ellipsis",active,true
family-matching-christmas-deer-snowflake-pjs,Christmas Pajamas - Nordic Reindeer Print Holiday P... | DLM,Matching Family Christmas Pajamas - Nordic Reindeer Print Holiday PJs Set for All Ages,"dlm_suffix,ellipsis",active,true
family-matching-christmas-fair-isle-pajamas-festive-red-green-holiday-pajama-set-for-adults-kids-pets,Christmas Fair Isle Pajamas - Festive Red & Green H... | DLM,"Family Matching Christmas Fair Isle Pajamas - Festive Red & Green Holiday Pajama Set for Adults, Kids & Pets","dlm_suffix,ellipsis",active,true
family-matching-christmas-pajamas-merry-christmas-gnome-fair-isle-pajama-set-for-kids-and-adults,"Christmas Pajamas - ""Merry Christmas"" Gnome & Fair ... | DLM","Family Matching Christmas Pajamas - ""Merry Christmas"" Gnome & Fair Isle Pajama Set for Kids and Adults","dlm_suffix,ellipsis",active,true
family-matching-christmas-tree-fair-isle-pajamas-green-red-festive-pajama-set-for-adults-kids-pets,Christmas Tree Fair Isle Pajamas - Green & Red Fest... | DLM,"Family Matching Christmas Tree Fair Isle Pajamas - Green & Red Festive Pajama Set for Adults, Kids & Pets","dlm_suffix,ellipsis",active,true
family-matching-dinosaur-sweatshirt-set-cute-what-are-you-doing-design-in-multiple-colors,"Dinosaur Sweatshirt Set - Cute ""What Are You Doing?... | DLM","Family Matching Dinosaur Sweatshirt Set - Cute ""What Are You Doing?"" Design in Multiple Colors","dlm_suffix,ellipsis",active,true
family-matching-dress-and-t-shirt-set-summer-fun-for-the-whole-family,Dress and T-Shirt Set - Summer Fun for the Whole Fa... | DLM,Family Matching Dress and T-Shirt Set - Summer Fun for the Whole Family!,"dlm_suffix,ellipsis",active,true
family-matching-dresses-and-t-shirts-show-your-family-spirit,Dresses and T-Shirts: Show Your Family Spirit | DLM,Family Matching Dresses and T-Shirts: Show Your Family Spirit,dlm_suffix,active,true
family-matching-floral-shirt-and-dress-a-charming-and-coordinated-look,Floral Shirt and Dress - A Charming and Coordinated... | DLM,Family Matching Floral Shirt and Dress - A Charming and Coordinated Look,"dlm_suffix,ellipsis",active,true
family-matching-holiday-safari-animal-pajamas-cozy-green-christmas-pajama-set-for-kids-adults-pets,Holiday Safari Animal Pajamas - Cozy Green Christma... | DLM,"Family Matching Holiday Safari Animal Pajamas - Cozy Green Christmas Pajama Set for Kids, Adults & Pets","dlm_suffix,ellipsis",active,true
family-matching-oregon-ducks-hoodies-cozy-sweatshirts-for-parents-and-kids,Oregon Ducks Hoodies - Cozy Sweatshirts for Parents... | DLM,Family Matching Oregon Ducks Hoodies – Cozy Sweatshirts for Parents and Kids,"dlm_suffix,ellipsis",active,true
family-matching-original-remix-encore-t-shirt-set-fun-family-outfits-for-all-ages,"""Original, Remix & Encore"" T-Shirt Set - Fun Family... | DLM","Family Matching ""Original, Remix & Encore"" T-Shirt Set – Fun Family Outfits for All Ages","dlm_suffix,ellipsis",active,true
family-matching-outfits-floral-dresses-and-shorts-with-a-touch-of-fun,Outfits - Floral Dresses and Shorts with a Touch of... | DLM,Family Matching Outfits - Floral Dresses and Shorts with a Touch of Fun,"dlm_suffix,ellipsis",active,true
family-matching-outfits-the-perfect-way-to-show-your-aloha-spirit,Outfits: The Perfect Way to Show Your Aloha Spirit | DLM,Family Matching Outfits: The Perfect Way to Show Your Aloha Spirit,dlm_suffix,active,true
family-matching-outfits-white-dresses-with-green-leaves-and-matching-shirts,Outfits - White Dresses with Green Leaves and Match... | DLM,Family Matching Outfits - White Dresses with Green Leaves and Matching Shirts,"dlm_suffix,ellipsis",active,true
family-matching-oversized-heart-patch-sweaters-trendy-streetwear-style,Oversized Heart Patch Sweaters - Trendy Streetwear ... | DLM,Family Matching Oversized Heart Patch Sweaters – Trendy Streetwear Style,"dlm_suffix,ellipsis",active,true
family-matching-red-cable-knit-cardigans-elegant-heart-button-design,Red Cable Knit Cardigans - Elegant Heart-Button Design | DLM,Family Matching Red Cable Knit Cardigans – Elegant Heart-Button Design,dlm_suffix,active,true
family-matching-set-cute-and-stylish-outfits-for-mothers-fathers-and-children,"Set - Cute and Stylish Outfits for Mothers, Fathers... | DLM","Family Matching Set - Cute and Stylish Outfits for Mothers, Fathers, and Children","dlm_suffix,ellipsis",active,true
family-matching-shirt-and-dress-set-yellow-floral-for-a-springtime-look,Shirt and Dress Set: Yellow Floral for a Springtime... | DLM,Family Matching Shirt and Dress Set: Yellow Floral for a Springtime Look,"dlm_suffix,ellipsis",active,true
family-matching-t-shirt-set-with-colorful-heart-brushstroke-design,T-Shirt Set with Colorful Heart Brushstroke Design | DLM,Family Matching T-Shirt Set with Colorful Heart Brushstroke Design,dlm_suffix,active,true
father-and-baby-matching-ctrl-c-ctrl-v-t-shirt-set-copy-and-paste-duo,"Father and Baby Matching ""CTRL + C & CTRL + V"" T-Sh... | DLM","Father and Baby Matching ""CTRL + C & CTRL + V"" T-Shirt Set – Copy and Paste Duo","dlm_suffix,ellipsis",active,true
father-and-baby-matching-pizza-slice-t-shirts-whole-pizza-slice-set,"Father and Baby Matching Pizza Slice T-Shirts - ""Wh... | DLM","Father and Baby Matching Pizza Slice T-Shirts – ""Whole Pizza & Slice"" Set","dlm_suffix,ellipsis",active,true
father-and-child-pilot-co-pilot-matching-t-shirt-set-perfect-for-daddy-me-outfits,"Father and Child ""Pilot & Co-Pilot"" Matching T-Shir... | DLM","Father and Child ""Pilot & Co-Pilot"" Matching T-Shirt Set – Perfect for Daddy & Me Outfits","dlm_suffix,ellipsis",active,true
father-and-son-matching-swim-trunks-bold-cow-print-family-beachwear,Father and Son Matching Swim Trunks - Bold Cow Prin... | DLM,"Father and Son Matching Swim Trunks - Bold Cow Print, Family Beachwear","dlm_suffix,ellipsis",active,true
father-and-son-matching-swim-trunks-classic-paisley-pattern-in-blue-and-yellow,Father and Son Matching Swim Trunks - Classic Paisl... | DLM,Father and Son Matching Swim Trunks - Classic Paisley Pattern in Blue and Yellow,"dlm_suffix,ellipsis",active,true
father-and-son-matching-swim-trunks-elegant-blue-and-white-paisley-design-quick-dry-beachwear,Father and Son Matching Swim Trunks - Elegant Blue ... | DLM,"Father and Son Matching Swim Trunks - Elegant Blue and White Paisley Design, Quick Dry Beachwear","dlm_suffix,ellipsis",active,true
father-and-son-matching-swim-trunks-tropical-floral-print-family-swimwear,Father and Son Matching Swim Trunks - Tropical Flor... | DLM,Father and Son Matching Swim Trunks - Tropical Floral Print Family Swimwear,"dlm_suffix,ellipsis",active,true
father-and-son-matching-swim-trunks-tropical-paradise-red-and-green-print,Father and Son Matching Swim Trunks - Tropical Para... | DLM,Father and Son Matching Swim Trunks - Tropical Paradise Red and Green Print,"dlm_suffix,ellipsis",active,true
father-baby-fuel-gauge-matching-t-shirt-onesie-set-daddy-baby-fuel-theme-outfit,"Father & Baby ""Fuel Gauge"" Matching T-Shirt & Onesi... | DLM","Father & Baby ""Fuel Gauge"" Matching T-Shirt & Onesie Set – Daddy & Baby Fuel Theme Outfit","dlm_suffix,ellipsis",active,true
father-baby-matching-big-trouble-and-little-trouble-t-shirt-onesie-set-playful-family-outfit,"Father & Baby Matching ""Big Trouble"" and ""Little Tr... | DLM","Father & Baby Matching ""Big Trouble"" and ""Little Trouble"" T-Shirt & Onesie Set – Playful Family Outfit","dlm_suffix,ellipsis",active,true
father-baby-mr-fix-it-mr-broke-it-matching-t-shirt-onesie-set-perfect-gift-for-handy-dads,"Father & Baby ""Mr. Fix It"" & ""Mr. Broke It"" Matchin... | DLM","Father & Baby ""Mr. Fix It"" & ""Mr. Broke It"" Matching T-Shirt & Onesie Set – Perfect Gift for Handy Dads","dlm_suffix,ellipsis",active,true
father-baby-player-1-and-player-2-matching-t-shirt-onesie-set-perfect-gamer-dad-gift,"Father & Baby ""Player 1"" and ""Player 2"" Matching T-... | DLM","Father & Baby ""Player 1"" and ""Player 2"" Matching T-Shirt & Onesie Set – Perfect Gamer Dad Gift","dlm_suffix,ellipsis",active,true
father-child-matching-striped-tie-t-shirt-set-dad-and-baby-toddler-outfits,Father & Child Matching Striped Tie T-Shirt Set - D... | DLM,Father & Child Matching Striped Tie T-Shirt Set – Dad and Baby/Toddler Outfits,"dlm_suffix,ellipsis",active,true
father-son-matching-hawaiian-floral-shirts,Dad and Son Matching Hawaiian Floral Shirts: Perfec... | DLM,Dad and Son Matching Hawaiian Floral Shirts: Perfect for Father-Son Bonding,"dlm_suffix,ellipsis",active,true
floral-print-maternity-photography-bodysuits-slash-neck-floral-ruffles,Floral Print Maternity Photography Bodysuits Slash ... | DLM,Floral Print Maternity Photography Bodysuits Slash Neck Floral Ruffles,"dlm_suffix,ellipsis",active,true
gradient-ombre-family-matching-outfits-pink-blue-t-shirts-with-white-shorts-set,Gradient Ombre Outfits Pink & Blue T-Shirts with Wh... | DLM,Gradient Ombre Family Matching Outfits  Pink & Blue T-Shirts with White Shorts Set,"dlm_suffix,ellipsis",active,true
green-and-white-matching-family-outfits-stylish-floral-print-family-set-for-parents-and-kids,Green and White Outfits Stylish Floral Print Family... | DLM,Green and White Matching Family Outfits  Stylish Floral Print Family Set for Parents and Kids,"dlm_suffix,ellipsis",active,true
happy-flower-family-matching-t-shirts-colorful-floral-print-for-parents-kids,"""Happy Flower"" T-Shirts - Colorful Floral Print for... | DLM","""Happy Flower"" Family Matching T-Shirts – Colorful Floral Print for Parents & Kids","dlm_suffix,ellipsis",active,true
lace-long-sleeve-maternity-photography-props-dresses-for-pregnant-women,Lace Long Sleeve Maternity Photography Props Dresse... | DLM,Lace Long Sleeve Maternity Photography Props Dresses For Pregnant Women,"dlm_suffix,ellipsis",active,true
love-grows-family-matching-t-shirts-watering-can-plant-design,"""Love Grows"" T-Shirts - Watering Can & Plant Design | DLM","""Love Grows"" Family Matching T-Shirts – Watering Can & Plant Design",dlm_suffix,active,true
matching-asymmetric-ruffle-bikini-swimsuit,Matching Mother-Daughter Flowy Tankini Swimsuit Set... | DLM,Matching Mother-Daughter Flowy Tankini Swimsuit Set – Floral Print & High-Waisted Bottoms,"dlm_suffix,ellipsis",active,true
matching-color-block-knit-sweaters-vibrant-family-pullover-for-mom-and-kids,Matching Color-Block Knit Sweaters Vibrant Family P... | DLM,Matching Color-Block Knit Sweaters  Vibrant Family Pullover for Mom and Kids,"dlm_suffix,ellipsis",active,true
matching-family-beach-outfits-holiday-palm-tree-print-summer-dresses-shorts-set,Beach Outfits Holiday Palm Tree Print Summer Dresse... | DLM,Matching Family Beach Outfits  Holiday Palm Tree Print Summer Dresses & Shorts Set,"dlm_suffix,ellipsis",active,true
matching-family-christmas-pajamas-snowflake-nordic-holiday-pj-set-for-all-ages,Christmas Pajamas - Snowflake Nordic Holiday PJ Set... | DLM,Matching Family Christmas Pajamas - Snowflake Nordic Holiday PJ Set for All Ages,"dlm_suffix,ellipsis",active,true
matching-family-christmas-pajamas-with-reindeer-print-plaid-pants-holiday-sleepwear-set-for-the-whole-family-including-pets,Christmas Pajamas with Reindeer Print & Plaid Pants... | DLM,"Matching Family Christmas Pajamas with Reindeer Print & Plaid Pants - Holiday Sleepwear Set for the Whole Family, Including Pets","dlm_suffix,ellipsis",active,true
matching-family-denim-button-up-shirts-casual-unisex-jean-jackets-for-parents-and-kids,Denim Button-Up Shirts Casual Unisex Jean Jackets f... | DLM,Matching Family Denim Button-Up Shirts  Casual Unisex Jean Jackets for Parents and Kids,"dlm_suffix,ellipsis",active,true
matching-family-denim-jackets-classic-light-wash-jean-shirt-for-mom-dad-and-kids,Denim Jackets Classic Light-Wash Jean Shirt for Mom... | DLM,"Matching Family Denim Jackets  Classic Light-Wash Jean Shirt for Mom, Dad, and Kids","dlm_suffix,ellipsis",active,true
matching-family-heart-embroidery-cardigans-cream-and-red-knit-sweaters-for-parents-and-kids,Heart Embroidery Cardigans Cream and Red Knit Sweat... | DLM,Matching Family Heart Embroidery Cardigans  Cream and Red Knit Sweaters for Parents and Kids,"dlm_suffix,ellipsis",active,true
matching-family-love-balloon-t-shirt-set-heart-love-design-in-4-colors,"""Love Balloon"" T-Shirt Set - Heart & Love Design in... | DLM","Matching Family ""Love Balloon"" T-Shirt Set – Heart & Love Design in 4 Colors","dlm_suffix,ellipsis",active,true
matching-family-love-t-shirt-set-adorable-family-heart-design,"""LOVE"" T-Shirt Set - Adorable Family Heart Design | DLM","Matching Family ""LOVE"" T-Shirt Set – Adorable Family Heart Design",dlm_suffix,active,true
matching-family-minimalist-heart-t-shirt-set-simple-love-design-in-4-colors,Minimalist Heart T-Shirt Set - Simple Love Design i... | DLM,Matching Family Minimalist Heart T-Shirt Set – Simple Love Design in 4 Colors,"dlm_suffix,ellipsis",active,true
matching-family-plug-lightbulb-t-shirt-set-unique-family-connection-design,"""Plug & Lightbulb"" T-Shirt Set - Unique Family Conn... | DLM","Matching Family ""Plug & Lightbulb"" T-Shirt Set – Unique Family Connection Design","dlm_suffix,ellipsis",active,true
matching-family-red-stripe-knit-sweaters-half-zip-pullover-for-mom-dad-and-kids,"Red Stripe Knit Sweaters Half-Zip Pullover for Mom,... | DLM","Matching Family Red Stripe Knit Sweaters  Half-Zip Pullover for Mom, Dad, and Kids","dlm_suffix,ellipsis",active,true
matching-family-smile-hoodies-cute-comfortable-sweatshirts-for-parents-and-kids,Smile Hoodies - Cute & Comfortable Sweatshirts for ... | DLM,Matching Family Smile Hoodies – Cute & Comfortable Sweatshirts for Parents and Kids,"dlm_suffix,ellipsis",active,true
matching-family-striped-cardigans-navy-and-red-heart-embroidery-knit-sweaters-for-mom-dad-and-kids,Striped Cardigans Navy and Red Heart Embroidery Kni... | DLM,"Matching Family Striped Cardigans  Navy and Red Heart Embroidery Knit Sweaters for Mom, Dad, and Kids","dlm_suffix,ellipsis",active,true
matching-family-striped-fleece-hoodies-cozy-winter-pullover-for-parents-and-kids,Striped Fleece Hoodies Cozy Winter Pullover for Par... | DLM,Matching Family Striped Fleece Hoodies Cozy Winter Pullover for Parents and Kids,"dlm_suffix,ellipsis",active,true
matching-family-tropical-floral-beach-outfits-navy-and-orange-flower-print-dresses-shirts-set,Matching Tropical Floral Beach Outfits Navy and Ora... | DLM,Matching Tropical Floral Beach Outfits  Navy and Orange Flower Print Dresses,"dlm_suffix,ellipsis",active,true
matching-family-yellow-beach-outfits-summer-vacation-dresses-shorts-set,Yellow Beach Outfits Summer Vacation Dresses & Shor... | DLM,Matching Family Yellow Beach Outfits  Summer Vacation Dresses & Shorts Set,"dlm_suffix,ellipsis",active,true
matching-father-and-child-me-mini-me-t-shirt-set-adorable-dad-and-kid-outfit,"Matching Father and Child ""Me & Mini Me"" T-Shirt Se... | DLM","Matching Father and Child ""Me & Mini Me"" T-Shirt Set – Adorable Dad and Kid Outfit","dlm_suffix,ellipsis",active,true
matching-heart-t-shirt-mommy-me,"""Bestie"" Heart T-Shirt Set - Available in Red, Whit... | DLM","Family Matching ""Bestie"" Heart T-Shirt Set - Available in Red, White, and Black","dlm_suffix,ellipsis",active,true
matching-mommy-and-me-bear-striped-knit-sweaters-cozy-family-outfit-with-embroidered-bear-design,Matching Bear Striped Knit Sweaters Cozy Family Out... | DLM,Matching Mommy and Me Bear Striped Knit Sweaters  Cozy Family Outfit with Embroidered Bear Design,"dlm_suffix,ellipsis",active,true
matching-mommy-me-colorful-watercolor-maxi-dresses-sleeveless-summer-dress,Matching Mommy & Me Colorful Watercolor Maxi Dresse... | DLM,Matching Mommy & Me Colorful Watercolor Maxi Dresses – Sleeveless Summer Dress Set,"dlm_suffix,ellipsis",active,true
matching-mommy-me-floral-strappy-back-maxi-dresses-summer-beach-outfit,Matching Mommy & Me Floral Strappy Back Maxi Dresse... | DLM,Matching Mommy & Me Floral Strappy Back Maxi Dresses  Summer Beach Outfit,"dlm_suffix,ellipsis",active,true
matching-mommy-me-plaid-flannel-shirts-cozy-button-up-jackets-for-fall,Matching Mommy & Me Plaid Flannel Shirts Cozy Butto... | DLM,Matching Mommy & Me Plaid Flannel Shirts Cozy Button-Up Jackets for Fall,"dlm_suffix,ellipsis",active,true
matching-mommy-me-smocked-sundresses-vibrant-floral-and-patterned-summer-dresses,Matching Mommy & Me Smocked Sundresses Vibrant Flor... | DLM,Matching Mommy & Me Smocked Sundresses  Vibrant Floral and Patterned Summer Dresses,"dlm_suffix,ellipsis",active,true
matching-mommy-me-sunflower-maxi-dresses-sleeveless-floral-print-summer-dress,Matching Mommy & Me Sunflower Maxi Dresses Sleevele... | DLM,Matching Mommy & Me Sunflower Maxi Dresses  Sleeveless Floral Print Summer Dress,"dlm_suffix,ellipsis",active,true
matching-mother-and-daughter-beach-dresses-elegant-cream-chiffon-maxi-dress-set,Matching Mother and Daughter Beach Dresses Elegant ... | DLM,Matching Mother and Daughter Beach Dresses  Elegant Cream Chiffon Maxi Dress Set,"dlm_suffix,ellipsis",active,true
matching-mother-and-daughter-heart-knit-cardigans-cream-and-black-sweaters-for-mommy-me,Matching Mother and Daughter Heart Knit Cardigans C... | DLM,Matching Mother and Daughter Heart Knit Cardigans  Cream and Black Sweaters for Mommy & Me,"dlm_suffix,ellipsis",active,true
matching-rainbow-striped-family-cardigans-cozy-good-mood-knit-sweaters-for-mom-and-kids,"Matching Rainbow Striped Family Cardigans Cozy ""Goo... | DLM","Matching Rainbow Striped Family Cardigans  Cozy ""Good Mood"" Knit Sweaters for Mom and Kids","dlm_suffix,ellipsis",active,true
matching-ruffle-high-waist-bikini,Matching Mother-Daughter Tropical Leaf Ruffle Bikin... | DLM,Matching Mother-Daughter Tropical Leaf Ruffle Bikini Set - High-Waisted Swimsuit with Headband,"dlm_suffix,ellipsis",active,true
matching-star-knit-sweater-dress-cozy-cream-family-outfit-for-mom-and-daughter,Matching Star Knit Sweater Dress Cozy Cream Family ... | DLM,Matching Star Knit Sweater Dress  Cozy Cream Family Outfit for Mom and Daughter,"dlm_suffix,ellipsis",active,true
maternity-long-dress-with-chiffon-cloak-short-sleeve-sweet-heart,Maternity Long Dress with Chiffon Cloak Short Sleev... | DLM,Maternity Long Dress with Chiffon Cloak Short Sleeve Sweet Heart,"dlm_suffix,ellipsis",active,true
maternity-photography-props-maxi-dresses-see-through-eyelashes-lace,Maternity Photography Props Maxi Dresses See Throug... | DLM,Maternity Photography Props Maxi Dresses See Through Eyelashes Lace,"dlm_suffix,ellipsis",active,true
modern-cow-print-tankini-swimsuit-set-for-mother-and-daughter-stylish-high-waisted-swimwear-with-ruffle-detail,Modern Cow Print Tankini Swimsuit Set for Mother an... | DLM,Modern Cow Print Tankini Swimsuit Set for Mother and Daughter  Stylish High-Waisted Swimwear with Ruffle Detail,"dlm_suffix,ellipsis",active,true
modern-monochrome-one-shoulder-swimsuit-with-animal-print-ruffle-elegant-poolside-duo-for-mother-and-child,Modern Monochrome One-Shoulder Swimsuit with Animal... | DLM,Modern Monochrome One-Shoulder Swimsuit with Animal Print Ruffle - Elegant Poolside Duo for Mother and Child,"dlm_suffix,ellipsis",active,true
mom-girl-flower-prints-stripes,Matching Floral and Striped Long Sleeve A-Line Dresses | DLM,Mommy and Me Matching Floral and Striped Long Sleeve A-Line Dresses,dlm_suffix,active,true
mommy-and-me-checkered-sweater-vest-matching-family-outfits,Checkered Sweater Vest - Outfits | Mommy and Me | DLM,Mommy and Me Checkered Sweater Vest - Matching Family Outfits,dlm_suffix,active,true
mommy-and-me-matching-coral-and-floral-print-sleeveless-maxi-dresses,Matching Coral and Floral Print Sleeveless Maxi Dre... | DLM,Mommy and Me Matching Coral and Floral Print Sleeveless Maxi Dresses,"dlm_suffix,ellipsis",active,true
mommy-and-me-matching-floral-long-sleeve-maxi-dresses-with-pockets,Matching Floral Long-Sleeve Maxi Dresses with Pockets | DLM,Mommy and Me Matching Floral Long-Sleeve Maxi Dresses with Pockets,dlm_suffix,active,true
mommy-and-me-matching-floral-print-jumpsuits-sleeveless-and-long-sleeve-options,Matching Floral Print Jumpsuits - Sleeveless and Lo... | DLM,Mommy and Me Matching Floral Print Jumpsuits – Sleeveless and Long-Sleeve Options,"dlm_suffix,ellipsis",active,true
mommy-and-me-matching-pink-sleeveless-summer-dress-elegant-sundress-for-mother-daughter,Matching Pink Sleeveless Summer Dress Elegant Sundr... | DLM,Mommy and Me Matching Pink Sleeveless Summer Dress  Elegant Sundress for Mother & Daughter,"dlm_suffix,ellipsis",active,true
mommy-and-me-matching-pink-tie-dye-pleated-maxi-dresses-with-adjustable-straps,Matching Pink Tie-Dye Pleated Maxi Dresses with Adj... | DLM,Mommy and Me Matching Pink Tie-Dye Pleated Maxi Dresses with Adjustable Straps,"dlm_suffix,ellipsis",active,true
mommy-and-me-matching-rainbow-stripe-jumpsuit-set-strapless-for-moms-tie-knot-for-girls,Matching Rainbow Stripe Jumpsuit Set - Strapless fo... | DLM,Mommy and Me Matching Rainbow Stripe Jumpsuit Set – Strapless for Moms & Tie-Knot for Girls,"dlm_suffix,ellipsis",active,true
mommy-and-me-matching-silver-asymmetrical-chiffon-dresses-with-strappy-backs,Matching Silver Asymmetrical Chiffon Dresses with S... | DLM,Mommy and Me Matching Silver Asymmetrical Chiffon Dresses with Strappy Backs,"dlm_suffix,ellipsis",active,true
mommy-and-me-matching-yellow-sleeveless-maxi-dress-vibrant-summer-beach-dress-for-mother-daughter,Matching Yellow Sleeveless Maxi Dress Vibrant Summe... | DLM,Mommy and Me Matching Yellow Sleeveless Maxi Dress  Vibrant Summer Beach Dress for Mother & Daughter,"dlm_suffix,ellipsis",active,true
mommy-daughter-matching-tie-dye-dress,Matching Mommy & Me Pastel Tie-Dye Ruffle Dresses -... | DLM,Matching Mommy & Me Pastel Tie-Dye Ruffle Dresses – Flutter Sleeve Smocked Set,"dlm_suffix,ellipsis",active,true
mommy-me-angels-wing-swimsuit,Matching Angel Wings Swimsuit for Mother & Daughter... | DLM,Matching Angel Wings Swimsuit for Mother & Daughter – Elegant One-Piece Bathing Suit,"dlm_suffix,ellipsis",active,true
mommy-me-cotton-silk-princess-pajamas,Mother-Daughter Matching Long White Nightgown - Ele... | DLM,Mother-Daughter Matching Long White Nightgown – Elegant Ruffle Trim Sleep Dress,"dlm_suffix,ellipsis",active,true
mommy-me-matching-red-dress,Matching Mommy & Me Red Ruffle Jumpsuits - Stylish ... | DLM,Matching Mommy & Me Red Ruffle Jumpsuits – Stylish Sleeveless Summer Outfit,"dlm_suffix,ellipsis",active,true
mommy-me-matching-solid-long-dress,Matching Mommy & Me Sleeveless Ruffle Dresses - Sof... | DLM,Matching Mommy & Me Sleeveless Ruffle Dresses – Soft Cotton Summer Set with Baby Romper,"dlm_suffix,ellipsis",active,true
mommy-me-vibrant-duo-tone-one-piece-swimsuit-with-ring-accent-family-matching-swimwear-collection,"Mommy & Me"" Vibrant Duo-Tone One-Piece Swimsuit wit... | DLM","Mommy & Me"" Vibrant Duo-Tone One-Piece Swimsuit with Ring Accent Family Matching Swimwear Collection","dlm_suffix,ellipsis",active,true
mother-and-daughter-classic-floral-dress,Matching Mommy & Me Floral Smocked Midi Dresses - S... | DLM,Matching Mommy & Me Floral Smocked Midi Dresses – Short Sleeve Summer Dress Set,"dlm_suffix,ellipsis",active,true
mother-daughter-matching-deer-print-party-dress,Matching Floral Antler Print Crisscross Dresses wit... | DLM,Mommy and Me Matching Floral Antler Print Crisscross Dresses with Pockets,"dlm_suffix,ellipsis",active,true
mother-daughter-matching-floral-knit-sweater-vest-pink-brown-retro-style,Mother-Daughter Matching Floral Knit Sweater Vest -... | DLM,Mother-Daughter Matching Floral Knit Sweater Vest – Pink & Brown Retro Style,"dlm_suffix,ellipsis",active,true
mother-daughter-matching-navy-knit-cardigan-set-gingham-ruffle-trim-bow-accent,Mother-Daughter Matching Navy Knit Cardigan Set Gin... | DLM,Mother-Daughter Matching Navy Knit Cardigan Set  Gingham Ruffle Trim & Bow Accent,"dlm_suffix,ellipsis",active,true
mother-daughter-matching-summer-dresses-vibrant-printed-sleeveless-maxi-dresses,Mother-Daughter Matching Summer Dresses Vibrant Pri... | DLM,Mother-Daughter Matching Summer Dresses  Vibrant Printed Sleeveless Maxi Dresses,"dlm_suffix,ellipsis",active,true
mother-daughter-matching-swim-set-abstract-print-two-piece-high-waisted-bikini-with-wrap-skirt,Mother & Daughter Matching Swim Set - Abstract Prin... | DLM,Mother & Daughter Matching Swim Set - Abstract Print Two-Piece High-Waisted Bikini with Wrap Skirt,"dlm_suffix,ellipsis",active,true
mother-daughter-pastel-mermaid-scales-swimsuit-with-frill-detail,Mother & Daughter Pastel Mermaid Scales Swimsuit wi... | DLM,Mother & Daughter Pastel Mermaid Scales Swimsuit with Frill Detail,"dlm_suffix,ellipsis",active,true
nautical-charm-flamingo-print-one-piece-swimsuits-for-mother-daughter,Nautical Charm Flamingo Print One-Piece Swimsuits f... | DLM,Nautical Charm Flamingo Print One-Piece Swimsuits for Mother & Daughter,"dlm_suffix,ellipsis",active,true
need-more-family-matching-drink-t-shirt-set-beer-coffee-milk-juice-family-outfit,"""Need More"" Drink T-Shirt Set - Beer, Coffee, Milk ... | DLM","""Need More"" Family Matching Drink T-Shirt Set – Beer, Coffee, Milk & Juice Family Outfit","dlm_suffix,ellipsis",active,true
one-shoulder-matching-swimsuit,Matching Mother-Daughter Floral Ruffle One-Shoulder... | DLM,Matching Mother-Daughter Floral Ruffle One-Shoulder Cutout Swimsuit – Pink and Red,"dlm_suffix,ellipsis",active,true
parent-child-rainbow-bear-autumn-sweater,Mother-Daughter Matching Rainbow Striped Sweater wi... | DLM,Mother-Daughter Matching Rainbow Striped Sweater with 3D Teddy Bear Details,"dlm_suffix,ellipsis",active,true
royal-blue-high-neck-halter-swimsuit-set-with-paisley-print-bottoms-elegant-family-beachwear,Royal Blue High-Neck Halter Swimsuit Set with Paisl... | DLM,Royal Blue High-Neck Halter Swimsuit Set with Paisley Print Bottoms - Elegant Family Beachwear,"dlm_suffix,ellipsis",active,true
stylish-blue-sleeveless-mommy-and-me-dress-set-with-bow-detail-perfect-for-summer-outings,Stylish Blue Sleeveless Dress Set with Bow Detail P... | DLM,Stylish Blue Sleeveless Mommy and Me Dress Set with Bow Detail  Perfect for Summer Outings,"dlm_suffix,ellipsis",active,true
top-dad-and-top-son-matching-t-shirt-onesie-set-inspired-family-outfit,Top Dad and Top Son Matching T-Shirt & Onesie Set -... | DLM,Top Dad and Top Son Matching T-Shirt & Onesie Set – Inspired Family Outfit,"dlm_suffix,ellipsis",active,true
tropical-flair-father-and-son-matching-swim-trunks-flamingo-and-foliage-print,Tropical Flair Father and Son Matching Swim Trunks ... | DLM,Tropical Flair Father and Son Matching Swim Trunks  Flamingo and Foliage Print,"dlm_suffix,ellipsis",active,true
tropical-matching-family-beach-outfits-colorful-leaf-print-summer-dresses-shorts-set,Tropical Beach Outfits Colorful Leaf Print Summer D... | DLM,Tropical Matching Family Beach Outfits  Colorful Leaf Print Summer Dresses & Shorts Set,"dlm_suffix,ellipsis",active,true
tropical-one-shoulder-ruffle-swimsuit-for-women-and-girls-vibrant-floral-print-asymmetrical-design-family-matching-swimwear,Tropical One-Shoulder Ruffle Swimsuit for Women and... | DLM,"Tropical One-Shoulder Ruffle Swimsuit for Women and Girls - Vibrant Floral Print, Asymmetrical Design, Family Matching Swimwear","dlm_suffix,ellipsis",active,true
tropical-vibes-matching-family-hawaiian-shirt-and-floral-dress,Tropical Vibes: Hawaiian Shirt and Floral Dress | DLM,Tropical Vibes: Matching Family Hawaiian Shirt and Floral Dress,dlm_suffix,active,true
vibrant-halter-neck-one-piece-swimsuit-with-waist-tie-detail-mother-daughter-matching-swimwear-in-exquisite-baroque-print,Vibrant Halter Neck One-Piece Swimsuit with Waist T... | DLM,Vibrant Halter Neck One-Piece Swimsuit with Waist Tie Detail - Mother & Daughter Matching Swimwear in Exquisite Baroque Print,"dlm_suffix,ellipsis",active,true
vibrant-one-shoulder-rainbow-trim-swimsuit-set-chic-monochrome-blue-with-colorful-accents-for-mother-daughter,Vibrant One-Shoulder Rainbow Trim Swimsuit Set - Ch... | DLM,Vibrant One-Shoulder Rainbow Trim Swimsuit Set - Chic Monochrome Blue with Colorful Accents for Mother & Daughter,"dlm_suffix,ellipsis",active,true
vibrant-rainbow-family-matching-outfits-striped-t-shirts-and-yellow-overalls-set-for-family-outings,Vibrant Rainbow Outfits Striped T-Shirts and Yellow... | DLM,Vibrant Rainbow Family Matching Outfits  Striped T-Shirts and Yellow Overalls Set for Family Outings,"dlm_suffix,ellipsis",active,true
vibrant-rainbow-maxi-dress-set-for-mom-and-daughter-colorful-summer-matching-outfits,Vibrant Rainbow Maxi Dress Set for Colorful Summer ... | DLM,Vibrant Rainbow Maxi Dress Set for Mom and Daughter  Colorful Summer Matching Outfits,"dlm_suffix,ellipsis",active,true
