product_gid,product_id,status,title,handle,online_store_url,bad_tags,bad_tag_count,other_leak_fields
gid://shopify/Product/6508073605,6508073605,ARCHIVED,Mommy and Me Matching Blue Off-Shoulder Striped Dresses,mommy-and-me-matching-blue-off-shoulder-striped-dresses,,https://detail.1688.com/offer/552240792154.html,1,
gid://shopify/Product/548423041054,548423041054,ACTIVE,Matching Floral Long-Sleeve Maxi Dresses with Pockets | DLM,mommy-and-me-matching-floral-long-sleeve-maxi-dresses-with-pockets,https://www.dresslikemommy.com/products/mommy-and-me-matching-floral-long-sleeve-maxi-dresses-with-pockets,https://detail.1688.com/offer/635387072709.html,1,
gid://shopify/Product/548436901918,548436901918,ARCHIVED,Mother Daughter Flag Maxi Dress,mother-daughter-flag-maxi-dress,,https://detail.1688.com/offer/673737394356.html,1,
gid://shopify/Product/576150568990,576150568990,ARCHIVED,Baby & Mother Matching Outfits Summer,baby-mother-matching-outfits-summer,,https://detail.1688.com/offer/550118619514.html,1,
gid://shopify/Product/748536463457,748536463457,ARCHIVED,Mother Daughter Summer Floral Patchwork Dress,mother-daughter-floral-patchwork-dress,,https://detail.1688.com/offer/599376913207.html,1,
gid://shopify/Product/750461026401,750461026401,ARCHIVED,Matching Coral and Floral Print Sleeveless Maxi Dre... | DLM,mommy-and-me-matching-coral-and-floral-print-sleeveless-maxi-dresses,,https://detail.1688.com/offer/673737394356.html,1,
gid://shopify/Product/760363516001,760363516001,ARCHIVED,Mommy and Me Matching Pink and Navy Floral Maxi Dresses,matching-maxi-pink-double-rose-patchwork,,https://detail.1688.com/offer/673737394356.html,1,
gid://shopify/Product/1403444854881,1403444854881,ARCHIVED,Matching Rainbow Stripe Jumpsuit Set - Strapless fo... | DLM,mommy-and-me-matching-rainbow-stripe-jumpsuit-set-strapless-for-moms-tie-knot-for-girls,,https://detail.1688.com/offer/675392537686.html?,1,
gid://shopify/Product/2070931996769,2070931996769,ARCHIVED,Family Matching Tropical Swimsuits,family-matching-tropical-swimsuits,,https://detail.1688.com/offer/557461433869.html | https://detail.1688.com/offer/587003652936.html,2,
gid://shopify/Product/2077712973921,2077712973921,ARCHIVED,Family Matching Mouse T-Shirts,family-matching-mouse-t-shirts,,https://detail.1688.com/offer/583987566034.html,1,
gid://shopify/Product/2078393794657,2078393794657,ARCHIVED,Daddy and Me Cartoon T-Shirt,daddy-and-me-cartoon-t-shirt,,https://detail.1688.com/offer/635226135920.htm,1,
gid://shopify/Product/2078414635105,2078414635105,ARCHIVED,"Matching Father and Child ""Me & Mini Me"" T-Shirt Se... | DLM",matching-father-and-child-me-mini-me-t-shirt-set-adorable-dad-and-kid-outfit,,https://detail.1688.com/offer/541168980314.html,1,
gid://shopify/Product/2078437310561,2078437310561,ARCHIVED,Daddy and Me Like a Boss T-Shirt,daddy-and-me-like-a-boss-t-shirt,,https://detail.1688.com/offer/653350509091.html,1,
gid://shopify/Product/2078514741345,2078514741345,ARCHIVED,Daddy and Me Big Man Little Man T-Shirt,daddy-and-me-big-man-little-man-t-shirt,,https://detail.1688.com/offer/635771627458.html?,1,
gid://shopify/Product/2078542397537,2078542397537,ARCHIVED,Daddy and Me Like Father Like Son T-Shirt,daddy-and-me-like-father-like-son-t-shirt,,https://detail.1688.com/offer/636344523488.html | https://detail.1688.com/offer/638519101462.html | https://detail.1688.com/offer/655579814911.html,3,
gid://shopify/Product/2078597546081,2078597546081,ARCHIVED,"Father & Baby Matching ""The Original"" and ""The Remi... | DLM",daddy-and-me-original-remix-t-shirt,,https://detail.1688.com/offer/707068651334.html,1,
gid://shopify/Product/2081621114977,2081621114977,ARCHIVED,Mommy & Me Spring Flowers Dress,mommy-me-spring-flowers-dress,,https://detail.1688.com/offer/673737394356.html,1,
gid://shopify/Product/2081895940193,2081895940193,ARCHIVED,"""Bestie"" Heart T-Shirt Set - Available in Red, Whit... | DLM",matching-heart-t-shirt-mommy-me,,https://detail.1688.com/offer/696284558138.html?,1,
gid://shopify/Product/3880270528609,3880270528609,ARCHIVED,Mother-Daughter Matching Long White Nightgown - Ele... | DLM,mommy-me-cotton-silk-princess-pajamas,,https://detail.1688.com/offer/578439395744.html,1,
gid://shopify/Product/4011350163553,4011350163553,ARCHIVED,Matching Mother Daughter Floral Party Dress,matching-mother-daughter-floral-party-dress,,https://www.aliexpress.com/item/32813313383.html,1,
gid://shopify/Product/4011718312033,4011718312033,ARCHIVED,Matching Floral Mother Daughter Dresses Outfit,matching-floral-mother-daughter-dresses-outfit,,https://www.aliexpress.com/item/4000008681471.html,1,
gid://shopify/Product/4012238930017,4012238930017,ARCHIVED,Matching Mommy & Me Red Ruffle Jumpsuits - Stylish ... | DLM,mommy-me-matching-red-dress,,https://detail.1688.com/offer/592375439497.html?,1,
gid://shopify/Product/4286262804577,4286262804577,ARCHIVED,Family Matching Christmas Pajamas Set,family-matching-christmas-pajamas-set,,https://detail.1688.com/offer/606271005572.html,1,
gid://shopify/Product/4302311653473,4302311653473,ARCHIVED,Christmas Buffalo Plaid Onesies with Flap - Cozy Re... | DLM,family-matching-christmas-buffalo-plaid-onesies-with-flap-cozy-red-black-pajamas,,https://detail.1688.com/offer/637013071248.html,1,
gid://shopify/Product/4370215239777,4370215239777,ARCHIVED,Matching Family Christmas Hats Pajamas,matching-family-christmas-hats-pajamas,,https://detail.1688.com/offer/651823029758.html,1,
gid://shopify/Product/4480249987169,4480249987169,ARCHIVED,New 2020 Matching Mommy & Me Floral One Piece Swimsuit,new-2020-matching-mommy-me-floral-one-piece-swimsuit,,https://detail.1688.com/offer/578600270163.html,1,
gid://shopify/Product/4617229074529,4617229074529,ACTIVE,"Matching Daddy & Baby ""My Best Lady"" and ""My Best M... | DLM",daddy-me-my-best-lady-my-best-man,https://www.dresslikemommy.com/products/daddy-me-my-best-lady-my-best-man,https://detail.1688.com/offer/670858811592.html,1,
gid://shopify/Product/4680207073377,4680207073377,ACTIVE,Mommy and Me Matching Rainbow Stripe Midi Dresses,mommy-and-me-matching-rainbow-stripe-midi-dresses,,https://detail.1688.com/offer/600526004049.html,1,
gid://shopify/Product/4729347833953,4729347833953,ACTIVE,Matching Mommy & Me Floral Smocked Midi Dresses - S... | DLM,mother-and-daughter-classic-floral-dress,https://www.dresslikemommy.com/products/mother-and-daughter-classic-floral-dress,https://detail.1688.com/offer/673157176751.html,1,
gid://shopify/Product/4799818432609,4799818432609,ARCHIVED,"Dinosaur Sweatshirt Set - Cute ""What Are You Doing?... | DLM",family-matching-dinosaur-sweatshirt-set-cute-what-are-you-doing-design-in-multiple-colors,,https://detail.1688.com/offer/687728661974.html,1,
gid://shopify/Product/4802651258977,4802651258977,ARCHIVED,Matching Floral Print Jumpsuits - Sleeveless and Lo... | DLM,mommy-and-me-matching-floral-print-jumpsuits-sleeveless-and-long-sleeve-options,,https://detail.1688.com/offer/636717943244.html,1,
gid://shopify/Product/4814804418657,4814804418657,ARCHIVED,Christmas Pajamas with Reindeer Print & Plaid Pants... | DLM,matching-family-christmas-pajamas-with-reindeer-print-plaid-pants-holiday-sleepwear-set-for-the-whole-family-including-pets,,https://detail.1688.com/offer/602191927946.html,1,
gid://shopify/Product/6613909307489,6613909307489,ACTIVE,Matching Mommy & Me Two Piece Swimsuit,matching-mommy-me-two-piece-swimsuit,https://www.dresslikemommy.com/products/matching-mommy-me-two-piece-swimsuit,https://detail.1688.com/offer/634103751106.html,1,
gid://shopify/Product/6613920186465,6613920186465,ACTIVE,Parent-Child One-Piece Cut Out Bowknot Bathing Suit,parent-child-one-piece-cut-out-bowknot-bathing-suit,https://www.dresslikemommy.com/products/parent-child-one-piece-cut-out-bowknot-bathing-suit,https://detail.1688.com/offer/633115592959.html,1,
gid://shopify/Product/6614729621601,6614729621601,ACTIVE,Mother Daughter Matching Beach Swimwear,mother-daughter-matching-beach-swimwear,https://www.dresslikemommy.com/products/mother-daughter-matching-beach-swimwear,https://detail.1688.com/offer/633123100006.html,1,
gid://shopify/Product/6639695331425,6639695331425,ACTIVE,Matching Mommy & Me Sleeveless Ruffle Dresses - Sof... | DLM,mommy-me-matching-solid-long-dress,https://www.dresslikemommy.com/products/mommy-me-matching-solid-long-dress,https://detail.1688.com/offer/670537990529.html,1,
gid://shopify/Product/6675120848993,6675120848993,ACTIVE,Mother-Daughter Matching Cozy Winter Nightgown – Warm Fleece Pajama Dress with Pom-Pom Detail,vintage-matching-flannel-princess-pjs,,https://detail.1688.com/offer/579050003765.html,1,
gid://shopify/Product/6677481652321,6677481652321,ARCHIVED,Christmas Pajamas - Nordic Reindeer Print Holiday P... | DLM,family-matching-christmas-deer-snowflake-pjs,,https://detail.1688.com/offer/653703314476.html,1,
gid://shopify/Product/6719055233121,6719055233121,ARCHIVED,Daddy Mommy and Me Family Swimsuit,daddy-mommy-and-me-family-swimsuit,,https://detail.1688.com/offer/557461433869.html | https://detail.1688.com/offer/587003652936.html,2,
gid://shopify/Product/6724433838177,6724433838177,ARCHIVED,Family Matching Swimsuits Swim Trunks,family-matching-swimsuits-swim-trunks,,https://detail.1688.com/offer/665265582586.html,1,
gid://shopify/Product/7001270583393,7001270583393,ACTIVE,Outfits: The Perfect Way to Show Your Aloha Spirit | DLM,family-matching-outfits-the-perfect-way-to-show-your-aloha-spirit,https://www.dresslikemommy.com/products/family-matching-outfits-the-perfect-way-to-show-your-aloha-spirit,https://detail.1688.com/offer/566608997671.html,1,
gid://shopify/Product/7001406832737,7001406832737,ACTIVE,Outfits - Floral Dresses and Shorts with a Touch of... | DLM,family-matching-outfits-floral-dresses-and-shorts-with-a-touch-of-fun,https://www.dresslikemommy.com/products/family-matching-outfits-floral-dresses-and-shorts-with-a-touch-of-fun,https://detail.1688.com/offer/712556850616.html,1,
gid://shopify/Product/7014160367713,7014160367713,ARCHIVED,Mother-Daughter Matching Rainbow Striped Sweater wi... | DLM,parent-child-rainbow-bear-autumn-sweater,,https://detail.1688.com/offer/733021551301.html,1,
gid://shopify/Product/7014263914593,7014263914593,ARCHIVED,Mother-Daughter Matching Floral Knit Sweater Vest -... | DLM,mother-daughter-matching-floral-knit-sweater-vest-pink-brown-retro-style,,https://detail.1688.com/offer/707895386656.html,1,
gid://shopify/Product/7014564462689,7014564462689,ARCHIVED,Mommy and Me Unicorn Sweater - Fall and Winter,mommy-and-me-unicorn-sweater-fall-and-winter,,https://detail.1688.com/offer/682500139419.html,1,
gid://shopify/Product/7014645301345,7014645301345,ARCHIVED,Mother Daughter Matching Trendy Loose Knitwear Sweater,mother-daughter-matching-trendy-loose-knitwear-sweater,,https://detail.1688.com/offer/733576218758.html,1,
gid://shopify/Product/7014656147553,7014656147553,ARCHIVED,Checkered Sweater Vest - Outfits | Mommy and Me | DLM,mommy-and-me-checkered-sweater-vest-matching-family-outfits,,https://detail.1688.com/offer/687804398381.html,1,
gid://shopify/Product/7014672040033,7014672040033,ARCHIVED,Mother-Daughter Trendy Knitted Sweater Style for Fall,mother-daughter-trendy-knitted-sweater-style-for-fall,,https://detail.1688.com/offer/684179955887.html,1,
gid://shopify/Product/7108045897825,7108045897825,ACTIVE,Matching Silver Asymmetrical Chiffon Dresses with S... | DLM,mommy-and-me-matching-silver-asymmetrical-chiffon-dresses-with-strappy-backs,https://www.dresslikemommy.com/products/mommy-and-me-matching-silver-asymmetrical-chiffon-dresses-with-strappy-backs,https://detail.1688.com/offer/600362932721.html,1,
gid://shopify/Product/7108071063649,7108071063649,ACTIVE,Elegant Black Ruffle Dress - Chic Sleeveless Layere... | DLM,elegant-black-ruffle-dress-chic-sleeveless-layered-dress-for-mother-and-daughter-perfect-for-parties-and-events,https://www.dresslikemommy.com/products/elegant-black-ruffle-dress-chic-sleeveless-layered-dress-for-mother-and-daughter-perfect-for-parties-and-events,https://detail.1688.com/offer/673523088459.html,1,
gid://shopify/Product/7108141383777,7108141383777,ACTIVE,Elegant Mother & Daughter Matching Summer Dress - R... | DLM,elegant-mother-daughter-matching-summer-dress-ruffled-layered-chiffon-with-sequin-embellishments,https://www.dresslikemommy.com/products/elegant-mother-daughter-matching-summer-dress-ruffled-layered-chiffon-with-sequin-embellishments,https://detail.1688.com/offer/711842100161.html?,1,
gid://shopify/Product/7227252670561,7227252670561,ACTIVE,Matching Pink Sleeveless Summer Dress Elegant Sundr... | DLM,mommy-and-me-matching-pink-sleeveless-summer-dress-elegant-sundress-for-mother-daughter,https://www.dresslikemommy.com/products/mommy-and-me-matching-pink-sleeveless-summer-dress-elegant-sundress-for-mother-daughter,https://detail.1688.com/offer/768744742650.html,1,
gid://shopify/Product/7227355988065,7227355988065,ACTIVE,Matching Mommy & Me Floral Strappy Back Maxi Dresse... | DLM,matching-mommy-me-floral-strappy-back-maxi-dresses-summer-beach-outfit,https://www.dresslikemommy.com/products/matching-mommy-me-floral-strappy-back-maxi-dresses-summer-beach-outfit,https://detail.1688.com/offer/596949376054.html,1,
gid://shopify/Product/7227374534753,7227374534753,ACTIVE,Matching Mommy & Me Tiered Smocked Dresses – Elegant Puff Sleeve Dress Set,matching-mommy-me-tiered-smocked-dresses-elegant-puff-sleeve-dress-set,,https://detail.1688.com/offer/829951466331.html,1,
gid://shopify/Product/7227378892897,7227378892897,ACTIVE,Beach Outfits Holiday Palm Tree Print Summer Dresse... | DLM,matching-family-beach-outfits-holiday-palm-tree-print-summer-dresses-shorts-set,https://www.dresslikemommy.com/products/matching-family-beach-outfits-holiday-palm-tree-print-summer-dresses-shorts-set,https://detail.1688.com/offer/810953299312.html?,1,
gid://shopify/Product/7227378925665,7227378925665,ACTIVE,Tropical Beach Outfits Colorful Leaf Print Summer D... | DLM,tropical-matching-family-beach-outfits-colorful-leaf-print-summer-dresses-shorts-set,https://www.dresslikemommy.com/products/tropical-matching-family-beach-outfits-colorful-leaf-print-summer-dresses-shorts-set,https://detail.1688.com/offer/748178197447.html,1,
gid://shopify/Product/7227418738785,7227418738785,ACTIVE,Striped Cardigans Navy and Red Heart Embroidery Kni... | DLM,matching-family-striped-cardigans-navy-and-red-heart-embroidery-knit-sweaters-for-mom-dad-and-kids,https://www.dresslikemommy.com/products/matching-family-striped-cardigans-navy-and-red-heart-embroidery-knit-sweaters-for-mom-dad-and-kids,https://detail.1688.com/offer/834814278298.html,1,
gid://shopify/Product/7227429126241,7227429126241,ARCHIVED,"Red Stripe Knit Sweaters Half-Zip Pullover for Mom,... | DLM",matching-family-red-stripe-knit-sweaters-half-zip-pullover-for-mom-dad-and-kids,,https://detail.1688.com/offer/842214705187.html,1,
gid://shopify/Product/7227431616609,7227431616609,ARCHIVED,Denim Jackets Classic Light-Wash Jean Shirt for Mom... | DLM,matching-family-denim-jackets-classic-light-wash-jean-shirt-for-mom-dad-and-kids,,https://detail.1688.com/offer/842740729048.html?_t=1729477741024,1,
gid://shopify/Product/7227434106977,7227434106977,ARCHIVED,Heart Embroidery Cardigans Cream and Red Knit Sweat... | DLM,matching-family-heart-embroidery-cardigans-cream-and-red-knit-sweaters-for-parents-and-kids,,https://detail.1688.com/offer/780435653520.html | https://detail.1688.com/offer/834597399809.html,2,
gid://shopify/Product/7227435450465,7227435450465,ACTIVE,Matching Color-Block Knit Sweaters Vibrant Family P... | DLM,matching-color-block-knit-sweaters-vibrant-family-pullover-for-mom-and-kids,https://www.dresslikemommy.com/products/matching-color-block-knit-sweaters-vibrant-family-pullover-for-mom-and-kids,https://detail.1688.com/offer/738990424265.html,1,
gid://shopify/Product/7227436367969,7227436367969,ACTIVE,Matching Star Knit Sweater Dress Cozy Cream Family ... | DLM,matching-star-knit-sweater-dress-cozy-cream-family-outfit-for-mom-and-daughter,https://www.dresslikemommy.com/products/matching-star-knit-sweater-dress-cozy-cream-family-outfit-for-mom-and-daughter,https://detail.1688.com/offer/733926180839.html?,1,
gid://shopify/Product/7227438530657,7227438530657,ACTIVE,Matching Mother and Daughter Beach Dresses Elegant ... | DLM,matching-mother-and-daughter-beach-dresses-elegant-cream-chiffon-maxi-dress-set,https://www.dresslikemommy.com/products/matching-mother-and-daughter-beach-dresses-elegant-cream-chiffon-maxi-dress-set,https://detail.1688.com/offer/708705268279.html,1,
gid://shopify/Product/7227439546465,7227439546465,ACTIVE,Matching Tropical Floral Beach Outfits Navy and Ora... | DLM,matching-family-tropical-floral-beach-outfits-navy-and-orange-flower-print-dresses-shirts-set,https://www.dresslikemommy.com/products/matching-family-tropical-floral-beach-outfits-navy-and-orange-flower-print-dresses-shirts-set,https://detail.1688.com/offer/778741827475.html,1,
gid://shopify/Product/7227620982881,7227620982881,ACTIVE,Striped Fleece Hoodies Cozy Winter Pullover for Par... | DLM,matching-family-striped-fleece-hoodies-cozy-winter-pullover-for-parents-and-kids,https://www.dresslikemommy.com/products/matching-family-striped-fleece-hoodies-cozy-winter-pullover-for-parents-and-kids,https://detail.1688.com/offer/839128218104.html,1,
gid://shopify/Product/7227624554593,7227624554593,ACTIVE,Denim Button-Up Shirts Casual Unisex Jean Jackets f... | DLM,matching-family-denim-button-up-shirts-casual-unisex-jean-jackets-for-parents-and-kids,https://www.dresslikemommy.com/products/matching-family-denim-button-up-shirts-casual-unisex-jean-jackets-for-parents-and-kids,https://detail.1688.com/offer/703338957544.html,1,
gid://shopify/Product/7228773466209,7228773466209,ACTIVE,Cozy Matching Black & White Striped Sweater Set for... | DLM,cozy-matching-black-white-striped-sweater-set-for-mom-and-daughter,https://www.dresslikemommy.com/products/cozy-matching-black-white-striped-sweater-set-for-mom-and-daughter,https://detail.1688.com/offer/681543346645.html,1,
gid://shopify/Product/7228788867169,7228788867169,ACTIVE,Cute Matching Cartoon Pajama Set - Fun and Cozy Sle... | DLM,cute-matching-mom-and-daughter-cartoon-pajama-set-fun-and-cozy-sleepwear,https://www.dresslikemommy.com/products/cute-matching-mom-and-daughter-cartoon-pajama-set-fun-and-cozy-sleepwear,https://detail.1688.com/offer/644957803788.html?,1,
gid://shopify/Product/7229023846497,7229023846497,ACTIVE,Vibrant Rainbow Maxi Dress Set for Colorful Summer ... | DLM,vibrant-rainbow-maxi-dress-set-for-mom-and-daughter-colorful-summer-matching-outfits,https://www.dresslikemommy.com/products/vibrant-rainbow-maxi-dress-set-for-mom-and-daughter-colorful-summer-matching-outfits,https://detail.1688.com/offer/797801897282.html,1,
gid://shopify/Product/7229027876961,7229027876961,ACTIVE,Stylish Blue Sleeveless Dress Set with Bow Detail P... | DLM,stylish-blue-sleeveless-mommy-and-me-dress-set-with-bow-detail-perfect-for-summer-outings,https://www.dresslikemommy.com/products/stylish-blue-sleeveless-mommy-and-me-dress-set-with-bow-detail-perfect-for-summer-outings,https://detail.1688.com/offer/808046876707.html,1,
gid://shopify/Product/7229128441953,7229128441953,ACTIVE,Vibrant Rainbow Outfits Striped T-Shirts and Yellow... | DLM,vibrant-rainbow-family-matching-outfits-striped-t-shirts-and-yellow-overalls-set-for-family-outings,https://www.dresslikemommy.com/products/vibrant-rainbow-family-matching-outfits-striped-t-shirts-and-yellow-overalls-set-for-family-outings,https://detail.1688.com/offer/772399851767.html,1,
gid://shopify/Product/7229130342497,7229130342497,ACTIVE,Gradient Ombre Outfits Pink & Blue T-Shirts with Wh... | DLM,gradient-ombre-family-matching-outfits-pink-blue-t-shirts-with-white-shorts-set,https://www.dresslikemommy.com/products/gradient-ombre-family-matching-outfits-pink-blue-t-shirts-with-white-shorts-set,https://detail.1688.com/offer/771562808944.html,1,
gid://shopify/Product/7229130801249,7229130801249,ACTIVE,Beige Chiffon Mother & Daughter Matching Summer Dresses,elegant-beige-chiffon-family-matching-dresses-mother-daughter-summer-outfits,https://www.dresslikemommy.com/products/elegant-beige-chiffon-family-matching-dresses-mother-daughter-summer-outfits,https://detail.1688.com/offer/807818838863.html,1,
gid://shopify/Product/7229132472417,7229132472417,ACTIVE,Mother-Daughter Matching Navy Knit Cardigan Set Gin... | DLM,mother-daughter-matching-navy-knit-cardigan-set-gingham-ruffle-trim-bow-accent,https://www.dresslikemommy.com/products/mother-daughter-matching-navy-knit-cardigan-set-gingham-ruffle-trim-bow-accent,https://detail.1688.com/offer/734229174960.html,1,
gid://shopify/Product/7229259874401,7229259874401,ACTIVE,T-Shirt Set with Colorful Heart Brushstroke Design | DLM,family-matching-t-shirt-set-with-colorful-heart-brushstroke-design,https://www.dresslikemommy.com/products/family-matching-t-shirt-set-with-colorful-heart-brushstroke-design,https://detail.1688.com/offer/717977578626.html,1,
gid://shopify/Product/7229825581153,7229825581153,ACTIVE,"Father & Baby Matching ""Big Trouble"" and ""Little Tr... | DLM",father-baby-matching-big-trouble-and-little-trouble-t-shirt-onesie-set-playful-family-outfit,https://www.dresslikemommy.com/products/father-baby-matching-big-trouble-and-little-trouble-t-shirt-onesie-set-playful-family-outfit,https://detail.1688.com/offer/707068651334.html,1,
gid://shopify/Product/7229828202593,7229828202593,ACTIVE,"Father & Baby ""Mr. Fix It"" & ""Mr. Broke It"" Matchin... | DLM",father-baby-mr-fix-it-mr-broke-it-matching-t-shirt-onesie-set-perfect-gift-for-handy-dads,https://www.dresslikemommy.com/products/father-baby-mr-fix-it-mr-broke-it-matching-t-shirt-onesie-set-perfect-gift-for-handy-dads,https://detail.1688.com/offer/707068651334.html,1,
gid://shopify/Product/7229835542625,7229835542625,ACTIVE,"Father & Baby ""Player 1"" and ""Player 2"" Matching T-... | DLM",father-baby-player-1-and-player-2-matching-t-shirt-onesie-set-perfect-gamer-dad-gift,https://www.dresslikemommy.com/products/father-baby-player-1-and-player-2-matching-t-shirt-onesie-set-perfect-gamer-dad-gift,https://detail.1688.com/offer/707068651334.html,1,
gid://shopify/Product/7229837312097,7229837312097,ARCHIVED,"Father & Baby ""Fuel Gauge"" Matching T-Shirt & Onesi... | DLM",father-baby-fuel-gauge-matching-t-shirt-onesie-set-daddy-baby-fuel-theme-outfit,,https://detail.1688.com/offer/707068651334.html,1,
gid://shopify/Product/7230150213729,7230150213729,ACTIVE,"Father and Baby Matching Pizza Slice T-Shirts - ""Wh... | DLM",father-and-baby-matching-pizza-slice-t-shirts-whole-pizza-slice-set,https://www.dresslikemommy.com/products/father-and-baby-matching-pizza-slice-t-shirts-whole-pizza-slice-set,https://detail.1688.com/offer/707068651334.html,1,
gid://shopify/Product/7230155882593,7230155882593,ACTIVE,Top Dad and Top Son Matching T-Shirt & Onesie Set -... | DLM,top-dad-and-top-son-matching-t-shirt-onesie-set-inspired-family-outfit,https://www.dresslikemommy.com/products/top-dad-and-top-son-matching-t-shirt-onesie-set-inspired-family-outfit,https://detail.1688.com/offer/725258578174.html,1,
gid://shopify/Product/7230156701793,7230156701793,ACTIVE,Daddy & Me T-Shirt Set - Heartfelt Father-Child Bon... | DLM,daddy-me-matching-family-t-shirt-set-heartfelt-father-child-bond-outfit,https://www.dresslikemommy.com/products/daddy-me-matching-family-t-shirt-set-heartfelt-father-child-bond-outfit,https://detail.1688.com/offer/673590337157.html,1,
gid://shopify/Product/7230157226081,7230157226081,ACTIVE,"Daddy & Me ""Beer Monster"" & ""Milk Monster"" Matching... | DLM",daddy-me-beer-monster-milk-monster-matching-t-shirt-set,https://www.dresslikemommy.com/products/daddy-me-beer-monster-milk-monster-matching-t-shirt-set,https://detail.1688.com/offer/669570286614.html?,1,
gid://shopify/Product/7230159028321,7230159028321,ACTIVE,Father & Child Matching Striped Tie T-Shirt Set - D... | DLM,father-child-matching-striped-tie-t-shirt-set-dad-and-baby-toddler-outfits,https://www.dresslikemommy.com/products/father-child-matching-striped-tie-t-shirt-set-dad-and-baby-toddler-outfits,https://detail.1688.com/offer/669570286614.html?,1,
gid://shopify/Product/7230159618145,7230159618145,ACTIVE,"Daddy & Baby Matching ""Daddysaurus"" and ""Babysaurus... | DLM",daddy-baby-matching-daddysaurus-and-babysaurus-t-shirt-set-fun-dinosaur-dad-and-baby-outfit,https://www.dresslikemommy.com/products/daddy-baby-matching-daddysaurus-and-babysaurus-t-shirt-set-fun-dinosaur-dad-and-baby-outfit,https://detail.1688.com/offer/669570286614.html?,1,
gid://shopify/Product/7230168727649,7230168727649,ACTIVE,"Daddy & Baby ""Bestie Heart"" Matching T-Shirt & Ones... | DLM",daddy-baby-bestie-heart-matching-t-shirt-onesie-set-adorable-father-and-child-outfit,https://www.dresslikemommy.com/products/daddy-baby-bestie-heart-matching-t-shirt-onesie-set-adorable-father-and-child-outfit,https://detail.1688.com/offer/707068651334.html,1,
gid://shopify/Product/7230180884577,7230180884577,ACTIVE,"""Original, Remix & Encore"" T-Shirt Set - Fun Family... | DLM",family-matching-original-remix-encore-t-shirt-set-fun-family-outfits-for-all-ages,https://www.dresslikemommy.com/products/family-matching-original-remix-encore-t-shirt-set-fun-family-outfits-for-all-ages,https://detail.1688.com/offer/707068651334.html,1,
gid://shopify/Product/7230191665249,7230191665249,ACTIVE,"""Need More"" Drink T-Shirt Set - Beer, Coffee, Milk ... | DLM",need-more-family-matching-drink-t-shirt-set-beer-coffee-milk-juice-family-outfit,https://www.dresslikemommy.com/products/need-more-family-matching-drink-t-shirt-set-beer-coffee-milk-juice-family-outfit,https://detail.1688.com/offer/707068651334.html,1,
gid://shopify/Product/7230194942049,7230194942049,ACTIVE,Battery-Themed T-Shirt Set - Super Tired Parents & ... | DLM,battery-themed-matching-family-t-shirt-set-super-tired-parents-energetic-kids,https://www.dresslikemommy.com/products/battery-themed-matching-family-t-shirt-set-super-tired-parents-energetic-kids,https://detail.1688.com/offer/669302773634.html?,1,
gid://shopify/Product/7230323261537,7230323261537,ACTIVE,"""Plug & Lightbulb"" T-Shirt Set - Unique Family Conn... | DLM",matching-family-plug-lightbulb-t-shirt-set-unique-family-connection-design,https://www.dresslikemommy.com/products/matching-family-plug-lightbulb-t-shirt-set-unique-family-connection-design,https://detail.1688.com/offer/669940420636.html,1,
gid://shopify/Product/7230327128161,7230327128161,ACTIVE,"""LOVE"" T-Shirt Set - Adorable Family Heart Design | DLM",matching-family-love-t-shirt-set-adorable-family-heart-design,https://www.dresslikemommy.com/products/matching-family-love-t-shirt-set-adorable-family-heart-design,https://detail.1688.com/offer/811069071170.html,1,
gid://shopify/Product/7230332895329,7230332895329,ACTIVE,"""Love Balloon"" T-Shirt Set - Heart & Love Design in... | DLM",matching-family-love-balloon-t-shirt-set-heart-love-design-in-4-colors,https://www.dresslikemommy.com/products/matching-family-love-balloon-t-shirt-set-heart-love-design-in-4-colors,https://detail.1688.com/offer/669940420636.html,1,
gid://shopify/Product/7230336729185,7230336729185,ACTIVE,Minimalist Heart T-Shirt Set - Simple Love Design i... | DLM,matching-family-minimalist-heart-t-shirt-set-simple-love-design-in-4-colors,https://www.dresslikemommy.com/products/matching-family-minimalist-heart-t-shirt-set-simple-love-design-in-4-colors,https://detail.1688.com/offer/669940420636.html | https://detail.1688.com/offer/714033740635.html?,2,
gid://shopify/Product/7230338039905,7230338039905,ACTIVE,"Cute Cartoon T-Shirts - Sun, Cloud & Plant Design i... | DLM",cute-family-matching-cartoon-t-shirts-sun-cloud-plant-design-in-5-colors,https://www.dresslikemommy.com/products/cute-family-matching-cartoon-t-shirts-sun-cloud-plant-design-in-5-colors,https://detail.1688.com/offer/545204983042.html,1,
gid://shopify/Product/7230339711073,7230339711073,ACTIVE,"Colorful ""LOVE"" T-Shirts - Fun Bold Lettering Desig... | DLM",colorful-family-matching-love-t-shirts-fun-bold-lettering-design-in-multiple-colors,https://www.dresslikemommy.com/products/colorful-family-matching-love-t-shirts-fun-bold-lettering-design-in-multiple-colors,https://detail.1688.com/offer/545204983042.html,1,
gid://shopify/Product/7230342004833,7230342004833,ACTIVE,"""Love Grows"" T-Shirts - Watering Can & Plant Design | DLM",love-grows-family-matching-t-shirts-watering-can-plant-design,https://www.dresslikemommy.com/products/love-grows-family-matching-t-shirts-watering-can-plant-design,https://detail.1688.com/offer/548010208263.html,1,
gid://shopify/Product/7230415863905,7230415863905,ACTIVE,"""Happy Flower"" T-Shirts - Colorful Floral Print for... | DLM",happy-flower-family-matching-t-shirts-colorful-floral-print-for-parents-kids,https://www.dresslikemommy.com/products/happy-flower-family-matching-t-shirts-colorful-floral-print-for-parents-kids,https://detail.1688.com/offer/757877276402.html,1,
gid://shopify/Product/7230418944097,7230418944097,ACTIVE,"Colorful ""I Love Family"" Matching T-Shirts Set for ... | DLM",colorful-i-love-family-matching-t-shirts-set-for-the-whole-family,https://www.dresslikemommy.com/products/colorful-i-love-family-matching-t-shirts-set-for-the-whole-family,https://detail.1688.com/offer/757877276402.html,1,
gid://shopify/Product/7230423236705,7230423236705,ACTIVE,"Cute Dinosaur T-Shirts - ""What Are You Doing?"" Hug ... | DLM",cute-dinosaur-family-matching-t-shirts-what-are-you-doing-hug-design,https://www.dresslikemommy.com/products/cute-dinosaur-family-matching-t-shirts-what-are-you-doing-hug-design,https://detail.1688.com/offer/638160477506.html,1,
gid://shopify/Product/7230424645729,7230424645729,ACTIVE,Beautiful Rainbow T-Shirts - Colorful Sunshine Design | DLM,beautiful-rainbow-family-matching-t-shirts-colorful-sunshine-design,https://www.dresslikemommy.com/products/beautiful-rainbow-family-matching-t-shirts-colorful-sunshine-design,https://detail.1688.com/offer/714148171444.html?,1,
gid://shopify/Product/7230645239905,7230645239905,ACTIVE,Eternal Love T-Shirts - Colorful Heart Design | DLM,eternal-love-family-matching-t-shirts-colorful-heart-design,https://www.dresslikemommy.com/products/eternal-love-family-matching-t-shirts-colorful-heart-design,https://detail.1688.com/offer/669225502798.html,1,
gid://shopify/Product/7230645665889,7230645665889,ARCHIVED,"Family Christmas Sweatshirt Set - ""Merry Christmas""... | DLM",family-christmas-sweatshirt-set-merry-christmas-matching-holiday-sweaters-for-family,,https://detail.1688.com/offer/832092371979.html,1,
gid://shopify/Product/7230650908769,7230650908769,ARCHIVED,"Family Christmas Tree Graphic Matching T-Shirts - ""... | DLM",family-christmas-tree-graphic-matching-t-shirts-merry-christmas-holiday-family-outfits,,https://detail.1688.com/offer/826571322509.html?,1,
gid://shopify/Product/7230699536481,7230699536481,ARCHIVED,Christmas Pajamas - Snowflake Nordic Holiday PJ Set... | DLM,matching-family-christmas-pajamas-snowflake-nordic-holiday-pj-set-for-all-ages,,https://detail.1688.com/offer/682560652298.html?,1,
gid://shopify/Product/7230717886561,7230717886561,ARCHIVED,Holiday Safari Animal Pajamas - Cozy Green Christma... | DLM,family-matching-holiday-safari-animal-pajamas-cozy-green-christmas-pajama-set-for-kids-adults-pets,,https://detail.1688.com/offer/740386252610.html?,1,
gid://shopify/Product/7230848696417,7230848696417,ARCHIVED,Christmas Fair Isle Pajamas - Festive Red & Green H... | DLM,family-matching-christmas-fair-isle-pajamas-festive-red-green-holiday-pajama-set-for-adults-kids-pets,,https://detail.1688.com/offer/682910441977.html?,1,
gid://shopify/Product/7230851645537,7230851645537,ARCHIVED,Christmas Tree Fair Isle Pajamas - Green & Red Fest... | DLM,family-matching-christmas-tree-fair-isle-pajamas-green-red-festive-pajama-set-for-adults-kids-pets,,https://detail.1688.com/offer/687642721579.html,1,
gid://shopify/Product/7230874157153,7230874157153,ARCHIVED,"Christmas Pajamas - ""Merry Christmas"" Gnome & Fair ... | DLM",family-matching-christmas-pajamas-merry-christmas-gnome-fair-isle-pajama-set-for-kids-and-adults,,https://detail.1688.com/offer/681158424600.html,1,
gid://shopify/Product/7230900895841,7230900895841,ARCHIVED,Christmas Tree Fair Isle Pajamas - Red & Black Holi... | DLM,family-matching-christmas-tree-fair-isle-pajamas-red-black-holiday-pajama-set-for-kids-and-adults,,https://detail.1688.com/offer/842547225721.html,1,
gid://shopify/Product/7231104712801,7231104712801,ARCHIVED,"""Christmas Crew"" Pajamas - Black and Red Plaid Holi... | DLM",family-matching-christmas-crew-pajamas-black-and-red-plaid-holiday-pajama-set-for-kids-and-adults,,https://detail.1688.com/offer/745019409441.html,1,
gid://shopify/Product/7231319474273,7231319474273,ARCHIVED,"""Let It Snow"" & ""Merry Christmas"" Pajamas - Navy Bl... | DLM",family-matching-let-it-snow-merry-christmas-pajamas-navy-blue-snowman-fair-isle-holiday-pajama-set-for-kids-adults-pets,,https://detail.1688.com/offer/841626774344.html,1,
gid://shopify/Product/7231451267169,7231451267169,ARCHIVED,"""Merry Christmas"" Tree Pajamas - Black & Green Plai... | DLM",family-matching-merry-christmas-tree-pajamas-black-green-plaid-holiday-pajama-set-for-kids-adults-infants,,https://detail.1688.com/offer/742093995805.html,1,
gid://shopify/Product/7232045842529,7232045842529,ARCHIVED,"""Don't Be a Grinch"" Christmas Pajamas - Fun Dr. Seu... | DLM",family-matching-dont-be-a-grinch-christmas-pajamas-fun-dr-seuss-grinch-holiday-set-for-kids-adults,,https://detail.1688.com/offer/655447577828.html,1,
gid://shopify/Product/7232048365665,7232048365665,ARCHIVED,"""Merry Grinchmas"" Dinosaur Christmas Pajamas - Fun ... | DLM",family-matching-merry-grinchmas-dinosaur-christmas-pajamas-fun-holiday-set-with-green-plaid-pants,,https://detail.1688.com/offer/655447577828.html,1,
gid://shopify/Product/7232050561121,7232050561121,ARCHIVED,"""Merry Grinchmas"" Christmas Pajama Set - Fun Holida... | DLM",family-matching-merry-grinchmas-christmas-pajama-set-fun-holiday-grinch-design-with-festive-green-pants,,https://detail.1688.com/offer/739195117388.html,1,
gid://shopify/Product/7232051249249,7232051249249,ARCHIVED,"Family Matching ""Merry Grinchmas"" Christmas Pajamas - Fun Grinch & Max Design, Red & White Polka Dot Pants",family-matching-merry-grinchmas-christmas-pajamas-fun-grinch-max-design-red-white-polka-dot-pants,,https://detail.1688.com/offer/835333502573.html,1,
gid://shopify/Product/7232053936225,7232053936225,ARCHIVED,Christmas Pajamas Set - Green & White Reindeer Fair... | DLM,family-matching-christmas-pajamas-set-green-white-reindeer-fair-isle-print,,https://detail.1688.com/offer/737991676227.html,1,
gid://shopify/Product/7232063963233,7232063963233,ARCHIVED,"Christmas Pajamas - ""Happy Ho Ho Ho To You"" Elf Des... | DLM",family-matching-christmas-pajamas-happy-ho-ho-ho-to-you-elf-design-with-striped-pants,,https://detail.1688.com/offer/651825509446.html,1,
gid://shopify/Product/7232068550753,7232068550753,ARCHIVED,"Christmas Pajamas - Snowman Print ""Merry Christmas""... | DLM",family-matching-christmas-pajamas-snowman-print-merry-christmas-pjs-in-blue-and-red,,https://detail.1688.com/offer/810867411211.html,1,
gid://shopify/Product/7232085753953,7232085753953,ARCHIVED,Christmas Pajama Set - Festive Reindeer & Santa Pri... | DLM,family-matching-christmas-pajama-set-festive-reindeer-santa-print-in-red-green-for-holiday-celebrations,,https://detail.1688.com/offer/745036740483.html?,1,
gid://shopify/Product/7232280133729,7232280133729,ARCHIVED,Christmas Pajama Set - Merry Christmas Tree Print i... | DLM,family-matching-christmas-pajama-set-merry-christmas-tree-print-in-festive-green-and-black-for-holiday-gatherings,,https://detail.1688.com/offer/676439509486.html,1,
gid://shopify/Product/7232282951777,7232282951777,ARCHIVED,Christmas Pajama Set - Santa & Reindeer Print in Cr... | DLM,family-matching-christmas-pajama-set-santa-reindeer-print-in-cream-and-green-for-festive-holiday-fun,,https://detail.1688.com/offer/676439509486.html,1,
gid://shopify/Product/7232283148385,7232283148385,ARCHIVED,Christmas Pajama Set - Festive Santa & Reindeer Pri... | DLM,family-matching-christmas-pajama-set-festive-santa-reindeer-print-in-red-white-and-black-for-holiday-celebrations,,https://detail.1688.com/offer/676439509486.html,1,
gid://shopify/Product/7232285835361,7232285835361,ARCHIVED,"Christmas Pajama Set - Festive Santa & ""Ho Ho Ho"" P... | DLM",family-matching-christmas-pajama-set-festive-santa-ho-ho-ho-print-with-red-green-and-white-stripes,,https://detail.1688.com/offer/678823577474.html,1,
gid://shopify/Product/7232289374305,7232289374305,ARCHIVED,Christmas Pajama Set - Plaid Pants with Adorable Re... | DLM,family-matching-christmas-pajama-set-plaid-pants-with-adorable-reindeer-print-in-white-red,,https://detail.1688.com/offer/674456793217.html,1,
gid://shopify/Product/7232290685025,7232290685025,ARCHIVED,Christmas Pajama Set - Plaid Pants with Cute Reinde... | DLM,family-matching-christmas-pajama-set-plaid-pants-with-cute-reindeer-print-in-black-white,,https://detail.1688.com/offer/674645963138.html,1,
gid://shopify/Product/7232291307617,7232291307617,ARCHIVED,Christmas Pajama Set - Red & Green Plaid Reindeer P... | DLM,family-matching-christmas-pajama-set-red-green-plaid-reindeer-print-for-cozy-holiday-moments,,https://detail.1688.com/offer/726918338011.html,1,
gid://shopify/Product/7232295043169,7232295043169,ARCHIVED,Christmas Elf Pajama Set - Festive Green & Red Stri... | DLM,family-matching-christmas-elf-pajama-set-festive-green-red-striped-elf-costume-design-for-holiday-fun,,https://detail.1688.com/offer/811794929682.html,1,
gid://shopify/Product/7232297795681,7232297795681,ARCHIVED,Christmas Pajama Set - Naughty or Nice Grinch Desig... | DLM,family-matching-christmas-pajama-set-naughty-or-nice-grinch-design-with-red-plaid-pants,,https://detail.1688.com/offer/714933990495.html,1,
gid://shopify/Product/7232299303009,7232299303009,ARCHIVED,"Winter Pajama Set - ""Chill Out"" Snowman Print with ... | DLM",family-matching-winter-pajama-set-chill-out-snowman-print-with-cozy-blue-snowflake-design,,https://detail.1688.com/offer/678624658477.html,1,
gid://shopify/Product/7232305528929,7232305528929,ARCHIVED,Christmas Pajama Set - Red Buffalo Plaid with Reind... | DLM,family-matching-christmas-pajama-set-red-buffalo-plaid-with-reindeer-print-in-black-gold-for-cozy-holiday-nights,,https://detail.1688.com/offer/674682243324.html,1,
gid://shopify/Product/7232309035105,7232309035105,ARCHIVED,Christmas Pajama Set - Cute Santa & Reindeer Print ... | DLM,family-matching-christmas-pajama-set-cute-santa-reindeer-print-in-white-with-festive-red-accents,,https://detail.1688.com/offer/831330050195.html?,1,
gid://shopify/Product/7232312770657,7232312770657,ARCHIVED,"Christmas Pajama Set - Festive ""Happy Holidays"" Sno... | DLM",family-matching-christmas-pajama-set-festive-happy-holidays-snowman-reindeer-print-with-red-cuffs,,https://detail.1688.com/offer/742977516650.html,1,
gid://shopify/Product/7232317030497,7232317030497,ARCHIVED,Christmas Pajama Set - Festive Santa Gnome Print in... | DLM,family-matching-christmas-pajama-set-festive-santa-gnome-print-in-red-and-grey-with-cozy-nordic-pattern-pants,,https://detail.1688.com/offer/817533762919.html,1,
gid://shopify/Product/7234221146209,7234221146209,ARCHIVED,Dabbing Santa Christmas T-Shirts - Fun Holiday Outf... | DLM,dabbing-santa-matching-family-christmas-t-shirts-fun-holiday-outfits-for-all,,https://detail.1688.com/offer/661224742918.htm,1,
gid://shopify/Product/7234228224097,7234228224097,ARCHIVED,Merry Christmas T-Shirts - Festive Holiday Outfit i... | DLM,merry-christmas-matching-family-t-shirts-festive-holiday-outfit-in-multiple-colors,,https://detail.1688.com/offer/687042925942.html?,1,
gid://shopify/Product/7234245984353,7234245984353,ARCHIVED,"Merry Christmas T-Shirts - Festive Snowman, Santa, ... | DLM",merry-christmas-matching-family-t-shirts-festive-snowman-santa-and-elf-holiday-tops,,https://detail.1688.com/offer/825656600694.html?,1,
gid://shopify/Product/7234248573025,7234248573025,ARCHIVED,Christmas T-Shirts - Adorable Reindeer Print with H... | DLM,matching-family-christmas-t-shirts-adorable-reindeer-print-with-holiday-wishes,,https://detail.1688.com/offer/745386976251.html,1,
gid://shopify/Product/7234254766177,7234254766177,ARCHIVED,Christmas T-Shirts - Santa & Snowman Festive Holida... | DLM,matching-family-christmas-t-shirts-santa-snowman-festive-holiday-design,,https://detail.1688.com/offer/632751361654.html?,1,
gid://shopify/Product/7234261745761,7234261745761,ARCHIVED,Fluffy Bunny Loungewear Set - Cozy Pink Pajamas | DLM,matching-family-fluffy-bunny-loungewear-set-cozy-pink-pajamas,,https://detail.1688.com/offer/694858651124.html?,1,
gid://shopify/Product/7234292482145,7234292482145,ARCHIVED,Matching Teddy Bear & Heart Fluffy Pajama Set for M... | DLM,matching-teddy-bear-heart-fluffy-pajama-set-for-mother-daughter,,https://detail.1688.com/offer/739052512572.html,1,
gid://shopify/Product/7234294055009,7234294055009,ARCHIVED,"Christmas Pajamas - ""We Are Family"" Plaid Holiday Set | DLM",matching-family-christmas-pajamas-we-are-family-plaid-holiday-set,,https://detail.1688.com/offer/853751318888.html,1,
gid://shopify/Product/7234512715873,7234512715873,ARCHIVED,Family Christmas Pajamas - Festive Dancing Santa Ma... | DLM,family-christmas-pajamas-festive-dancing-santa-matching-holiday-set,,https://detail.1688.com/offer/811170242027.html,1,
gid://shopify/Product/7234518777953,7234518777953,ARCHIVED,"Christmas Pajamas - ""Ho Ho Ho"" Santa Holiday Set | DLM",matching-family-christmas-pajamas-ho-ho-ho-santa-holiday-set,,https://detail.1688.com/offer/820075338312.html,1,
gid://shopify/Product/7234540961889,7234540961889,ARCHIVED,Christmas Pajamas - Polar Bear & Santa Holiday Set | DLM,matching-family-christmas-pajamas-polar-bear-santa-holiday-set,,https://detail.1688.com/offer/828362024757.html,1,
gid://shopify/Product/7234552168545,7234552168545,ARCHIVED,Christmas Pajamas - Festive Christmas Tree & Holida... | DLM,matching-family-christmas-pajamas-festive-christmas-tree-holiday-print-set,,https://detail.1688.com/offer/827246312685.html?,1,
gid://shopify/Product/7234558197857,7234558197857,ARCHIVED,Christmas Pajamas - Fun Grinch-Inspired Holiday Set | DLM,matching-family-christmas-pajamas-fun-grinch-inspired-holiday-set,,https://detail.1688.com/offer/852702945113.html,1,
gid://shopify/Product/7234564063329,7234564063329,ARCHIVED,"Christmas Pajamas - Festive ""Joy, Love, Peace"" Pola... | DLM",matching-family-christmas-pajamas-festive-joy-love-peace-polar-bear-set,,https://detail.1688.com/offer/654752018378.html,1,
gid://shopify/Product/7234617344097,7234617344097,ARCHIVED,Christmas T-Shirts - Santa & Reindeer Graphic Tees | DLM,matching-family-christmas-t-shirts-santa-reindeer-graphic-tees,,https://detail.1688.com/offer/826419821205.html?,1,
gid://shopify/Product/7234839969889,7234839969889,ARCHIVED,Christmas T-Shirts - Adorable Reindeer Design | DLM,family-matching-christmas-t-shirts-adorable-reindeer-design,,https://detail.1688.com/offer/653520242287.html?,1,
gid://shopify/Product/7234841378913,7234841378913,ARCHIVED,Family Matching Christmas T-Shirts – Festive Reindeer Design,family-matching-christmas-t-shirts-festive-reindeer-design,,https://detail.1688.com/offer/653520242287.html?,1,
gid://shopify/Product/7234906783841,7234906783841,ARCHIVED,Christmas T-Shirts - Peek-A-Boo Reindeer Design | DLM,family-matching-christmas-t-shirts-peek-a-boo-reindeer-design,,https://detail.1688.com/offer/660393620009.html?,1,
gid://shopify/Product/7234911109217,7234911109217,ARCHIVED,"Christmas T-Shirts - ""Dad, Mom, Baby"" Santa Hat Design | DLM",family-matching-christmas-t-shirts-dad-mom-baby-santa-hat-design,,https://detail.1688.com/offer/587381835153.html,1,
gid://shopify/Product/7234919792737,7234919792737,ARCHIVED,"Family Matching Christmas T-Shirts – Santa, Reindeer & Snowman Festive Design",family-matching-christmas-t-shirts-santa-reindeer-snowman-festive-design,,https://detail.1688.com/offer/653586738565.html,1,
gid://shopify/Product/7234923757665,7234923757665,ARCHIVED,Christmas T-Shirts - Plaid & Leopard Tree Design | DLM,family-matching-christmas-t-shirts-plaid-leopard-tree-design,,https://detail.1688.com/offer/680950090982.html,1,
gid://shopify/Product/7234929524833,7234929524833,ARCHIVED,Reindeer Christmas Sweatshirts - Festive Winter Style | DLM,family-matching-reindeer-christmas-sweatshirts-festive-winter-style,,https://detail.1688.com/offer/575723601092.html,1,
gid://shopify/Product/7234945155169,7234945155169,ARCHIVED,Matching Family Cable Knit Sweaters – Cozy Holiday Outfits,matching-family-cable-knit-sweaters-cozy-holiday-outfits,,https://detail.1688.com/offer/655626517493.html,1,
gid://shopify/Product/7235007643745,7235007643745,ARCHIVED,Faux Leather Jackets - Trendy and Versatile Outerwear | DLM,matching-family-faux-leather-jackets-trendy-and-versatile-outerwear,,https://detail.1688.com/offer/733034762111.html,1,
gid://shopify/Product/7235019571297,7235019571297,ARCHIVED,Matching Family Striped Sweaters – Cozy & Stylish Knitwear,matching-family-striped-sweaters-cozy-stylish-knitwear,,https://detail.1688.com/offer/832475236782.html?,1,
gid://shopify/Product/7235020685409,7235020685409,ARCHIVED,Colorblock Knit Sweaters - Cozy Red with Modern Style | DLM,matching-family-colorblock-knit-sweaters-cozy-red-with-modern-style,,https://detail.1688.com/offer/738109588080.html,1,
gid://shopify/Product/7235100967009,7235100967009,ARCHIVED,Christmas Sweaters - Festive Red with Reindeer and ... | DLM,matching-family-christmas-sweaters-festive-red-with-reindeer-and-snowflake-pattern,,https://detail.1688.com/offer/837356909103.html,1,
gid://shopify/Product/7235116171361,7235116171361,ARCHIVED,Christmas Sweaters - Black with Festive Red Reindee... | DLM,matching-family-christmas-sweaters-black-with-festive-red-reindeer-and-snowflake-design,,https://detail.1688.com/offer/837356909103.html,1,
gid://shopify/Product/7241019785313,7241019785313,ARCHIVED,Colorful Geometric Knitted Sweater Unisex Retro Ove... | DLM,colorful-geometric-knitted-sweater-unisex-retro-oversized-pullover,,https://detail.1688.com/offer/732464605108.html,1,
gid://shopify/Product/7241063825505,7241063825505,ACTIVE,Cable Knit Sweaters Heart Embroidered Unisex Pullovers | DLM,family-matching-cable-knit-sweaters-heart-embroidered-unisex-pullovers,https://www.dresslikemommy.com/products/family-matching-cable-knit-sweaters-heart-embroidered-unisex-pullovers,https://detail.1688.com/offer/830875621164.html,1,
gid://shopify/Product/7241105670241,7241105670241,ACTIVE,Red Cable Knit Cardigans - Elegant Heart-Button Design | DLM,family-matching-red-cable-knit-cardigans-elegant-heart-button-design,https://www.dresslikemommy.com/products/family-matching-red-cable-knit-cardigans-elegant-heart-button-design,https://detail.1688.com/offer/844219129241.html,1,
gid://shopify/Product/7241172713569,7241172713569,ARCHIVED,Argyle Sweaters - Classic Knit Unisex Pullovers | DLM,family-matching-argyle-sweaters-classic-knit-unisex-pullovers,,https://detail.1688.com/offer/683098284572.html,1,
gid://shopify/Product/7241201942625,7241201942625,ACTIVE,Oversized Heart Patch Sweaters - Trendy Streetwear ... | DLM,family-matching-oversized-heart-patch-sweaters-trendy-streetwear-style,https://www.dresslikemommy.com/products/family-matching-oversized-heart-patch-sweaters-trendy-streetwear-style,https://detail.1688.com/offer/742799515135.html?,1,
gid://shopify/Product/7241307324513,7241307324513,ARCHIVED,Fleece Loungewear Sets Cozy Two-Piece Pajamas | DLM,family-matching-fleece-loungewear-sets-cozy-two-piece-pajamas-for-mom-and-kids,,https://detail.1688.com/offer/833155864007.html,1,
gid://shopify/Product/7462249955425,7462249955425,ARCHIVED,Christmas Sweater Red Rocking Horse Knit Top | DLM,matching-family-christmas-sweater-red-rocking-horse-knit-top,,https://detail.1688.com/offer/1004817706332.html,1,
gid://shopify/Product/7533081133153,7533081133153,ACTIVE,Vintage Cottage Floral Mommy and Me Pajamas — Short-Sleeve Set,vintage-cottage-floral-mommy-and-me-pajama-set,https://www.dresslikemommy.com/products/vintage-cottage-floral-mommy-and-me-pajama-set,https://detail.1688.com/offer/900601808231.html,1,
gid://shopify/Product/7533348618337,7533348618337,ACTIVE,Bird Chirping Fruit Orchard Mommy and Me Pajamas — Short-Sleeve Set,bird-chirping-mommy-and-me-pajamas,https://www.dresslikemommy.com/products/bird-chirping-mommy-and-me-pajamas,https://detail.1688.com/offer/900601808231.html,1,
gid://shopify/Product/7533351272545,7533351272545,ACTIVE,Good Night Song of the Sea Mommy and Me Pajamas — Short-Sleeve Set,good-night-song-of-the-sea-mommy-and-me-pajamas,https://www.dresslikemommy.com/products/good-night-song-of-the-sea-mommy-and-me-pajamas,https://detail.1688.com/offer/900601808231.html,1,
gid://shopify/Product/7533354975329,7533354975329,ACTIVE,Summer Puppies Mommy and Me Pajamas — Short-Sleeve Set,summer-puppies-mommy-and-me-pajamas,https://www.dresslikemommy.com/products/summer-puppies-mommy-and-me-pajamas,https://detail.1688.com/offer/900601808231.html,1,
gid://shopify/Product/7533367296097,7533367296097,ACTIVE,Bamboo Garden Panda Mommy and Me Pajamas — Short-Sleeve Set,bamboo-garden-panda-mommy-and-me-pajamas,https://www.dresslikemommy.com/products/bamboo-garden-panda-mommy-and-me-pajamas,https://detail.1688.com/offer/792917229223.html,1,
gid://shopify/Product/7533379059809,7533379059809,ACTIVE,Peter Rabbit Mommy and Me Pajamas — Short-Sleeve Set,peter-rabbit-mommy-and-me-pajamas,https://www.dresslikemommy.com/products/peter-rabbit-mommy-and-me-pajamas,https://detail.1688.com/offer/792917229223.html,1,
gid://shopify/Product/7533390856289,7533390856289,ACTIVE,Grapevine Mommy and Me Pajamas — Short-Sleeve Set,grapevine-mommy-and-me-pajamas,https://www.dresslikemommy.com/products/grapevine-mommy-and-me-pajamas,https://detail.1688.com/offer/792917229223.html,1,
gid://shopify/Product/7533397835873,7533397835873,ACTIVE,Little Sheep Meadow Mommy and Me Pajamas — Short-Sleeve Set,little-sheep-meadow-mommy-and-me-pajamas,https://www.dresslikemommy.com/products/little-sheep-meadow-mommy-and-me-pajamas,https://detail.1688.com/offer/1028115745039.html,1,
gid://shopify/Product/7533403799649,7533403799649,ACTIVE,Grape Vineyard Mommy and Me Pajamas — Short-Sleeve Set,grape-vineyard-mommy-and-me-pajamas,https://www.dresslikemommy.com/products/grape-vineyard-mommy-and-me-pajamas,https://detail.1688.com/offer/920493992812.html?,1,
gid://shopify/Product/7533404192865,7533404192865,ACTIVE,Peach Sweetheart Mommy and Me Pajamas — Short-Sleeve Set,peach-sweetheart-mommy-and-me-pajamas,https://www.dresslikemommy.com/products/peach-sweetheart-mommy-and-me-pajamas,https://detail.1688.com/offer/920493992812.html,1,
gid://shopify/Product/7533404291169,7533404291169,ACTIVE,Little Pear Mommy and Me Pajamas — Short-Sleeve Set,little-pear-mommy-and-me-pajamas,https://www.dresslikemommy.com/products/little-pear-mommy-and-me-pajamas,https://detail.1688.com/offer/920493992812.html,1,
gid://shopify/Product/7533429358689,7533429358689,ACTIVE,Fluttering Butterflies Mommy and Me Pajamas — Short-Sleeve Set,fluttering-butterflies-mommy-and-me-pajamas,https://www.dresslikemommy.com/products/fluttering-butterflies-mommy-and-me-pajamas,https://detail.1688.com/offer/1026510859610.html,1,
gid://shopify/Product/7533430440033,7533430440033,ACTIVE,Ladybug Dots Mommy and Me Pajamas — Short-Sleeve Set,ladybug-dots-mommy-and-me-pajamas,https://www.dresslikemommy.com/products/ladybug-dots-mommy-and-me-pajamas,https://detail.1688.com/offer/1026510859610.html,1,
gid://shopify/Product/7533453934689,7533453934689,ACTIVE,Polar Adventure Mommy and Me Pajamas — Long-Sleeve Set,polar-adventure-mommy-and-me-pajamas,https://www.dresslikemommy.com/products/polar-adventure-mommy-and-me-pajamas,https://detail.1688.com/offer/828526529351.html,1,
gid://shopify/Product/7533454098529,7533454098529,ACTIVE,Autumn Peter Rabbit Mommy and Me Pajamas — Short-Sleeve Set,autumn-peter-rabbit-mommy-and-me-pajamas,https://www.dresslikemommy.com/products/autumn-peter-rabbit-mommy-and-me-pajamas,https://detail.1688.com/offer/828526529351.html,1,
gid://shopify/Product/7533454393441,7533454393441,ACTIVE,Bamboo Garden Panda Mommy and Me Pajamas — Long-Sleeve Set,bamboo-garden-panda-cotton-mommy-and-me-pajamas,https://www.dresslikemommy.com/products/bamboo-garden-panda-cotton-mommy-and-me-pajamas,https://detail.1688.com/offer/828526529351.html,1,
gid://shopify/Product/7533454426209,7533454426209,ACTIVE,Red Panda Mommy and Me Pajamas — Long-Sleeve Set,red-panda-mommy-and-me-pajamas,https://www.dresslikemommy.com/products/red-panda-mommy-and-me-pajamas,https://detail.1688.com/offer/828526529351.html,1,
gid://shopify/Product/7533454655585,7533454655585,ACTIVE,Peter Rabbit Gauze Mommy and Me Pajamas — Long-Sleeve Set,peter-rabbit-gauze-mommy-and-me-pajamas,https://www.dresslikemommy.com/products/peter-rabbit-gauze-mommy-and-me-pajamas,https://detail.1688.com/offer/828526529351.html,1,
gid://shopify/Product/7533458194529,7533458194529,ACTIVE,Meow Star Garden Mommy and Me Pajamas — Short-Sleeve Set,meow-star-garden-mommy-and-me-pajamas,https://www.dresslikemommy.com/products/meow-star-garden-mommy-and-me-pajamas,https://detail.1688.com/offer/828526529351.html,1,
gid://shopify/Product/7534719860833,7534719860833,ACTIVE,Welsh Dinosaur Mommy and Me Pajamas — Short-Sleeve Set,welsh-dinosaur-mommy-and-me-pajamas,https://www.dresslikemommy.com/products/welsh-dinosaur-mommy-and-me-pajamas,https://detail.1688.com/offer/894773123074.html,1,
gid://shopify/Product/7534826520673,7534826520673,ACTIVE,Fairy Tale Messenger Mommy and Me Pajamas — Short-Sleeve Set,fairy-tale-messenger-mommy-and-me-pajamas,https://www.dresslikemommy.com/products/fairy-tale-messenger-mommy-and-me-pajamas,https://detail.1688.com/offer/894773123074.html,1,
gid://shopify/Product/7535210594401,7535210594401,ACTIVE,Tropical Meadow Family Matching Set — Dress & Shirt,tropical-meadow-family-matching-set,https://www.dresslikemommy.com/products/tropical-meadow-family-matching-set,https://detail.1688.com/offer/912632676548.html,1,
gid://shopify/Product/7535227666529,7535227666529,ACTIVE,Rainbow Stripe Family Matching Set — Dress & Shirt,rainbow-stripe-family-matching-set,https://www.dresslikemommy.com/products/rainbow-stripe-family-matching-set,https://detail.1688.com/offer/942312658520.html,1,
gid://shopify/Product/7535312896097,7535312896097,ACTIVE,Blue Striped Family Matching Set — Dress & Shirt,blue-striped-family-matching-set,https://www.dresslikemommy.com/products/blue-striped-family-matching-set,https://detail.1688.com/offer/1032088497889.html,1,
gid://shopify/Product/7535320465505,7535320465505,ACTIVE,White Lace Mommy and Me Dresses — Cami Dress,white-lace-mommy-and-me-dresses,https://www.dresslikemommy.com/products/white-lace-mommy-and-me-dresses,https://detail.1688.com/offer/1032400758007.html,1,
gid://shopify/Product/7535362015329,7535362015329,ACTIVE,Blue Tie-Dye Butterfly Mommy and Me Dresses — Tiered Sleeveless Dress,blue-tie-dye-butterfly-mommy-and-me-dresses,https://www.dresslikemommy.com/products/blue-tie-dye-butterfly-mommy-and-me-dresses,https://detail.1688.com/offer/920056943396.html,1,
gid://shopify/Product/7535908946017,7535908946017,ACTIVE,White Rosette Mommy and Me Dresses — Tiered Sleeveless Dress,white-rosette-mommy-and-me-dresses,https://www.dresslikemommy.com/products/white-rosette-mommy-and-me-dresses,https://detail.1688.com/offer/895769018179.html,1,
gid://shopify/Product/7535944368225,7535944368225,ACTIVE,Powder Blue Mommy and Me Set — Flutter Top & Eyelet Pants,powder-blue-mommy-and-me-set,https://www.dresslikemommy.com/products/powder-blue-mommy-and-me-set,https://detail.1688.com/offer/1034212252780.html,1,
gid://shopify/Product/7536086089825,7536086089825,ACTIVE,Pastel Bloom Mommy and Me Dresses - Sleeveless Sundress,pastel-bloom-mommy-and-me-dresses,https://www.dresslikemommy.com/products/pastel-bloom-mommy-and-me-dresses,https://detail.1688.com/offer/895442481104.html?,1,
gid://shopify/Product/7536240984161,7536240984161,ACTIVE,Pink Horizon Family Matching Set — Dress & Shirt,pink-horizon-family-matching-set,https://www.dresslikemommy.com/products/pink-horizon-family-matching-set,https://detail.1688.com/offer/1028758846873.html,1,
gid://shopify/Product/7536309141601,7536309141601,ACTIVE,Ivory Ruffle Mommy and Me Dresses - Tiered Sundress,ivory-ruffle-mommy-and-me-dresses,https://www.dresslikemommy.com/products/ivory-ruffle-mommy-and-me-dresses,https://detail.1688.com/offer/1043178392944.html,1,
gid://shopify/Product/7536334274657,7536334274657,ACTIVE,Safari Caravan Family Matching Set — Dress & Shirt,safari-caravan-family-matching-set,https://www.dresslikemommy.com/products/safari-caravan-family-matching-set,https://detail.1688.com/offer/1035252493819.html,1,
gid://shopify/Product/7536337125473,7536337125473,ACTIVE,Trail Plaid Family Matching Set — Hooded Sun Shirt & Cargo Shorts,trail-plaid-family-matching-set,https://www.dresslikemommy.com/products/trail-plaid-family-matching-set,https://detail.1688.com/offer/1034690588459.html,1,
gid://shopify/Product/7536340729953,7536340729953,ACTIVE,Fresh Blue Plaid Family Matching Set — Shirt & Tiered Skirt Set,fresh-blue-plaid-family-matching-set,https://www.dresslikemommy.com/products/fresh-blue-plaid-family-matching-set,https://detail.1688.com/offer/1036106092808.html,1,
gid://shopify/Product/7536341024865,7536341024865,ACTIVE,"Ivory Stripe Cargo Family Matching Set — Dress, Shirt & Shorts",ivory-stripe-cargo-family-matching-set,https://www.dresslikemommy.com/products/ivory-stripe-cargo-family-matching-set,https://detail.1688.com/offer/1042999501331.html,1,
gid://shopify/Product/7536457941089,7536457941089,ACTIVE,Summer Sky Stripe Family Matching Set — Dress & Shirt,summer-sky-stripe-family-matching-set,https://www.dresslikemommy.com/products/summer-sky-stripe-family-matching-set,https://detail.1688.com/offer/1040654335800.html,1,
gid://shopify/Product/7536469639265,7536469639265,ACTIVE,Blush Garden Mommy and Me Swimsuits - Ruffle Swim Dress,blush-garden-mommy-and-me-swimsuits,https://www.dresslikemommy.com/products/blush-garden-mommy-and-me-swimsuits,https://detail.1688.com/offer/1039451116404.html,1,
gid://shopify/Product/7536696295521,7536696295521,ACTIVE,Pink Lace Garden Mommy and Me Dresses - Puff Sleeve Sundress,pink-lace-garden-mommy-and-me-dresses,https://www.dresslikemommy.com/products/pink-lace-garden-mommy-and-me-dresses,https://detail.1688.com/offer/1031966994369.html?,1,
gid://shopify/Product/7536696328289,7536696328289,ACTIVE,Green Lace Garden Mommy and Me Dresses - Puff Sleeve Sundress,green-lace-garden-mommy-and-me-dresses,https://www.dresslikemommy.com/products/green-lace-garden-mommy-and-me-dresses,https://detail.1688.com/offer/1031966994369.html?,1,
gid://shopify/Product/7536700391521,7536700391521,ACTIVE,Citrus Bloom Family Matching Set — Dress & Shirt,citrus-bloom-family-matching-set,https://www.dresslikemommy.com/products/citrus-bloom-family-matching-set,https://detail.1688.com/offer/797837557857.html,1,
gid://shopify/Product/7536703012961,7536703012961,ACTIVE,Ivory Cascade Mommy and Me Set - Sleeveless Top & Maxi Skirt,ivory-cascade-mommy-and-me-set,https://www.dresslikemommy.com/products/ivory-cascade-mommy-and-me-set,https://detail.1688.com/offer/1030397527808.html,1,
gid://shopify/Product/7536704520289,7536704520289,ACTIVE,Ivory Bow Back Mommy and Me Dresses - Sleeveless Sundress,ivory-bow-back-mommy-and-me-dresses,https://www.dresslikemommy.com/products/ivory-bow-back-mommy-and-me-dresses,https://detail.1688.com/offer/1039831674438.html,1,
gid://shopify/Product/7536707305569,7536707305569,ACTIVE,Denim Blue Family Matching Set - Short-Sleeve Shirt and Shorts,denim-blue-family-matching-set,https://www.dresslikemommy.com/products/denim-blue-family-matching-set,https://detail.1688.com/offer/708209996925.html,1,
gid://shopify/Product/7536709009505,7536709009505,ACTIVE,Indigo Pocket Family Matching Set — Dress & Shirt,indigo-pocket-family-matching-set,https://www.dresslikemommy.com/products/indigo-pocket-family-matching-set,https://detail.1688.com/offer/897521573270.html,1,
gid://shopify/Product/7536709501025,7536709501025,ACTIVE,Bluebell Meadow Family Matching Set — Dress & Shirt,bluebell-meadow-family-matching-set,https://www.dresslikemommy.com/products/bluebell-meadow-family-matching-set,https://detail.1688.com/offer/917144772330.html,1,
gid://shopify/Product/7536709664865,7536709664865,ACTIVE,Washed Denim Family Matching Vests + Jeans - Sleeveless Layer,washed-denim-family-matching-vests,https://www.dresslikemommy.com/products/washed-denim-family-matching-vests,https://detail.1688.com/offer/884415315877.html,1,
gid://shopify/Product/7536947003489,7536947003489,ACTIVE,Scarlet Blossom Family Matching Set — Dress & Shirt,scarlet-blossom-family-matching-set,https://www.dresslikemommy.com/products/scarlet-blossom-family-matching-set,https://detail.1688.com/offer/1031627498200.html,1,
gid://shopify/Product/7536982163553,7536982163553,ACTIVE,Blue Apricot Heart Family Matching Tops - Raglan Tee,blue-apricot-heart-family-matching-tops,https://www.dresslikemommy.com/products/blue-apricot-heart-family-matching-tops,https://detail.1688.com/offer/903638707785.html?,1,
gid://shopify/Product/7536982294625,7536982294625,ACTIVE,Black and White Spelling Family Matching Tops - Raglan Tee,black-white-spelling-family-matching-tops,https://www.dresslikemommy.com/products/black-white-spelling-family-matching-tops,https://detail.1688.com/offer/903170078162.html?,1,
gid://shopify/Product/7536984359009,7536984359009,ACTIVE,Green Palm Safari Family Matching Set - Dress & Shirt,green-palm-safari-family-matching-set,https://www.dresslikemommy.com/products/green-palm-safari-family-matching-set,https://detail.1688.com/offer/754664523823.html?,1,
gid://shopify/Product/7536984752225,7536984752225,DRAFT,Pink Hibiscus Family Matching Set - Dress & Shorts,pink-hibiscus-family-matching-set,,https://detail.1688.com/offer/1013973939291.html,1,
gid://shopify/Product/7536988520545,7536988520545,ACTIVE,Polka Dot Mommy and Me Dresses - Puff Sleeve Sundress,polka-dot-mommy-and-me-dresses,https://www.dresslikemommy.com/products/polka-dot-mommy-and-me-dresses,https://detail.1688.com/offer/1041018954140.html,1,
gid://shopify/Product/7536988618849,7536988618849,ACTIVE,Black Bow Mommy and Me Set - Tie-Neck Top & Skirt,black-bow-mommy-and-me-set,https://www.dresslikemommy.com/products/black-bow-mommy-and-me-set,https://detail.1688.com/offer/1044368546950.html,1,
gid://shopify/Product/7536990355553,7536990355553,DRAFT,"Blue Daisy Family Matching Set - Dress, Shirt & Romper",blue-daisy-family-matching-set,,https://detail.1688.com/offer/1046962900946.html,1,
gid://shopify/Product/7536992976993,7536992976993,ACTIVE,Skyfade Family Matching Set - Dress & Shirt,skyfade-family-matching-set,https://www.dresslikemommy.com/products/skyfade-family-matching-set,https://detail.1688.com/offer/893219853492.html,1,
gid://shopify/Product/7536999563361,7536999563361,ACTIVE,Garden Floral Family Matching Set — Dress & Shirt,garden-floral-family-matching-set,https://www.dresslikemommy.com/products/garden-floral-family-matching-set,https://detail.1688.com/offer/1046964144900.html,1,
gid://shopify/Product/7537001431137,7537001431137,ACTIVE,"Ivory Linen Family Matching Set - Vest, Shirt & Shorts",ivory-linen-family-matching-set,https://www.dresslikemommy.com/products/ivory-linen-family-matching-set,https://detail.1688.com/offer/1034249556745.html?,1,
gid://shopify/Product/7537002971233,7537002971233,ACTIVE,"Terracotta Tile Family Matching Set - Dress, Shirt & Top",terracotta-tile-family-matching-set,https://www.dresslikemommy.com/products/terracotta-tile-family-matching-set,https://detail.1688.com/offer/1032794279712.html,1,
gid://shopify/Product/7537003266145,7537003266145,ACTIVE,"Ocean Dot Family Matching Set - Dress, Top, Shirt & Shorts",ocean-dot-family-matching-set,https://www.dresslikemommy.com/products/ocean-dot-family-matching-set,https://detail.1688.com/offer/1027490923984.html?,1,
gid://shopify/Product/7537007198305,7537007198305,ACTIVE,Cable Horse Family Matching Sweaters - Cozy Sweater,cable-horse-family-matching-tops,https://www.dresslikemommy.com/products/cable-horse-family-matching-tops,https://detail.1688.com/offer/1007389194841.html,1,
gid://shopify/Product/7537009033313,7537009033313,ACTIVE,Emerald Leaf Family Matching Set - Dress & Shirt,emerald-leaf-family-matching-set,https://www.dresslikemommy.com/products/emerald-leaf-family-matching-set,https://detail.1688.com/offer/1039889504640.html,1,
gid://shopify/Product/7537025613921,7537025613921,ACTIVE,Ivory Dot Mommy and Me Dresses - Puff Sleeve Sundress,ivory-dot-mommy-and-me-dresses,https://www.dresslikemommy.com/products/ivory-dot-mommy-and-me-dresses,https://detail.1688.com/offer/1042309825160.html?,1,
gid://shopify/Product/7537030234209,7537030234209,ACTIVE,Tropical Garden Family Matching Set — Dress & Shirt,tropical-garden-family-matching-set,https://www.dresslikemommy.com/products/tropical-garden-family-matching-set,https://detail.1688.com/offer/1040210359853.html,1,
gid://shopify/Product/7537038917729,7537038917729,ACTIVE,Navy Red Floral Family Matching Set — Dress & Shirt,navy-red-floral-family-matching-set,https://www.dresslikemommy.com/products/navy-red-floral-family-matching-set,https://detail.1688.com/offer/1036133456700.html,1,
gid://shopify/Product/7537041342561,7537041342561,ACTIVE,Ocean Marble Family Matching Set - Dress & Shirt Set,ocean-marble-family-matching-set,https://www.dresslikemommy.com/products/ocean-marble-family-matching-set,https://detail.1688.com/offer/1043342779774.html,1,
gid://shopify/Product/7537069752417,7537069752417,ACTIVE,Iris Bloom Family Matching Set — Dress & Shirt,iris-bloom-family-matching-set,https://www.dresslikemommy.com/products/iris-bloom-family-matching-set,https://detail.1688.com/offer/813439102302.html,1,
gid://shopify/Product/7537109991521,7537109991521,ACTIVE,Willow Mist Mommy and Me Dresses - Floral Hem Sundress,willow-mist-mommy-and-me-dresses,https://www.dresslikemommy.com/products/willow-mist-mommy-and-me-dresses,https://detail.1688.com/offer/1044105977372.html,1,
gid://shopify/Product/7537113563233,7537113563233,ACTIVE,Lavender Hydrangea Family Matching Set - Dress & Shirt,lavender-hydrangea-family-matching-set,https://www.dresslikemommy.com/products/lavender-hydrangea-family-matching-set,https://detail.1688.com/offer/1039775411564.html,1,
gid://shopify/Product/7537120870497,7537120870497,ACTIVE,Blue Butterfly Family Matching Set,blue-butterfly-family-matching-set,https://www.dresslikemommy.com/products/blue-butterfly-family-matching-set,https://detail.1688.com/offer/1047178396032.html,1,
gid://shopify/Product/7537227890785,7537227890785,ACTIVE,Picnic Plaid Family Matching Set - Dress & Shirt,picnic-plaid-family-matching-set,https://www.dresslikemommy.com/products/picnic-plaid-family-matching-set,https://detail.1688.com/offer/914314067847.html,1,
gid://shopify/Product/7537366597729,7537366597729,ACTIVE,Red Gingham Mommy and Me Separates - Top or Pants,red-gingham-mommy-and-me-set,https://www.dresslikemommy.com/products/red-gingham-mommy-and-me-set,https://detail.1688.com/offer/1041874678820.html,1,
gid://shopify/Product/7537367023713,7537367023713,ACTIVE,"Seaside Blue Plaid Family Matching Set - Dress, Shirt & Romper",seaside-blue-plaid-family-matching-set,https://www.dresslikemommy.com/products/seaside-blue-plaid-family-matching-set,https://detail.1688.com/offer/816988376831.html,1,
gid://shopify/Product/7537367056481,7537367056481,ACTIVE,Seaside Blue Family Matching Set — Dress & Shirt,seaside-blue-family-matching-set,https://www.dresslikemommy.com/products/seaside-blue-family-matching-set,https://detail.1688.com/offer/806924360307.html,1,
gid://shopify/Product/7537367384161,7537367384161,ACTIVE,Red Plaid Family Matching Tops - Button-Up Shirt,red-plaid-family-matching-tops,https://www.dresslikemommy.com/products/red-plaid-family-matching-tops,https://detail.1688.com/offer/885251894864.html,1,
gid://shopify/Product/7537367679073,7537367679073,ACTIVE,Playful Graphic Family Matching Tops - Cartoon Tee,playful-graphic-family-matching-tops,https://www.dresslikemommy.com/products/playful-graphic-family-matching-tops,https://detail.1688.com/offer/900909211573.html,1,
gid://shopify/Product/7537367744609,7537367744609,ACTIVE,Denim Blue Family Matching Tops - Long Sleeve Shirt,denim-blue-family-matching-shirts,https://www.dresslikemommy.com/products/denim-blue-family-matching-shirts,https://detail.1688.com/offer/824522939285.html,1,
gid://shopify/Product/7537369088097,7537369088097,ACTIVE,Summer Plaid Family Matching Set - Hoodie & Shorts,summer-plaid-family-matching-set,https://www.dresslikemommy.com/products/summer-plaid-family-matching-set,https://detail.1688.com/offer/1031073458269.html,1,
gid://shopify/Product/7537369120865,7537369120865,ACTIVE,Ivory Tiered Mommy and Me Dresses - Ruffle Sundress,ivory-tiered-ruffle-mommy-and-me-dresses,https://www.dresslikemommy.com/products/ivory-tiered-ruffle-mommy-and-me-dresses,https://detail.1688.com/offer/1042118425576.html,1,
gid://shopify/Product/7537370628193,7537370628193,ACTIVE,"Geometric Blue Family Matching Set - Dress, Shirt & Shorts",geometric-blue-family-matching-set,https://www.dresslikemommy.com/products/geometric-blue-family-matching-set,https://detail.1688.com/offer/1040150618595.html,1,
gid://shopify/Product/7537370857569,7537370857569,ACTIVE,Blue Stripe Family Matching Tops - Button-Up Shirt,blue-stripe-family-matching-shirts,https://www.dresslikemommy.com/products/blue-stripe-family-matching-shirts,https://detail.1688.com/offer/824675471063.html,1,
gid://shopify/Product/7537372463201,7537372463201,ACTIVE,Red Stripe Family Matching Tops - Heart Pocket Tee,red-stripe-family-matching-tops,https://www.dresslikemommy.com/products/red-stripe-family-matching-tops,https://detail.1688.com/offer/1041045173122.html,1,
gid://shopify/Product/7537920999521,7537920999521,ACTIVE,"Blue Check Family Matching Set - Shirt, Skirt & Shorts",blue-check-family-matching-set,https://www.dresslikemommy.com/products/blue-check-family-matching-set,https://detail.1688.com/offer/1040623960414.html,1,
gid://shopify/Product/7537978572897,7537978572897,ACTIVE,Coastal Blue Stripe Family Matching Set - Shirts & Dresses,coastal-blue-stripe-family-matching-set,https://www.dresslikemommy.com/products/coastal-blue-stripe-family-matching-set,https://detail.1688.com/offer/906619827474.html,1,
gid://shopify/Product/7538067898465,7538067898465,ACTIVE,Fruit Green Family Matching Set - Polo Dresses & Shirts,fruit-green-family-matching-set,https://www.dresslikemommy.com/products/fruit-green-family-matching-set,https://detail.1688.com/offer/717596507399.html?,1,
gid://shopify/Product/7541022818401,7541022818401,DRAFT,Sunlit Floral Family Matching Set - Dress & Shirt,sunlit-floral-family-matching-set,,https://detail.1688.com/offer/1035829442886.html,1,
gid://shopify/Product/7541028651105,7541028651105,DRAFT,Peach Sparkle Mommy and Me Dresses - Sequin Waist,peach-sparkle-mommy-and-me-dresses,,https://detail.1688.com/offer/784122696506.html,1,
gid://shopify/Product/7541032779873,7541032779873,DRAFT,Lavender Meadow Mommy and Me Dresses - Soft Twirl Style,lavender-meadow-mommy-and-me-dresses,,https://detail.1688.com/offer/780646169756.html,1,
gid://shopify/Product/7541036974177,7541036974177,DRAFT,Blush Tulle Mommy and Me Set - Dress & Baby Romper,blush-tulle-mommy-and-me-set,,https://detail.1688.com/offer/1045177962684.html,1,
gid://shopify/Product/7541038710881,7541038710881,DRAFT,French Garden Mommy and Me Set - Dress & Cardigan,french-garden-mommy-and-me-set,,https://detail.1688.com/offer/1045719394654.html,1,
gid://shopify/Product/7541041135713,7541041135713,DRAFT,Coastal Blue Plaid Family Matching Set - Skirt & Short Set,coastal-blue-plaid-family-matching-set,,https://detail.1688.com/offer/921490864577.html,1,
gid://shopify/Product/7541042151521,7541042151521,DRAFT,Midnight Rose Family Matching Set - Dress & Shirt,midnight-rose-family-matching-set,,https://detail.1688.com/offer/938601981390.html,1,
gid://shopify/Product/7541042741345,7541042741345,DRAFT,Sunny Citrus Beach Family Matching Set - Dress & Shorts,sunny-citrus-beach-family-matching-set,,https://detail.1688.com/offer/1041610755813.html,1,
gid://shopify/Product/7541043691617,7541043691617,DRAFT,Blue Gingham Picnic Family Matching Set - Skirt & Short Set,blue-gingham-picnic-family-matching-set,,https://detail.1688.com/offer/919618605678.html,1,
gid://shopify/Product/7541045133409,7541045133409,DRAFT,Pastel Tulip Family Matching Set - Dress & Tee,pastel-tulip-family-matching-set,,https://detail.1688.com/offer/800385971840.html,1,
