product_id,variant_id,id,handle,title,issue,details
739200696417,8105765240929,shopify_US_739200696417_8105765240929,backless-striped-jumpsuit,Backless Striped Jumpsuit,brand,Partial refresh row generated; blank fields remain intentionally unresolved.
739200696417,8105765273697,shopify_US_739200696417_8105765273697,backless-striped-jumpsuit,Backless Striped Jumpsuit,brand,Partial refresh row generated; blank fields remain intentionally unresolved.
739200696417,8105765306465,shopify_US_739200696417_8105765306465,backless-striped-jumpsuit,Backless Striped Jumpsuit,brand,Partial refresh row generated; blank fields remain intentionally unresolved.
739200696417,8105765339233,shopify_US_739200696417_8105765339233,backless-striped-jumpsuit,Backless Striped Jumpsuit,brand,Partial refresh row generated; blank fields remain intentionally unresolved.
6826238607457,40170782818401,shopify_US_6826238607457_40170782818401,couple-matching-shirts-mr-and-mrs-wedding-gift-anniversary,Couple Matching Shirts Mr and Mrs Wedding Gift Anniversary,color,Partial refresh row generated; blank fields remain intentionally unresolved.
6826238607457,40170782851169,shopify_US_6826238607457_40170782851169,couple-matching-shirts-mr-and-mrs-wedding-gift-anniversary,Couple Matching Shirts Mr and Mrs Wedding Gift Anniversary,color,Partial refresh row generated; blank fields remain intentionally unresolved.
6826238607457,40170782883937,shopify_US_6826238607457_40170782883937,couple-matching-shirts-mr-and-mrs-wedding-gift-anniversary,Couple Matching Shirts Mr and Mrs Wedding Gift Anniversary,color,Partial refresh row generated; blank fields remain intentionally unresolved.
6826238607457,40170782916705,shopify_US_6826238607457_40170782916705,couple-matching-shirts-mr-and-mrs-wedding-gift-anniversary,Couple Matching Shirts Mr and Mrs Wedding Gift Anniversary,color,Partial refresh row generated; blank fields remain intentionally unresolved.
6826238607457,40170782949473,shopify_US_6826238607457_40170782949473,couple-matching-shirts-mr-and-mrs-wedding-gift-anniversary,Couple Matching Shirts Mr and Mrs Wedding Gift Anniversary,color,Partial refresh row generated; blank fields remain intentionally unresolved.
6826238607457,40170782982241,shopify_US_6826238607457_40170782982241,couple-matching-shirts-mr-and-mrs-wedding-gift-anniversary,Couple Matching Shirts Mr and Mrs Wedding Gift Anniversary,color,Partial refresh row generated; blank fields remain intentionally unresolved.
6826238607457,40170783015009,shopify_US_6826238607457_40170783015009,couple-matching-shirts-mr-and-mrs-wedding-gift-anniversary,Couple Matching Shirts Mr and Mrs Wedding Gift Anniversary,color,Partial refresh row generated; blank fields remain intentionally unresolved.
6826238607457,40170783047777,shopify_US_6826238607457_40170783047777,couple-matching-shirts-mr-and-mrs-wedding-gift-anniversary,Couple Matching Shirts Mr and Mrs Wedding Gift Anniversary,color,Partial refresh row generated; blank fields remain intentionally unresolved.
6826238607457,40170783080545,shopify_US_6826238607457_40170783080545,couple-matching-shirts-mr-and-mrs-wedding-gift-anniversary,Couple Matching Shirts Mr and Mrs Wedding Gift Anniversary,color,Partial refresh row generated; blank fields remain intentionally unresolved.
6826238607457,40170783113313,shopify_US_6826238607457_40170783113313,couple-matching-shirts-mr-and-mrs-wedding-gift-anniversary,Couple Matching Shirts Mr and Mrs Wedding Gift Anniversary,color,Partial refresh row generated; blank fields remain intentionally unresolved.
6826336583777,40171022188641,shopify_US_6826336583777_40171022188641,matching-tshirt-i-have-everything-i-need-i-am-everything,Matching Tshirt I Have Everything I Need I AM Everything,color,Partial refresh row generated; blank fields remain intentionally unresolved.
6826336583777,40171022254177,shopify_US_6826336583777_40171022254177,matching-tshirt-i-have-everything-i-need-i-am-everything,Matching Tshirt I Have Everything I Need I AM Everything,color,Partial refresh row generated; blank fields remain intentionally unresolved.
6826336583777,40171022319713,shopify_US_6826336583777_40171022319713,matching-tshirt-i-have-everything-i-need-i-am-everything,Matching Tshirt I Have Everything I Need I AM Everything,color,Partial refresh row generated; blank fields remain intentionally unresolved.
6826336583777,40171022385249,shopify_US_6826336583777_40171022385249,matching-tshirt-i-have-everything-i-need-i-am-everything,Matching Tshirt I Have Everything I Need I AM Everything,color,Partial refresh row generated; blank fields remain intentionally unresolved.
6826336583777,40171022450785,shopify_US_6826336583777_40171022450785,matching-tshirt-i-have-everything-i-need-i-am-everything,Matching Tshirt I Have Everything I Need I AM Everything,color,Partial refresh row generated; blank fields remain intentionally unresolved.
6826336583777,40171022516321,shopify_US_6826336583777_40171022516321,matching-tshirt-i-have-everything-i-need-i-am-everything,Matching Tshirt I Have Everything I Need I AM Everything,color,Partial refresh row generated; blank fields remain intentionally unresolved.
6826336583777,40171022581857,shopify_US_6826336583777_40171022581857,matching-tshirt-i-have-everything-i-need-i-am-everything,Matching Tshirt I Have Everything I Need I AM Everything,color,Partial refresh row generated; blank fields remain intentionally unresolved.
6826336583777,40171022647393,shopify_US_6826336583777_40171022647393,matching-tshirt-i-have-everything-i-need-i-am-everything,Matching Tshirt I Have Everything I Need I AM Everything,color,Partial refresh row generated; blank fields remain intentionally unresolved.
6826336583777,40171022221409,shopify_US_6826336583777_40171022221409,matching-tshirt-i-have-everything-i-need-i-am-everything,Matching Tshirt I Have Everything I Need I AM Everything,color,Partial refresh row generated; blank fields remain intentionally unresolved.
6826336583777,40171022286945,shopify_US_6826336583777_40171022286945,matching-tshirt-i-have-everything-i-need-i-am-everything,Matching Tshirt I Have Everything I Need I AM Everything,color,Partial refresh row generated; blank fields remain intentionally unresolved.
6826336583777,40171022352481,shopify_US_6826336583777_40171022352481,matching-tshirt-i-have-everything-i-need-i-am-everything,Matching Tshirt I Have Everything I Need I AM Everything,color,Partial refresh row generated; blank fields remain intentionally unresolved.
6826336583777,40171022418017,shopify_US_6826336583777_40171022418017,matching-tshirt-i-have-everything-i-need-i-am-everything,Matching Tshirt I Have Everything I Need I AM Everything,color,Partial refresh row generated; blank fields remain intentionally unresolved.
6826336583777,40171022483553,shopify_US_6826336583777_40171022483553,matching-tshirt-i-have-everything-i-need-i-am-everything,Matching Tshirt I Have Everything I Need I AM Everything,color,Partial refresh row generated; blank fields remain intentionally unresolved.
6826336583777,40171022549089,shopify_US_6826336583777_40171022549089,matching-tshirt-i-have-everything-i-need-i-am-everything,Matching Tshirt I Have Everything I Need I AM Everything,color,Partial refresh row generated; blank fields remain intentionally unresolved.
6826336583777,40171022614625,shopify_US_6826336583777_40171022614625,matching-tshirt-i-have-everything-i-need-i-am-everything,Matching Tshirt I Have Everything I Need I AM Everything,color,Partial refresh row generated; blank fields remain intentionally unresolved.
6826336583777,40171022680161,shopify_US_6826336583777_40171022680161,matching-tshirt-i-have-everything-i-need-i-am-everything,Matching Tshirt I Have Everything I Need I AM Everything,color,Partial refresh row generated; blank fields remain intentionally unresolved.
6841759727713,40262972768353,shopify_US_6841759727713_40262972768353,couple-matching-t-shirt-funny-beard-butt,Couple Matching T-shirt Funny BEARD BUTT,color,Partial refresh row generated; blank fields remain intentionally unresolved.
6841759727713,40262972801121,shopify_US_6841759727713_40262972801121,couple-matching-t-shirt-funny-beard-butt,Couple Matching T-shirt Funny BEARD BUTT,color,Partial refresh row generated; blank fields remain intentionally unresolved.
6841759727713,40262972833889,shopify_US_6841759727713_40262972833889,couple-matching-t-shirt-funny-beard-butt,Couple Matching T-shirt Funny BEARD BUTT,color,Partial refresh row generated; blank fields remain intentionally unresolved.
6841759727713,40262972866657,shopify_US_6841759727713_40262972866657,couple-matching-t-shirt-funny-beard-butt,Couple Matching T-shirt Funny BEARD BUTT,color,Partial refresh row generated; blank fields remain intentionally unresolved.
6841759727713,40262972899425,shopify_US_6841759727713_40262972899425,couple-matching-t-shirt-funny-beard-butt,Couple Matching T-shirt Funny BEARD BUTT,color,Partial refresh row generated; blank fields remain intentionally unresolved.
6841759727713,40262972932193,shopify_US_6841759727713_40262972932193,couple-matching-t-shirt-funny-beard-butt,Couple Matching T-shirt Funny BEARD BUTT,color,Partial refresh row generated; blank fields remain intentionally unresolved.
6841759727713,40262972964961,shopify_US_6841759727713_40262972964961,couple-matching-t-shirt-funny-beard-butt,Couple Matching T-shirt Funny BEARD BUTT,color,Partial refresh row generated; blank fields remain intentionally unresolved.
6841759727713,40262972997729,shopify_US_6841759727713_40262972997729,couple-matching-t-shirt-funny-beard-butt,Couple Matching T-shirt Funny BEARD BUTT,color,Partial refresh row generated; blank fields remain intentionally unresolved.
6841759727713,40262973030497,shopify_US_6841759727713_40262973030497,couple-matching-t-shirt-funny-beard-butt,Couple Matching T-shirt Funny BEARD BUTT,color,Partial refresh row generated; blank fields remain intentionally unresolved.
6841759727713,40262973063265,shopify_US_6841759727713_40262973063265,couple-matching-t-shirt-funny-beard-butt,Couple Matching T-shirt Funny BEARD BUTT,color,Partial refresh row generated; blank fields remain intentionally unresolved.
6841759727713,40262973096033,shopify_US_6841759727713_40262973096033,couple-matching-t-shirt-funny-beard-butt,Couple Matching T-shirt Funny BEARD BUTT,color,Partial refresh row generated; blank fields remain intentionally unresolved.
6841759727713,40262973128801,shopify_US_6841759727713_40262973128801,couple-matching-t-shirt-funny-beard-butt,Couple Matching T-shirt Funny BEARD BUTT,color,Partial refresh row generated; blank fields remain intentionally unresolved.
7014672040033,40950952656993,shopify_US_7014672040033_40950952656993,mother-daughter-trendy-knitted-sweater-style-for-fall,Mother-Daughter Trendy Knitted Sweater Style for Fall,color,Partial refresh row generated; blank fields remain intentionally unresolved.
7014672040033,40950952788065,shopify_US_7014672040033_40950952788065,mother-daughter-trendy-knitted-sweater-style-for-fall,Mother-Daughter Trendy Knitted Sweater Style for Fall,color,Partial refresh row generated; blank fields remain intentionally unresolved.
7014672040033,40950952689761,shopify_US_7014672040033_40950952689761,mother-daughter-trendy-knitted-sweater-style-for-fall,Mother-Daughter Trendy Knitted Sweater Style for Fall,color,Partial refresh row generated; blank fields remain intentionally unresolved.
7014672040033,40950952755297,shopify_US_7014672040033_40950952755297,mother-daughter-trendy-knitted-sweater-style-for-fall,Mother-Daughter Trendy Knitted Sweater Style for Fall,color,Partial refresh row generated; blank fields remain intentionally unresolved.
7014672040033,40950952263777,shopify_US_7014672040033_40950952263777,mother-daughter-trendy-knitted-sweater-style-for-fall,Mother-Daughter Trendy Knitted Sweater Style for Fall,color,Partial refresh row generated; blank fields remain intentionally unresolved.
7014672040033,40950952886369,shopify_US_7014672040033_40950952886369,mother-daughter-trendy-knitted-sweater-style-for-fall,Mother-Daughter Trendy Knitted Sweater Style for Fall,color,Partial refresh row generated; blank fields remain intentionally unresolved.
7014672040033,40950952231009,shopify_US_7014672040033_40950952231009,mother-daughter-trendy-knitted-sweater-style-for-fall,Mother-Daughter Trendy Knitted Sweater Style for Fall,color,Partial refresh row generated; blank fields remain intentionally unresolved.
7014672040033,40950952722529,shopify_US_7014672040033_40950952722529,mother-daughter-trendy-knitted-sweater-style-for-fall,Mother-Daughter Trendy Knitted Sweater Style for Fall,color,Partial refresh row generated; blank fields remain intentionally unresolved.
7014672040033,40950952198241,shopify_US_7014672040033_40950952198241,mother-daughter-trendy-knitted-sweater-style-for-fall,Mother-Daughter Trendy Knitted Sweater Style for Fall,color,Partial refresh row generated; blank fields remain intentionally unresolved.
7014672040033,40950952624225,shopify_US_7014672040033_40950952624225,mother-daughter-trendy-knitted-sweater-style-for-fall,Mother-Daughter Trendy Knitted Sweater Style for Fall,color,Partial refresh row generated; blank fields remain intentionally unresolved.
7014672040033,40950952362081,shopify_US_7014672040033_40950952362081,mother-daughter-trendy-knitted-sweater-style-for-fall,Mother-Daughter Trendy Knitted Sweater Style for Fall,color,Partial refresh row generated; blank fields remain intentionally unresolved.
7014672040033,40950952820833,shopify_US_7014672040033_40950952820833,mother-daughter-trendy-knitted-sweater-style-for-fall,Mother-Daughter Trendy Knitted Sweater Style for Fall,color,Partial refresh row generated; blank fields remain intentionally unresolved.
7014672040033,40950952329313,shopify_US_7014672040033_40950952329313,mother-daughter-trendy-knitted-sweater-style-for-fall,Mother-Daughter Trendy Knitted Sweater Style for Fall,color,Partial refresh row generated; blank fields remain intentionally unresolved.
7014672040033,40950952853601,shopify_US_7014672040033_40950952853601,mother-daughter-trendy-knitted-sweater-style-for-fall,Mother-Daughter Trendy Knitted Sweater Style for Fall,color,Partial refresh row generated; blank fields remain intentionally unresolved.
7014672040033,40950952558689,shopify_US_7014672040033_40950952558689,mother-daughter-trendy-knitted-sweater-style-for-fall,Mother-Daughter Trendy Knitted Sweater Style for Fall,color,Partial refresh row generated; blank fields remain intentionally unresolved.
7014672040033,40950952591457,shopify_US_7014672040033_40950952591457,mother-daughter-trendy-knitted-sweater-style-for-fall,Mother-Daughter Trendy Knitted Sweater Style for Fall,color,Partial refresh row generated; blank fields remain intentionally unresolved.
7014672040033,40950952427617,shopify_US_7014672040033_40950952427617,mother-daughter-trendy-knitted-sweater-style-for-fall,Mother-Daughter Trendy Knitted Sweater Style for Fall,color,Partial refresh row generated; blank fields remain intentionally unresolved.
7014672040033,40950952525921,shopify_US_7014672040033_40950952525921,mother-daughter-trendy-knitted-sweater-style-for-fall,Mother-Daughter Trendy Knitted Sweater Style for Fall,color,Partial refresh row generated; blank fields remain intentionally unresolved.
7014672040033,40950952493153,shopify_US_7014672040033_40950952493153,mother-daughter-trendy-knitted-sweater-style-for-fall,Mother-Daughter Trendy Knitted Sweater Style for Fall,color,Partial refresh row generated; blank fields remain intentionally unresolved.
7014672040033,40950952460385,shopify_US_7014672040033_40950952460385,mother-daughter-trendy-knitted-sweater-style-for-fall,Mother-Daughter Trendy Knitted Sweater Style for Fall,color,Partial refresh row generated; blank fields remain intentionally unresolved.
7014672040033,40950952296545,shopify_US_7014672040033_40950952296545,mother-daughter-trendy-knitted-sweater-style-for-fall,Mother-Daughter Trendy Knitted Sweater Style for Fall,color,Partial refresh row generated; blank fields remain intentionally unresolved.
7014672040033,40950952394849,shopify_US_7014672040033_40950952394849,mother-daughter-trendy-knitted-sweater-style-for-fall,Mother-Daughter Trendy Knitted Sweater Style for Fall,color,Partial refresh row generated; blank fields remain intentionally unresolved.
7014672040033,41878733193313,shopify_US_7014672040033_41878733193313,mother-daughter-trendy-knitted-sweater-style-for-fall,Mother-Daughter Trendy Knitted Sweater Style for Fall,color,Partial refresh row generated; blank fields remain intentionally unresolved.
7014672040033,41878733226081,shopify_US_7014672040033_41878733226081,mother-daughter-trendy-knitted-sweater-style-for-fall,Mother-Daughter Trendy Knitted Sweater Style for Fall,color,Partial refresh row generated; blank fields remain intentionally unresolved.
