canonical_slug,canonical_title,topic_cluster,audience,season,redirect_from_slug,redirect_from_year,keep_or_redirect,status
adorable-matching-valentines-day-looks-for-the-whole-family,Adorable Matching Valentine's Day Looks for the Whole Family,Family Valentine's Day,Family,Valentine's Day,,,KEEP,not started
apple-picking-matching-outfits-for-the-whole-family,Apple Picking Matching Outfits for the Whole Family,Apple Picking Family Matching,Family,Fall,,,KEEP,not started
autumn-matching-family-style-plaid-flannel-and-more,Autumn Matching Family Style Plaid Flannel and More,Fall Family Matching,Family,Fall,,,KEEP,not started
back-to-school-daddy-and-me-photo-outfits,Back-to-School Daddy and Me Photo Outfits,Daddy & Me Back to School,Daddy & Me,Back to School,,,KEEP,not started
back-to-school-matching-outfits-for-first-day-photos,Back-to-School Matching Outfits for First-Day Photos,Family Back to School,Family,Back to School,,,KEEP,not started
best-fall-colors-for-family-matching-looks,Best Fall Colors for Family Matching Looks,Fall Family Matching,Family,Fall,,,KEEP,not started
best-family-matching-outfits-for-harvest-season,Best Family Matching Outfits for Harvest Season,Fall Harvest Family Matching,Family,Fall,,,KEEP,not started
best-matching-family-outfits-for-winter,Best Matching Family Outfits for Winter,Winter Family Matching,Family,Winter,,,KEEP,not started
best-matching-outfits-for-family-beach-trips,Best Matching Outfits for Family Beach Trips,Summer Family Matching,Family,Summer,,,KEEP,not started
best-matching-outfits-for-thanksgiving-dinner,Best Matching Outfits for Thanksgiving Dinner,Thanksgiving,General,Thanksgiving,,,KEEP,not started
best-matching-swimsuits-for-the-whole-family,Best Matching Swimsuits for the Whole Family,Summer Family Swimsuits,Family,Summer,,,KEEP,not started
black-friday-deals-top-matching-family-outfits,Black Friday Deals Top Matching Family Outfits,Black Friday Deals Top Matching Family Outfits,Family,Holiday,,,KEEP,not started
christmas-matching-family-pajamas,Christmas Matching Family Pajamas,Christmas Family Pajamas,Family,Christmas,,,KEEP,not started
coordinating-family-outfits-for-october-events,Coordinating Family Outfits for October Events,Coordinating Family Outfits for October Events,Family,Fall,,,KEEP,not started
cozy-matching-outfits-for-the-thanksgiving-holiday,Cozy Matching Outfits for the Thanksgiving Holiday,Thanksgiving,General,Thanksgiving,,,KEEP,not started
daddy-and-me-fall-outfit-ideas,Daddy and Me Fall Outfit Ideas,Daddy & Me Fall,Daddy & Me,Fall,,,KEEP,not started
daddy-and-me-matching-outfits-the-ultimate-guide,Daddy and Me Matching Outfits the Ultimate Guide,Daddy and Me Matching Outfits the Ultimate Guide,Daddy & Me,Evergreen,,,KEEP,not started
daddy-and-me-spring-outfits,Daddy and Me Spring Outfits,Daddy & Me Spring,Daddy & Me,Spring,,,KEEP,not started
easter-sunday-family-matching-outfits,Easter Sunday Family Matching Outfits,Family Easter,Family,Easter,,,KEEP,not started
end-of-summer-matching-family-beach-looks,End of Summer Matching Family Beach Looks,Summer Family Matching,Family,Summer,,,KEEP,not started
end-of-summer-mommy-and-me-beach-style,End of Summer Mommy and Me Beach Style,Summer Mommy & Me Matching,Mommy & Me,Summer,,,KEEP,not started
fall-family-matching-outfits,Fall Family Matching Outfits,Fall Family Matching,Family,Fall,,,KEEP,not started
fall-family-photo-outfits-for-november,Fall Family Photo Outfits for November,Fall Family Photos,Family,Fall,,,KEEP,not started
fall-family-photo-session-complete-matching-outfit-guide,Fall Family Photo Session Complete Matching Outfit Guide,Fall Family Photos,Family,Fall,,,KEEP,not started
fall-festival-matching-outfits-for-the-whole-family,Fall Festival Matching Outfits for the Whole Family,Fall Family Matching,Family,Fall,,,KEEP,not started
family-matching-outfits-spring-photos,Family Matching Outfits Spring Photos,Spring Family Photos,Family,Spring,,,KEEP,not started
family-matching-pajamas-our-top-picks-for-cozy-nights,Family Matching Pajamas Our Top Picks for Cozy Nights,Evergreen Family Pajamas,Family,Evergreen,,,KEEP,not started
fathers-day-daddy-and-me-matching-outfit-ideas,Father's Day Daddy and Me Matching Outfit Ideas,Daddy & Me Father's Day,Daddy & Me,Father's Day,,,KEEP,not started
floral-matching-outfits-for-spring,Floral Matching Outfits for Spring,Spring Matching,General,Spring,,,KEEP,not started
halloween-family-matching-costume-ideas,Halloween Family Matching Costume Ideas,Family Halloween,Family,Halloween,,,KEEP,not started
holiday-family-matching-outfits-complete-guide,Holiday Family Matching Outfits Complete Guide,Holiday Family Matching,Family,Holiday,,,KEEP,not started
hot-weather-family-coordinating-outfit-ideas,Hot Weather Family Coordinating Outfit Ideas,Hot Weather Family Coordinating Outfit Ideas,Family,Summer,,,KEEP,not started
how-to-style-cozy-mommy-and-me-looks-in-january,How to Style Cozy Mommy and Me Looks in January,How to Style Cozy Mommy and Me Looks in January,Mommy & Me,Winter,,,KEEP,not started
last-chance-summer-matching-family-outfits,Last Chance Summer Matching Family Outfits,Summer Family Matching,Family,Summer,,,KEEP,not started
late-summer-family-matching-outfit-ideas,Late Summer Family Matching Outfit Ideas,Summer Family Matching,Family,Summer,,,KEEP,not started
matching-family-outfits-for-august-vacations,Matching Family Outfits for August Vacations,Late Summer Family Vacation,Family,Summer,,,KEEP,not started
matching-family-outfits-for-mothers-day-brunch,Matching Family Outfits for Mother's Day Brunch,Family Mother's Day,Family,Mother's Day,,,KEEP,not started
matching-family-outfits-for-pumpkin-patch-photos,Matching Family Outfits for Pumpkin Patch Photos,Fall Family Photos,Family,Fall,,,KEEP,not started
mommy-and-me-back-to-school-style-guide,Mommy and Me Back-to-School Style Guide,Mommy & Me Back to School,Mommy & Me,Back to School,,,KEEP,not started
mommy-and-me-easter-outfit-ideas,Mommy and Me Easter Outfit Ideas,Mommy & Me Easter,Mommy & Me,Easter,,,KEEP,not started
mommy-and-me-fall-fashion-cozy-coordinating-outfits,Mommy and Me Fall Fashion Cozy Coordinating Outfits,Fall Mommy & Me Matching,Mommy & Me,Fall,,,KEEP,not started
mommy-and-me-halloween-outfits-that-are-actually-stylish,Mommy and Me Halloween Outfits That Are Actually Stylish,Mommy & Me Halloween,Mommy & Me,Halloween,,,KEEP,not started
mommy-and-me-matching-outfit-ideas,Mommy and Me Matching Outfit Ideas,Mommy and Me Matching Outfit Ideas,Mommy & Me,Evergreen,,,KEEP,not started
mommy-and-me-outfits-for-every-budget,Mommy and Me Outfits for Every Budget,Mommy and Me Outfits for Every Budget,Mommy & Me,Evergreen,,,KEEP,not started
mommy-and-me-summer-dress-guide,Mommy and Me Summer Dress Guide,Mommy & Me Summer Dresses,Mommy & Me,Summer,,,KEEP,not started
mommy-and-me-thanksgiving-style-guide,Mommy and Me Thanksgiving Style Guide,Mommy & Me Thanksgiving,Mommy & Me,Thanksgiving,,,KEEP,not started
mommy-and-me-valentines-day-outfits,Mommy and Me Valentine's Day Outfits,Mommy & Me Valentine's Day,Mommy & Me,Valentine's Day,,,KEEP,not started
mother-daughter-matching-swimsuits-complete-guide-for-summer,Mother-Daughter Matching Swimsuits Complete Guide for Summer,Summer Mother-Daughter Swimsuits,Mother-Daughter,Summer,,,KEEP,not started
mothers-day-matching-outfits-mommy-and-me-guide,Mother's Day Matching Outfits: Mommy and Me Guide,Mommy & Me Mother's Day,Mommy & Me,Mother's Day,,,KEEP,not started
new-year-new-matching-looks-family-fashion,"New Year, New Matching Looks: Family Fashion",New Year Family Matching,Family,New Year's,,,KEEP,not started
october-family-style-cozy-matching-looks-for-autumn,October Family Style: Cozy Matching Looks for Autumn,October Family Matching,Family,Fall,,,KEEP,not started
pumpkin-spice-and-everything-nice-fall-family-fashion,Pumpkin Spice and Everything Nice Fall Family Fashion,Fall Family Matching,Family,Fall,,,KEEP,not started
red-white-and-blue-patriotic-family-matching-looks,"Red, White, and Blue Patriotic Family Matching Looks",Patriotic Family Matching,Family,4th of July,,,KEEP,not started
september-style-guide-transitional-family-matching-looks,September Style Guide Transitional Family Matching Looks,September Style Guide Transitional Family Matching Looks,Family,Fall,,,KEEP,not started
spring-break-matching-looks-for-the-whole-family,Spring Break Matching Looks for the Whole Family,Spring Family Matching,Family,Spring,,,KEEP,not started
spring-matching-outfits-for-mommy-and-me,Spring Matching Outfits for Mommy and Me,Spring Mommy & Me Matching,Mommy & Me,Spring,,,KEEP,not started
summer-matching-family-outfits,Summer Matching Family Outfits,Summer Family Matching,Family,Summer,,,KEEP,not started
summer-vacation-matching-family-outfits-guide,Summer Vacation Matching Family Outfits Guide,Summer Family Vacation,Family,Summer,,,KEEP,not started
thanksgiving-family-matching-outfit-ideas,Thanksgiving Family Matching Outfit Ideas,Family Thanksgiving,Family,Thanksgiving,,,KEEP,not started
the-complete-guide-to-family-matching-outfits,The Complete Guide to Family Matching Outfits,The Complete Guide to Family Matching Outfits,Family,Evergreen,,,KEEP,not started
transitional-weather-family-matching-style-guide,Transitional Weather Family Matching Style Guide,Transitional Weather Family Matching Style Guide,Family,Evergreen,,,KEEP,not started
transitioning-from-summer-to-fall-family-matching-tips,Transitioning From Summer to Fall Family Matching Tips,Summer Family Matching,Family,Summer,,,KEEP,not started
what-to-wear-for-family-photos-matching-outfit-ideas,What to Wear for Family Photos Matching Outfit Ideas,Evergreen Family Photos,Family,Evergreen,,,KEEP,not started
winter-family-photo-outfits-matching-looks-for-cold-weather,Winter Family Photo Outfits: Matching Looks for Cold Weather,Winter Family Photos,Family,Winter,,,KEEP,not started
adorable-matching-valentines-day-looks-for-the-whole-family,Adorable Matching Valentine's Day Looks for the Whole Family,Family Valentine's Day,Family,Valentine's Day,heart-themed-matching-outfits-for-families-2024,2024,REDIRECT,not started
adorable-matching-valentines-day-looks-for-the-whole-family,Adorable Matching Valentine's Day Looks for the Whole Family,Family Valentine's Day,Family,Valentine's Day,red-and-pink-family-matching-outfits-for-valentines-day,,REDIRECT,not started
apple-picking-matching-outfits-for-the-whole-family,Apple Picking Matching Outfits for the Whole Family,Apple Picking Family Matching,Family,Fall,apple-picking-family-matching-outfits-2023,2023,REDIRECT,not started
back-to-school-daddy-and-me-photo-outfits,Back-to-School Daddy and Me Photo Outfits,Daddy & Me Back to School,Daddy & Me,Back to School,back-to-school-daddy-and-me-photo-outfits-2022-edition,2022,REDIRECT,not started
back-to-school-matching-outfits-for-first-day-photos,Back-to-School Matching Outfits for First-Day Photos,Family Back to School,Family,Back to School,back-to-school-matching-outfits-for-first-day-photos-2023,2023,REDIRECT,not started
best-family-matching-outfits-for-harvest-season,Best Family Matching Outfits for Harvest Season,Fall Harvest Family Matching,Family,Fall,best-family-matching-outfits-for-harvest-season-2023-edition,2023,REDIRECT,not started
best-matching-family-outfits-for-winter,Best Matching Family Outfits for Winter,Winter Family Matching,Family,Winter,best-matching-family-outfits-for-winter-2016,2016,REDIRECT,not started
best-matching-family-outfits-for-winter,Best Matching Family Outfits for Winter,Winter Family Matching,Family,Winter,best-matching-family-outfits-for-winter-2017,2017,REDIRECT,not started
best-matching-family-outfits-for-winter,Best Matching Family Outfits for Winter,Winter Family Matching,Family,Winter,best-matching-family-outfits-for-winter-2018,2018,REDIRECT,not started
best-matching-family-outfits-for-winter,Best Matching Family Outfits for Winter,Winter Family Matching,Family,Winter,best-matching-family-outfits-for-winter-2019,2019,REDIRECT,not started
best-matching-family-outfits-for-winter,Best Matching Family Outfits for Winter,Winter Family Matching,Family,Winter,best-matching-family-outfits-for-winter-2020,2020,REDIRECT,not started
best-matching-family-outfits-for-winter,Best Matching Family Outfits for Winter,Winter Family Matching,Family,Winter,best-matching-family-outfits-for-winter-2024,2024,REDIRECT,not started
best-matching-family-outfits-for-winter,Best Matching Family Outfits for Winter,Winter Family Matching,Family,Winter,best-matching-family-outfits-for-winter-2025,2025,REDIRECT,not started
best-matching-family-outfits-for-winter,Best Matching Family Outfits for Winter,Winter Family Matching,Family,Winter,best-matching-family-outfits-for-winter-2026,2026,REDIRECT,not started
best-matching-family-outfits-for-winter,Best Matching Family Outfits for Winter,Winter Family Matching,Family,Winter,best-matching-family-outfits-for-winter-2027,2027,REDIRECT,not started
best-matching-family-outfits-for-winter,Best Matching Family Outfits for Winter,Winter Family Matching,Family,Winter,best-matching-family-outfits-for-winter-2028,2028,REDIRECT,not started
best-matching-swimsuits-for-the-whole-family,Best Matching Swimsuits for the Whole Family,Summer Family Swimsuits,Family,Summer,best-matching-swimsuits-for-the-whole-family-2017,2017,REDIRECT,not started
best-matching-swimsuits-for-the-whole-family,Best Matching Swimsuits for the Whole Family,Summer Family Swimsuits,Family,Summer,best-matching-swimsuits-for-the-whole-family-2018,2018,REDIRECT,not started
best-matching-swimsuits-for-the-whole-family,Best Matching Swimsuits for the Whole Family,Summer Family Swimsuits,Family,Summer,best-matching-swimsuits-for-the-whole-family-2019,2019,REDIRECT,not started
best-matching-swimsuits-for-the-whole-family,Best Matching Swimsuits for the Whole Family,Summer Family Swimsuits,Family,Summer,best-matching-swimsuits-for-the-whole-family-2020,2020,REDIRECT,not started
best-matching-swimsuits-for-the-whole-family,Best Matching Swimsuits for the Whole Family,Summer Family Swimsuits,Family,Summer,best-matching-swimsuits-for-the-whole-family-2023,2023,REDIRECT,not started
best-matching-swimsuits-for-the-whole-family,Best Matching Swimsuits for the Whole Family,Summer Family Swimsuits,Family,Summer,best-matching-swimsuits-for-the-whole-family-2024,2024,REDIRECT,not started
best-matching-swimsuits-for-the-whole-family,Best Matching Swimsuits for the Whole Family,Summer Family Swimsuits,Family,Summer,best-matching-swimsuits-for-the-whole-family-2025,2025,REDIRECT,not started
best-matching-swimsuits-for-the-whole-family,Best Matching Swimsuits for the Whole Family,Summer Family Swimsuits,Family,Summer,best-matching-swimsuits-for-the-whole-family-2026,2026,REDIRECT,not started
best-matching-swimsuits-for-the-whole-family,Best Matching Swimsuits for the Whole Family,Summer Family Swimsuits,Family,Summer,best-matching-swimsuits-for-the-whole-family-2027,2027,REDIRECT,not started
christmas-matching-family-pajamas,Christmas Matching Family Pajamas,Christmas Family Pajamas,Family,Christmas,christmas-matching-family-pajamas-for-2016,2016,REDIRECT,not started
christmas-matching-family-pajamas,Christmas Matching Family Pajamas,Christmas Family Pajamas,Family,Christmas,christmas-matching-family-pajamas-for-2017,2017,REDIRECT,not started
christmas-matching-family-pajamas,Christmas Matching Family Pajamas,Christmas Family Pajamas,Family,Christmas,christmas-matching-family-pajamas-for-2018,2018,REDIRECT,not started
christmas-matching-family-pajamas,Christmas Matching Family Pajamas,Christmas Family Pajamas,Family,Christmas,christmas-matching-family-pajamas-for-2019,2019,REDIRECT,not started
christmas-matching-family-pajamas,Christmas Matching Family Pajamas,Christmas Family Pajamas,Family,Christmas,christmas-matching-family-pajamas-for-2022,2022,REDIRECT,not started
christmas-matching-family-pajamas,Christmas Matching Family Pajamas,Christmas Family Pajamas,Family,Christmas,christmas-matching-family-pajamas-for-2023,2023,REDIRECT,not started
christmas-matching-family-pajamas,Christmas Matching Family Pajamas,Christmas Family Pajamas,Family,Christmas,christmas-matching-family-pajamas-for-2024,2024,REDIRECT,not started
christmas-matching-family-pajamas,Christmas Matching Family Pajamas,Christmas Family Pajamas,Family,Christmas,christmas-matching-family-pajamas-for-2025,2025,REDIRECT,not started
christmas-matching-family-pajamas,Christmas Matching Family Pajamas,Christmas Family Pajamas,Family,Christmas,christmas-matching-family-pajamas-for-2026,2026,REDIRECT,not started
daddy-and-me-fall-outfit-ideas,Daddy and Me Fall Outfit Ideas,Daddy & Me Fall,Daddy & Me,Fall,daddy-and-me-fall-outfit-ideas-for-2021,2021,REDIRECT,not started
daddy-and-me-fall-outfit-ideas,Daddy and Me Fall Outfit Ideas,Daddy & Me Fall,Daddy & Me,Fall,daddy-and-me-fall-outfit-ideas-for-2022,2022,REDIRECT,not started
daddy-and-me-fall-outfit-ideas,Daddy and Me Fall Outfit Ideas,Daddy & Me Fall,Daddy & Me,Fall,daddy-and-me-fall-outfit-ideas-for-2025,2025,REDIRECT,not started
daddy-and-me-spring-outfits,Daddy and Me Spring Outfits,Daddy & Me Spring,Daddy & Me,Spring,daddy-and-me-spring-outfits-for-2017,2017,REDIRECT,not started
daddy-and-me-spring-outfits,Daddy and Me Spring Outfits,Daddy & Me Spring,Daddy & Me,Spring,daddy-and-me-spring-outfits-for-2018,2018,REDIRECT,not started
daddy-and-me-spring-outfits,Daddy and Me Spring Outfits,Daddy & Me Spring,Daddy & Me,Spring,daddy-and-me-spring-outfits-for-2019,2019,REDIRECT,not started
daddy-and-me-spring-outfits,Daddy and Me Spring Outfits,Daddy & Me Spring,Daddy & Me,Spring,daddy-and-me-spring-outfits-for-2020,2020,REDIRECT,not started
daddy-and-me-spring-outfits,Daddy and Me Spring Outfits,Daddy & Me Spring,Daddy & Me,Spring,daddy-and-me-spring-outfits-for-2023,2023,REDIRECT,not started
daddy-and-me-spring-outfits,Daddy and Me Spring Outfits,Daddy & Me Spring,Daddy & Me,Spring,daddy-and-me-spring-outfits-for-2024,2024,REDIRECT,not started
daddy-and-me-spring-outfits,Daddy and Me Spring Outfits,Daddy & Me Spring,Daddy & Me,Spring,daddy-and-me-spring-outfits-for-2025,2025,REDIRECT,not started
daddy-and-me-spring-outfits,Daddy and Me Spring Outfits,Daddy & Me Spring,Daddy & Me,Spring,daddy-and-me-spring-outfits-for-2026,2026,REDIRECT,not started
easter-sunday-family-matching-outfits,Easter Sunday Family Matching Outfits,Family Easter,Family,Easter,easter-sunday-family-matching-outfits-2016,2016,REDIRECT,not started
easter-sunday-family-matching-outfits,Easter Sunday Family Matching Outfits,Family Easter,Family,Easter,easter-sunday-family-matching-outfits-2017,2017,REDIRECT,not started
easter-sunday-family-matching-outfits,Easter Sunday Family Matching Outfits,Family Easter,Family,Easter,easter-sunday-family-matching-outfits-2018,2018,REDIRECT,not started
easter-sunday-family-matching-outfits,Easter Sunday Family Matching Outfits,Family Easter,Family,Easter,easter-sunday-family-matching-outfits-2019,2019,REDIRECT,not started
easter-sunday-family-matching-outfits,Easter Sunday Family Matching Outfits,Family Easter,Family,Easter,easter-sunday-family-matching-outfits-2020,2020,REDIRECT,not started
easter-sunday-family-matching-outfits,Easter Sunday Family Matching Outfits,Family Easter,Family,Easter,easter-sunday-family-matching-outfits-2023,2023,REDIRECT,not started
easter-sunday-family-matching-outfits,Easter Sunday Family Matching Outfits,Family Easter,Family,Easter,easter-sunday-family-matching-outfits-2024,2024,REDIRECT,not started
easter-sunday-family-matching-outfits,Easter Sunday Family Matching Outfits,Family Easter,Family,Easter,matching-family-outfits-for-easter-brunch-2024,2024,REDIRECT,not started
easter-sunday-family-matching-outfits,Easter Sunday Family Matching Outfits,Family Easter,Family,Easter,easter-sunday-family-matching-outfits-2025,2025,REDIRECT,not started
easter-sunday-family-matching-outfits,Easter Sunday Family Matching Outfits,Family Easter,Family,Easter,easter-sunday-family-matching-outfits-2026,2026,REDIRECT,not started
easter-sunday-family-matching-outfits,Easter Sunday Family Matching Outfits,Family Easter,Family,Easter,easter-sunday-family-matching-outfits-2027,2027,REDIRECT,not started
fall-family-matching-outfits,Fall Family Matching Outfits,Fall Family Matching,Family,Fall,fall-family-matching-outfits-for-2016,2016,REDIRECT,not started
fall-family-matching-outfits,Fall Family Matching Outfits,Fall Family Matching,Family,Fall,fall-family-matching-outfits-for-2017,2017,REDIRECT,not started
fall-family-matching-outfits,Fall Family Matching Outfits,Fall Family Matching,Family,Fall,fall-family-matching-outfits-for-2018,2018,REDIRECT,not started
fall-family-matching-outfits,Fall Family Matching Outfits,Fall Family Matching,Family,Fall,fall-family-matching-outfits-for-2019,2019,REDIRECT,not started
fall-family-matching-outfits,Fall Family Matching Outfits,Fall Family Matching,Family,Fall,fall-family-matching-outfits-for-2020,2020,REDIRECT,not started
fall-family-matching-outfits,Fall Family Matching Outfits,Fall Family Matching,Family,Fall,fall-family-matching-outfits-for-2023,2023,REDIRECT,not started
fall-family-matching-outfits,Fall Family Matching Outfits,Fall Family Matching,Family,Fall,fall-family-matching-outfits-for-2024,2024,REDIRECT,not started
fall-family-matching-outfits,Fall Family Matching Outfits,Fall Family Matching,Family,Fall,fall-family-matching-outfits-for-2025,2025,REDIRECT,not started
fall-family-matching-outfits,Fall Family Matching Outfits,Fall Family Matching,Family,Fall,fall-family-matching-outfits-for-2026,2026,REDIRECT,not started
fall-family-matching-outfits,Fall Family Matching Outfits,Fall Family Matching,Family,Fall,fall-family-matching-outfits-for-2027,2027,REDIRECT,not started
floral-matching-outfits-for-spring,Floral Matching Outfits for Spring,Spring Matching,General,Spring,floral-matching-outfits-for-spring-2024,2024,REDIRECT,not started
halloween-family-matching-costume-ideas,Halloween Family Matching Costume Ideas,Family Halloween,Family,Halloween,halloween-family-matching-costume-ideas-2016,2016,REDIRECT,not started
halloween-family-matching-costume-ideas,Halloween Family Matching Costume Ideas,Family Halloween,Family,Halloween,halloween-family-matching-costume-ideas-2017,2017,REDIRECT,not started
halloween-family-matching-costume-ideas,Halloween Family Matching Costume Ideas,Family Halloween,Family,Halloween,halloween-family-matching-costume-ideas-2018,2018,REDIRECT,not started
halloween-family-matching-costume-ideas,Halloween Family Matching Costume Ideas,Family Halloween,Family,Halloween,halloween-family-matching-costume-ideas-2019,2019,REDIRECT,not started
halloween-family-matching-costume-ideas,Halloween Family Matching Costume Ideas,Family Halloween,Family,Halloween,halloween-family-matching-costume-ideas-2020,2020,REDIRECT,not started
halloween-family-matching-costume-ideas,Halloween Family Matching Costume Ideas,Family Halloween,Family,Halloween,halloween-family-matching-costume-ideas-2023,2023,REDIRECT,not started
halloween-family-matching-costume-ideas,Halloween Family Matching Costume Ideas,Family Halloween,Family,Halloween,halloween-family-matching-costume-ideas-2024,2024,REDIRECT,not started
halloween-family-matching-costume-ideas,Halloween Family Matching Costume Ideas,Family Halloween,Family,Halloween,halloween-family-matching-costume-ideas-2025,2025,REDIRECT,not started
halloween-family-matching-costume-ideas,Halloween Family Matching Costume Ideas,Family Halloween,Family,Halloween,halloween-family-matching-costume-ideas-2026,2026,REDIRECT,not started
halloween-family-matching-costume-ideas,Halloween Family Matching Costume Ideas,Family Halloween,Family,Halloween,halloween-family-matching-costume-ideas-2027,2027,REDIRECT,not started
halloween-family-matching-costume-ideas,Halloween Family Matching Costume Ideas,Family Halloween,Family,Halloween,halloween-family-matching-costume-ideas-2028,2028,REDIRECT,not started
holiday-family-matching-outfits-complete-guide,Holiday Family Matching Outfits Complete Guide,Holiday Family Matching,Family,Holiday,holiday-family-matching-outfits-complete-2016-guide,2016,REDIRECT,not started
holiday-family-matching-outfits-complete-guide,Holiday Family Matching Outfits Complete Guide,Holiday Family Matching,Family,Holiday,holiday-family-matching-outfits-complete-2017-guide,2017,REDIRECT,not started
holiday-family-matching-outfits-complete-guide,Holiday Family Matching Outfits Complete Guide,Holiday Family Matching,Family,Holiday,holiday-family-matching-outfits-complete-2018-guide,2018,REDIRECT,not started
holiday-family-matching-outfits-complete-guide,Holiday Family Matching Outfits Complete Guide,Holiday Family Matching,Family,Holiday,holiday-family-matching-outfits-complete-2019-guide,2019,REDIRECT,not started
holiday-family-matching-outfits-complete-guide,Holiday Family Matching Outfits Complete Guide,Holiday Family Matching,Family,Holiday,holiday-family-matching-outfits-complete-2020-guide,2020,REDIRECT,not started
holiday-family-matching-outfits-complete-guide,Holiday Family Matching Outfits Complete Guide,Holiday Family Matching,Family,Holiday,holiday-family-matching-outfits-complete-2021-guide,2021,REDIRECT,not started
holiday-family-matching-outfits-complete-guide,Holiday Family Matching Outfits Complete Guide,Holiday Family Matching,Family,Holiday,holiday-family-matching-outfits-complete-2022-guide,2022,REDIRECT,not started
holiday-family-matching-outfits-complete-guide,Holiday Family Matching Outfits Complete Guide,Holiday Family Matching,Family,Holiday,holiday-family-matching-outfits-complete-2024-guide,2024,REDIRECT,not started
holiday-family-matching-outfits-complete-guide,Holiday Family Matching Outfits Complete Guide,Holiday Family Matching,Family,Holiday,holiday-family-matching-outfits-complete-2025-guide,2025,REDIRECT,not started
hot-weather-family-coordinating-outfit-ideas,Hot Weather Family Coordinating Outfit Ideas,Hot Weather Family Coordinating Outfit Ideas,Family,Summer,hot-weather-family-coordinating-outfit-ideas-2024,2024,REDIRECT,not started
matching-family-outfits-for-august-vacations,Matching Family Outfits for August Vacations,Late Summer Family Vacation,Family,Summer,matching-family-outfits-for-august-vacations-2025-edition,2025,REDIRECT,not started
mommy-and-me-back-to-school-style-guide,Mommy and Me Back-to-School Style Guide,Mommy & Me Back to School,Mommy & Me,Back to School,mommy-and-me-back-to-school-style-guide-2017,2017,REDIRECT,not started
mommy-and-me-back-to-school-style-guide,Mommy and Me Back-to-School Style Guide,Mommy & Me Back to School,Mommy & Me,Back to School,mommy-and-me-back-to-school-style-guide-2018,2018,REDIRECT,not started
mommy-and-me-back-to-school-style-guide,Mommy and Me Back-to-School Style Guide,Mommy & Me Back to School,Mommy & Me,Back to School,mommy-and-me-back-to-school-style-guide-2019,2019,REDIRECT,not started
mommy-and-me-back-to-school-style-guide,Mommy and Me Back-to-School Style Guide,Mommy & Me Back to School,Mommy & Me,Back to School,mommy-and-me-back-to-school-style-guide-2020,2020,REDIRECT,not started
mommy-and-me-back-to-school-style-guide,Mommy and Me Back-to-School Style Guide,Mommy & Me Back to School,Mommy & Me,Back to School,mommy-and-me-back-to-school-style-guide-2023,2023,REDIRECT,not started
mommy-and-me-back-to-school-style-guide,Mommy and Me Back-to-School Style Guide,Mommy & Me Back to School,Mommy & Me,Back to School,mommy-and-me-back-to-school-style-guide-2024,2024,REDIRECT,not started
mommy-and-me-back-to-school-style-guide,Mommy and Me Back-to-School Style Guide,Mommy & Me Back to School,Mommy & Me,Back to School,mommy-and-me-back-to-school-style-guide-2025,2025,REDIRECT,not started
mommy-and-me-back-to-school-style-guide,Mommy and Me Back-to-School Style Guide,Mommy & Me Back to School,Mommy & Me,Back to School,mommy-and-me-back-to-school-style-guide-2026,2026,REDIRECT,not started
mommy-and-me-easter-outfit-ideas,Mommy and Me Easter Outfit Ideas,Mommy & Me Easter,Mommy & Me,Easter,mommy-and-me-easter-outfit-ideas-for-2017,2017,REDIRECT,not started
mommy-and-me-easter-outfit-ideas,Mommy and Me Easter Outfit Ideas,Mommy & Me Easter,Mommy & Me,Easter,mommy-and-me-easter-outfit-ideas-for-2018,2018,REDIRECT,not started
mommy-and-me-easter-outfit-ideas,Mommy and Me Easter Outfit Ideas,Mommy & Me Easter,Mommy & Me,Easter,mommy-and-me-easter-outfit-ideas-for-2019,2019,REDIRECT,not started
mommy-and-me-easter-outfit-ideas,Mommy and Me Easter Outfit Ideas,Mommy & Me Easter,Mommy & Me,Easter,mommy-and-me-easter-outfit-ideas-for-2020,2020,REDIRECT,not started
mommy-and-me-easter-outfit-ideas,Mommy and Me Easter Outfit Ideas,Mommy & Me Easter,Mommy & Me,Easter,mommy-and-me-easter-outfit-ideas-for-2023,2023,REDIRECT,not started
mommy-and-me-easter-outfit-ideas,Mommy and Me Easter Outfit Ideas,Mommy & Me Easter,Mommy & Me,Easter,mommy-and-me-easter-outfit-ideas-for-2024,2024,REDIRECT,not started
mommy-and-me-easter-outfit-ideas,Mommy and Me Easter Outfit Ideas,Mommy & Me Easter,Mommy & Me,Easter,mommy-and-me-easter-outfit-ideas-for-2025,2025,REDIRECT,not started
mommy-and-me-easter-outfit-ideas,Mommy and Me Easter Outfit Ideas,Mommy & Me Easter,Mommy & Me,Easter,mommy-and-me-easter-dresses-2026,2026,REDIRECT,not started
mommy-and-me-easter-outfit-ideas,Mommy and Me Easter Outfit Ideas,Mommy & Me Easter,Mommy & Me,Easter,mommy-and-me-easter-outfit-ideas-for-2026,2026,REDIRECT,not started
mommy-and-me-easter-outfit-ideas,Mommy and Me Easter Outfit Ideas,Mommy & Me Easter,Mommy & Me,Easter,mommy-and-me-easter-outfit-ideas-for-2027,2027,REDIRECT,not started
mommy-and-me-summer-dress-guide,Mommy and Me Summer Dress Guide,Mommy & Me Summer Dresses,Mommy & Me,Summer,mommy-and-me-summer-dress-guide-2019,2019,REDIRECT,not started
mommy-and-me-summer-dress-guide,Mommy and Me Summer Dress Guide,Mommy & Me Summer Dresses,Mommy & Me,Summer,mommy-and-me-summer-dress-guide-2020,2020,REDIRECT,not started
mommy-and-me-summer-dress-guide,Mommy and Me Summer Dress Guide,Mommy & Me Summer Dresses,Mommy & Me,Summer,mommy-and-me-summer-dress-guide-2022,2022,REDIRECT,not started
mommy-and-me-summer-dress-guide,Mommy and Me Summer Dress Guide,Mommy & Me Summer Dresses,Mommy & Me,Summer,mommy-and-me-summer-dress-guide-2023,2023,REDIRECT,not started
mommy-and-me-summer-dress-guide,Mommy and Me Summer Dress Guide,Mommy & Me Summer Dresses,Mommy & Me,Summer,mommy-and-me-summer-dress-guide-2024,2024,REDIRECT,not started
mommy-and-me-summer-dress-guide,Mommy and Me Summer Dress Guide,Mommy & Me Summer Dresses,Mommy & Me,Summer,mommy-and-me-summer-dress-guide-2025,2025,REDIRECT,not started
mommy-and-me-summer-dress-guide,Mommy and Me Summer Dress Guide,Mommy & Me Summer Dresses,Mommy & Me,Summer,mommy-and-me-summer-dress-guide-2026,2026,REDIRECT,not started
mommy-and-me-thanksgiving-style-guide,Mommy and Me Thanksgiving Style Guide,Mommy & Me Thanksgiving,Mommy & Me,Thanksgiving,mommy-and-me-thanksgiving-style-guide-2020,2020,REDIRECT,not started
mommy-and-me-thanksgiving-style-guide,Mommy and Me Thanksgiving Style Guide,Mommy & Me Thanksgiving,Mommy & Me,Thanksgiving,mommy-and-me-thanksgiving-style-guide-2021,2021,REDIRECT,not started
mommy-and-me-thanksgiving-style-guide,Mommy and Me Thanksgiving Style Guide,Mommy & Me Thanksgiving,Mommy & Me,Thanksgiving,mommy-and-me-thanksgiving-style-guide-2022,2022,REDIRECT,not started
mommy-and-me-thanksgiving-style-guide,Mommy and Me Thanksgiving Style Guide,Mommy & Me Thanksgiving,Mommy & Me,Thanksgiving,mommy-and-me-thanksgiving-style-guide-2023,2023,REDIRECT,not started
mommy-and-me-thanksgiving-style-guide,Mommy and Me Thanksgiving Style Guide,Mommy & Me Thanksgiving,Mommy & Me,Thanksgiving,mommy-and-me-thanksgiving-style-guide-2024,2024,REDIRECT,not started
mommy-and-me-thanksgiving-style-guide,Mommy and Me Thanksgiving Style Guide,Mommy & Me Thanksgiving,Mommy & Me,Thanksgiving,mommy-and-me-thanksgiving-style-guide-2025,2025,REDIRECT,not started
mommy-and-me-valentines-day-outfits,Mommy and Me Valentine's Day Outfits,Mommy & Me Valentine's Day,Mommy & Me,Valentine's Day,valentines-day-mommy-and-me-outfits-for-2016,2016,REDIRECT,not started
mommy-and-me-valentines-day-outfits,Mommy and Me Valentine's Day Outfits,Mommy & Me Valentine's Day,Mommy & Me,Valentine's Day,valentines-day-mommy-and-me-outfits-for-2017,2017,REDIRECT,not started
mommy-and-me-valentines-day-outfits,Mommy and Me Valentine's Day Outfits,Mommy & Me Valentine's Day,Mommy & Me,Valentine's Day,mommy-and-me-valentines-day-dress-guide-2018,2018,REDIRECT,not started
mommy-and-me-valentines-day-outfits,Mommy and Me Valentine's Day Outfits,Mommy & Me Valentine's Day,Mommy & Me,Valentine's Day,valentines-day-mommy-and-me-outfits-for-2018,2018,REDIRECT,not started
mommy-and-me-valentines-day-outfits,Mommy and Me Valentine's Day Outfits,Mommy & Me Valentine's Day,Mommy & Me,Valentine's Day,mommy-and-me-valentines-day-dress-guide-2019,2019,REDIRECT,not started
mommy-and-me-valentines-day-outfits,Mommy and Me Valentine's Day Outfits,Mommy & Me Valentine's Day,Mommy & Me,Valentine's Day,valentines-day-mommy-and-me-outfits-for-2019,2019,REDIRECT,not started
mommy-and-me-valentines-day-outfits,Mommy and Me Valentine's Day Outfits,Mommy & Me Valentine's Day,Mommy & Me,Valentine's Day,mommy-and-me-valentines-day-dress-guide-2020,2020,REDIRECT,not started
mommy-and-me-valentines-day-outfits,Mommy and Me Valentine's Day Outfits,Mommy & Me Valentine's Day,Mommy & Me,Valentine's Day,valentines-day-mommy-and-me-outfits-for-2020,2020,REDIRECT,not started
mommy-and-me-valentines-day-outfits,Mommy and Me Valentine's Day Outfits,Mommy & Me Valentine's Day,Mommy & Me,Valentine's Day,mommy-and-me-valentines-day-dress-guide-2023,2023,REDIRECT,not started
mommy-and-me-valentines-day-outfits,Mommy and Me Valentine's Day Outfits,Mommy & Me Valentine's Day,Mommy & Me,Valentine's Day,mommy-and-me-valentines-day-dress-guide-2024,2024,REDIRECT,not started
mommy-and-me-valentines-day-outfits,Mommy and Me Valentine's Day Outfits,Mommy & Me Valentine's Day,Mommy & Me,Valentine's Day,valentines-day-mommy-and-me-outfits-for-2024,2024,REDIRECT,not started
mommy-and-me-valentines-day-outfits,Mommy and Me Valentine's Day Outfits,Mommy & Me Valentine's Day,Mommy & Me,Valentine's Day,mommy-and-me-valentines-day-dress-guide-2025,2025,REDIRECT,not started
mommy-and-me-valentines-day-outfits,Mommy and Me Valentine's Day Outfits,Mommy & Me Valentine's Day,Mommy & Me,Valentine's Day,valentines-day-mommy-and-me-outfits-for-2025,2025,REDIRECT,not started
mommy-and-me-valentines-day-outfits,Mommy and Me Valentine's Day Outfits,Mommy & Me Valentine's Day,Mommy & Me,Valentine's Day,mommy-and-me-valentines-day-dress-guide-2026,2026,REDIRECT,not started
mommy-and-me-valentines-day-outfits,Mommy and Me Valentine's Day Outfits,Mommy & Me Valentine's Day,Mommy & Me,Valentine's Day,valentines-day-mommy-and-me-outfits-for-2026,2026,REDIRECT,not started
mommy-and-me-valentines-day-outfits,Mommy and Me Valentine's Day Outfits,Mommy & Me Valentine's Day,Mommy & Me,Valentine's Day,mommy-and-me-valentines-day-dress-guide-2027,2027,REDIRECT,not started
mommy-and-me-valentines-day-outfits,Mommy and Me Valentine's Day Outfits,Mommy & Me Valentine's Day,Mommy & Me,Valentine's Day,valentines-day-mommy-and-me-outfits-for-2027,2027,REDIRECT,not started
mommy-and-me-valentines-day-outfits,Mommy and Me Valentine's Day Outfits,Mommy & Me Valentine's Day,Mommy & Me,Valentine's Day,valentines-day-mommy-and-me-outfits-for-2028,2028,REDIRECT,not started
mommy-and-me-valentines-day-outfits,Mommy and Me Valentine's Day Outfits,Mommy & Me Valentine's Day,Mommy & Me,Valentine's Day,valentines-day-mommy-and-me-outfits-for-2029,2029,REDIRECT,not started
mother-daughter-matching-swimsuits-complete-guide-for-summer,Mother-Daughter Matching Swimsuits Complete Guide for Summer,Summer Mother-Daughter Swimsuits,Mother-Daughter,Summer,mother-daughter-matching-swimsuits-complete-guide-for-summer-2026,2026,REDIRECT,not started
mothers-day-matching-outfits-mommy-and-me-guide,Mother's Day Matching Outfits: Mommy and Me Guide,Mommy & Me Mother's Day,Mommy & Me,Mother's Day,mothers-day-matching-outfits-mommy-and-me-guide-2016,2016,REDIRECT,not started
mothers-day-matching-outfits-mommy-and-me-guide,Mother's Day Matching Outfits: Mommy and Me Guide,Mommy & Me Mother's Day,Mommy & Me,Mother's Day,best-mommy-and-me-dresses-for-mothers-day-2017,2017,REDIRECT,not started
mothers-day-matching-outfits-mommy-and-me-guide,Mother's Day Matching Outfits: Mommy and Me Guide,Mommy & Me Mother's Day,Mommy & Me,Mother's Day,mothers-day-matching-outfits-mommy-and-me-guide-2017,2017,REDIRECT,not started
mothers-day-matching-outfits-mommy-and-me-guide,Mother's Day Matching Outfits: Mommy and Me Guide,Mommy & Me Mother's Day,Mommy & Me,Mother's Day,best-mommy-and-me-dresses-for-mothers-day-2018,2018,REDIRECT,not started
mothers-day-matching-outfits-mommy-and-me-guide,Mother's Day Matching Outfits: Mommy and Me Guide,Mommy & Me Mother's Day,Mommy & Me,Mother's Day,mothers-day-matching-outfits-mommy-and-me-guide-2018,2018,REDIRECT,not started
mothers-day-matching-outfits-mommy-and-me-guide,Mother's Day Matching Outfits: Mommy and Me Guide,Mommy & Me Mother's Day,Mommy & Me,Mother's Day,best-mommy-and-me-dresses-for-mothers-day-2019,2019,REDIRECT,not started
mothers-day-matching-outfits-mommy-and-me-guide,Mother's Day Matching Outfits: Mommy and Me Guide,Mommy & Me Mother's Day,Mommy & Me,Mother's Day,mothers-day-matching-outfits-mommy-and-me-guide-2019,2019,REDIRECT,not started
mothers-day-matching-outfits-mommy-and-me-guide,Mother's Day Matching Outfits: Mommy and Me Guide,Mommy & Me Mother's Day,Mommy & Me,Mother's Day,best-mommy-and-me-dresses-for-mothers-day-2020,2020,REDIRECT,not started
mothers-day-matching-outfits-mommy-and-me-guide,Mother's Day Matching Outfits: Mommy and Me Guide,Mommy & Me Mother's Day,Mommy & Me,Mother's Day,mothers-day-matching-outfits-mommy-and-me-guide-2020,2020,REDIRECT,not started
mothers-day-matching-outfits-mommy-and-me-guide,Mother's Day Matching Outfits: Mommy and Me Guide,Mommy & Me Mother's Day,Mommy & Me,Mother's Day,best-mommy-and-me-dresses-for-mothers-day-2023,2023,REDIRECT,not started
mothers-day-matching-outfits-mommy-and-me-guide,Mother's Day Matching Outfits: Mommy and Me Guide,Mommy & Me Mother's Day,Mommy & Me,Mother's Day,mothers-day-matching-outfits-mommy-and-me-guide-2023,2023,REDIRECT,not started
mothers-day-matching-outfits-mommy-and-me-guide,Mother's Day Matching Outfits: Mommy and Me Guide,Mommy & Me Mother's Day,Mommy & Me,Mother's Day,best-mommy-and-me-dresses-for-mothers-day-2024,2024,REDIRECT,not started
mothers-day-matching-outfits-mommy-and-me-guide,Mother's Day Matching Outfits: Mommy and Me Guide,Mommy & Me Mother's Day,Mommy & Me,Mother's Day,mothers-day-matching-outfits-mommy-and-me-guide-2024,2024,REDIRECT,not started
mothers-day-matching-outfits-mommy-and-me-guide,Mother's Day Matching Outfits: Mommy and Me Guide,Mommy & Me Mother's Day,Mommy & Me,Mother's Day,best-mommy-and-me-dresses-for-mothers-day-2025,2025,REDIRECT,not started
mothers-day-matching-outfits-mommy-and-me-guide,Mother's Day Matching Outfits: Mommy and Me Guide,Mommy & Me Mother's Day,Mommy & Me,Mother's Day,mothers-day-matching-outfits-mommy-and-me-guide-2025,2025,REDIRECT,not started
mothers-day-matching-outfits-mommy-and-me-guide,Mother's Day Matching Outfits: Mommy and Me Guide,Mommy & Me Mother's Day,Mommy & Me,Mother's Day,best-mommy-and-me-dresses-for-mothers-day-2026,2026,REDIRECT,not started
mothers-day-matching-outfits-mommy-and-me-guide,Mother's Day Matching Outfits: Mommy and Me Guide,Mommy & Me Mother's Day,Mommy & Me,Mother's Day,mothers-day-matching-outfits-mommy-and-me-guide-2026,2026,REDIRECT,not started
mothers-day-matching-outfits-mommy-and-me-guide,Mother's Day Matching Outfits: Mommy and Me Guide,Mommy & Me Mother's Day,Mommy & Me,Mother's Day,mothers-day-matching-outfits-mommy-and-me-guide-2027,2027,REDIRECT,not started
new-year-new-matching-looks-family-fashion,"New Year, New Matching Looks: Family Fashion",New Year Family Matching,Family,New Year's,new-year-new-matching-looks-family-fashion-for-2018,2018,REDIRECT,not started
new-year-new-matching-looks-family-fashion,"New Year, New Matching Looks: Family Fashion",New Year Family Matching,Family,New Year's,new-year-new-matching-looks-family-fashion-for-2019,2019,REDIRECT,not started
new-year-new-matching-looks-family-fashion,"New Year, New Matching Looks: Family Fashion",New Year Family Matching,Family,New Year's,new-year-new-matching-looks-family-fashion-for-2020,2020,REDIRECT,not started
new-year-new-matching-looks-family-fashion,"New Year, New Matching Looks: Family Fashion",New Year Family Matching,Family,New Year's,new-year-new-matching-looks-family-fashion-for-2023,2023,REDIRECT,not started
new-year-new-matching-looks-family-fashion,"New Year, New Matching Looks: Family Fashion",New Year Family Matching,Family,New Year's,new-years-eve-family-matching-outfits-2023,2023,REDIRECT,not started
new-year-new-matching-looks-family-fashion,"New Year, New Matching Looks: Family Fashion",New Year Family Matching,Family,New Year's,new-year-new-matching-looks-family-fashion-for-2024,2024,REDIRECT,not started
new-year-new-matching-looks-family-fashion,"New Year, New Matching Looks: Family Fashion",New Year Family Matching,Family,New Year's,new-year-new-matching-looks-family-fashion-for-2025,2025,REDIRECT,not started
new-year-new-matching-looks-family-fashion,"New Year, New Matching Looks: Family Fashion",New Year Family Matching,Family,New Year's,new-year-new-matching-looks-family-fashion-for-2026,2026,REDIRECT,not started
new-year-new-matching-looks-family-fashion,"New Year, New Matching Looks: Family Fashion",New Year Family Matching,Family,New Year's,new-year-new-matching-looks-family-fashion-for-2027,2027,REDIRECT,not started
new-year-new-matching-looks-family-fashion,"New Year, New Matching Looks: Family Fashion",New Year Family Matching,Family,New Year's,new-year-new-matching-looks-family-fashion-for-2028,2028,REDIRECT,not started
october-family-style-cozy-matching-looks-for-autumn,October Family Style: Cozy Matching Looks for Autumn,October Family Matching,Family,Fall,october-family-style-cozy-matching-looks-for-autumn-2024-edition,2024,REDIRECT,not started
red-white-and-blue-patriotic-family-matching-looks,"Red, White, and Blue Patriotic Family Matching Looks",Patriotic Family Matching,Family,4th of July,4th-of-july-family-matching-outfits-2016,2016,REDIRECT,not started
red-white-and-blue-patriotic-family-matching-looks,"Red, White, and Blue Patriotic Family Matching Looks",Patriotic Family Matching,Family,4th of July,4th-of-july-family-matching-outfits-2017,2017,REDIRECT,not started
red-white-and-blue-patriotic-family-matching-looks,"Red, White, and Blue Patriotic Family Matching Looks",Patriotic Family Matching,Family,4th of July,4th-of-july-family-matching-outfits-2018,2018,REDIRECT,not started
red-white-and-blue-patriotic-family-matching-looks,"Red, White, and Blue Patriotic Family Matching Looks",Patriotic Family Matching,Family,4th of July,4th-of-july-family-matching-outfits-2019,2019,REDIRECT,not started
red-white-and-blue-patriotic-family-matching-looks,"Red, White, and Blue Patriotic Family Matching Looks",Patriotic Family Matching,Family,4th of July,4th-of-july-family-matching-outfits-2020,2020,REDIRECT,not started
red-white-and-blue-patriotic-family-matching-looks,"Red, White, and Blue Patriotic Family Matching Looks",Patriotic Family Matching,Family,4th of July,4th-of-july-family-matching-outfits-2024,2024,REDIRECT,not started
red-white-and-blue-patriotic-family-matching-looks,"Red, White, and Blue Patriotic Family Matching Looks",Patriotic Family Matching,Family,4th of July,memorial-day-weekend-family-matching-looks-2024,2024,REDIRECT,not started
red-white-and-blue-patriotic-family-matching-looks,"Red, White, and Blue Patriotic Family Matching Looks",Patriotic Family Matching,Family,4th of July,4th-of-july-family-matching-outfits-2025,2025,REDIRECT,not started
red-white-and-blue-patriotic-family-matching-looks,"Red, White, and Blue Patriotic Family Matching Looks",Patriotic Family Matching,Family,4th of July,4th-of-july-family-matching-outfits-2026,2026,REDIRECT,not started
september-style-guide-transitional-family-matching-looks,September Style Guide Transitional Family Matching Looks,September Style Guide Transitional Family Matching Looks,Family,Fall,september-style-guide-transitional-family-matching-looks-2024,2024,REDIRECT,not started
spring-matching-outfits-for-mommy-and-me,Spring Matching Outfits for Mommy and Me,Spring Mommy & Me Matching,Mommy & Me,Spring,spring-matching-outfits-for-mommy-and-me-2016,2016,REDIRECT,not started
spring-matching-outfits-for-mommy-and-me,Spring Matching Outfits for Mommy and Me,Spring Mommy & Me Matching,Mommy & Me,Spring,spring-matching-outfits-for-mommy-and-me-2017,2017,REDIRECT,not started
spring-matching-outfits-for-mommy-and-me,Spring Matching Outfits for Mommy and Me,Spring Mommy & Me Matching,Mommy & Me,Spring,spring-matching-outfits-for-mommy-and-me-2018,2018,REDIRECT,not started
spring-matching-outfits-for-mommy-and-me,Spring Matching Outfits for Mommy and Me,Spring Mommy & Me Matching,Mommy & Me,Spring,spring-matching-outfits-for-mommy-and-me-2019,2019,REDIRECT,not started
spring-matching-outfits-for-mommy-and-me,Spring Matching Outfits for Mommy and Me,Spring Mommy & Me Matching,Mommy & Me,Spring,spring-matching-outfits-for-mommy-and-me-2020,2020,REDIRECT,not started
spring-matching-outfits-for-mommy-and-me,Spring Matching Outfits for Mommy and Me,Spring Mommy & Me Matching,Mommy & Me,Spring,spring-matching-outfits-for-mommy-and-me-2024,2024,REDIRECT,not started
spring-matching-outfits-for-mommy-and-me,Spring Matching Outfits for Mommy and Me,Spring Mommy & Me Matching,Mommy & Me,Spring,spring-matching-outfits-for-mommy-and-me-2025,2025,REDIRECT,not started
spring-matching-outfits-for-mommy-and-me,Spring Matching Outfits for Mommy and Me,Spring Mommy & Me Matching,Mommy & Me,Spring,spring-matching-outfits-for-mommy-and-me-2026,2026,REDIRECT,not started
spring-matching-outfits-for-mommy-and-me,Spring Matching Outfits for Mommy and Me,Spring Mommy & Me Matching,Mommy & Me,Spring,spring-matching-outfits-for-mommy-and-me-2027,2027,REDIRECT,not started
spring-matching-outfits-for-mommy-and-me,Spring Matching Outfits for Mommy and Me,Spring Mommy & Me Matching,Mommy & Me,Spring,spring-matching-outfits-for-mommy-and-me-2028,2028,REDIRECT,not started
spring-matching-outfits-for-mommy-and-me,Spring Matching Outfits for Mommy and Me,Spring Mommy & Me Matching,Mommy & Me,Spring,spring-matching-outfits-for-mommy-and-me-2029,2029,REDIRECT,not started
summer-matching-family-outfits,Summer Matching Family Outfits,Summer Family Matching,Family,Summer,summer-matching-family-outfits-for-2016,2016,REDIRECT,not started
summer-matching-family-outfits,Summer Matching Family Outfits,Summer Family Matching,Family,Summer,summer-matching-family-outfits-for-2017,2017,REDIRECT,not started
summer-matching-family-outfits,Summer Matching Family Outfits,Summer Family Matching,Family,Summer,summer-matching-family-outfits-for-2018,2018,REDIRECT,not started
summer-matching-family-outfits,Summer Matching Family Outfits,Summer Family Matching,Family,Summer,summer-matching-family-outfits-for-2019,2019,REDIRECT,not started
summer-matching-family-outfits,Summer Matching Family Outfits,Summer Family Matching,Family,Summer,summer-matching-family-outfits-for-2020,2020,REDIRECT,not started
summer-matching-family-outfits,Summer Matching Family Outfits,Summer Family Matching,Family,Summer,summer-matching-family-outfits-for-2023,2023,REDIRECT,not started
summer-matching-family-outfits,Summer Matching Family Outfits,Summer Family Matching,Family,Summer,summer-matching-family-outfits-for-2024,2024,REDIRECT,not started
summer-matching-family-outfits,Summer Matching Family Outfits,Summer Family Matching,Family,Summer,summer-matching-family-outfits-for-2025,2025,REDIRECT,not started
summer-matching-family-outfits,Summer Matching Family Outfits,Summer Family Matching,Family,Summer,summer-matching-family-outfits-for-2026,2026,REDIRECT,not started
summer-matching-family-outfits,Summer Matching Family Outfits,Summer Family Matching,Family,Summer,summer-matching-family-outfits-for-2027,2027,REDIRECT,not started
summer-vacation-matching-family-outfits-guide,Summer Vacation Matching Family Outfits Guide,Summer Family Vacation,Family,Summer,summer-vacation-matching-family-outfits-guide-1,,REDIRECT,not started
thanksgiving-family-matching-outfit-ideas,Thanksgiving Family Matching Outfit Ideas,Family Thanksgiving,Family,Thanksgiving,thanksgiving-family-matching-outfit-ideas-2016,2016,REDIRECT,not started
thanksgiving-family-matching-outfit-ideas,Thanksgiving Family Matching Outfit Ideas,Family Thanksgiving,Family,Thanksgiving,thanksgiving-family-matching-outfit-ideas-2017,2017,REDIRECT,not started
thanksgiving-family-matching-outfit-ideas,Thanksgiving Family Matching Outfit Ideas,Family Thanksgiving,Family,Thanksgiving,thanksgiving-family-matching-outfit-ideas-2018,2018,REDIRECT,not started
thanksgiving-family-matching-outfit-ideas,Thanksgiving Family Matching Outfit Ideas,Family Thanksgiving,Family,Thanksgiving,thanksgiving-family-matching-outfit-ideas-2019,2019,REDIRECT,not started
thanksgiving-family-matching-outfit-ideas,Thanksgiving Family Matching Outfit Ideas,Family Thanksgiving,Family,Thanksgiving,thanksgiving-family-matching-outfit-ideas-2022,2022,REDIRECT,not started
thanksgiving-family-matching-outfit-ideas,Thanksgiving Family Matching Outfit Ideas,Family Thanksgiving,Family,Thanksgiving,thanksgiving-family-matching-outfit-ideas-2023,2023,REDIRECT,not started
thanksgiving-family-matching-outfit-ideas,Thanksgiving Family Matching Outfit Ideas,Family Thanksgiving,Family,Thanksgiving,thanksgiving-family-matching-outfit-ideas-2024,2024,REDIRECT,not started
thanksgiving-family-matching-outfit-ideas,Thanksgiving Family Matching Outfit Ideas,Family Thanksgiving,Family,Thanksgiving,thanksgiving-family-matching-outfit-ideas-2025,2025,REDIRECT,not started
thanksgiving-family-matching-outfit-ideas,Thanksgiving Family Matching Outfit Ideas,Family Thanksgiving,Family,Thanksgiving,thanksgiving-family-matching-outfit-ideas-2026,2026,REDIRECT,not started
thanksgiving-family-matching-outfit-ideas,Thanksgiving Family Matching Outfit Ideas,Family Thanksgiving,Family,Thanksgiving,thanksgiving-family-matching-outfit-ideas-2027,2027,REDIRECT,not started
winter-family-photo-outfits-matching-looks-for-cold-weather,Winter Family Photo Outfits: Matching Looks for Cold Weather,Winter Family Photos,Family,Winter,winter-family-photo-outfits-matching-looks-for-cold-weather-2024,2024,REDIRECT,not started
