"Page URL","Primary Keyword","Secondary Keywords","Current Ranking","Recommended Action"
"https://www.dresslikemommy.com/","mommy and me dresses","mother daughter matching outfits; family matching outfits; mommy and me matching outfits; matching family outfits","N/A - Search Console not accessible in this session","Keep homepage broad; strengthen hero copy and internal links to Mommy and Me, Family Matching, Daddy and Me, and seasonal collections."
"https://www.dresslikemommy.com/collections/mommy-and-me","mommy and me outfits","mommy and me matching outfits; mother daughter matching outfits; mommy and me dresses; mommy and me swimsuits","N/A - Search Console not accessible in this session","Keep this as the main mommy intent hub; tighten title, H1, and intro around exact-match phrasing and link to dresses, swimwear, and photo-ready subgroups."
"https://www.dresslikemommy.com/collections/matching-outfits","family matching outfits","matching family outfits; family matching clothes; family coordinated outfits; family matching sets","N/A - Search Console not accessible in this session","Own the broad family term here; emphasize photos, holidays, and travel in intro copy and FAQs."
"https://www.dresslikemommy.com/collections/family-sets","matching family vacation outfits","matching family beach outfits; family vacation outfits; matching family summer outfits; family beach outfits","N/A - Search Console not accessible in this session","Reposition this collection around vacation and beach intent so it does not cannibalize the broader family-matching collection."
"https://www.dresslikemommy.com/collections/family-swimsuits","family matching swimsuits","family matching swimwear; matching family bathing suits; family swimsuits; family matching swimsuits 4th of july","N/A - Search Console not accessible in this session","This is a strong commercial page; add more exact-match copy, seasonal internal links, and FAQ content."
"https://www.dresslikemommy.com/collections/family-pajamas","family matching pajamas","matching family pajamas; family pajamas; matching family sleepwear; family christmas pajamas","N/A - Search Console not accessible in this session","Live browser pass showed zero products. Populate inventory fast or noindex or redirect until inventory is back."
"https://www.dresslikemommy.com/collections/daddy-and-me","daddy and me outfits","matching daddy and me outfits; father and son matching outfits; dad and me outfits; daddy and me matching clothes","N/A - Search Console not accessible in this session","Use this as the broad daddy hub and canonical target if overlapping daddy collections remain live."
"https://www.dresslikemommy.com/collections/daddy-me-t-shirts","daddy and me shirts","daddy and me matching shirts; daddy and me hawaiian shirts; father son matching shirts; daddy and me t shirts","N/A - Search Console not accessible in this session","Lean into shirt-specific intent and tropical or vacation modifiers in headings, meta copy, and product grouping."
"https://www.dresslikemommy.com/collections/couples","couples matching outfits","matching outfits for couples; couples coordinated outfits; matching couple clothes; couples vacation outfits","N/A - Search Console not accessible in this session","Keep this as the broad couples hub; do not let it duplicate the shirts-only collection."
"https://www.dresslikemommy.com/collections/matching-couples-t-shirts","couples matching shirts","couples matching t shirts; matching couple shirts; funny couples matching shirts; couples cruise shirts","N/A - Search Console not accessible in this session","Differentiate this page from the broader couples collection with shirt-only copy and commercial modifiers."
"https://www.dresslikemommy.com/collections/christmas-pajamas","family matching christmas pajamas","matching christmas pajamas for families; christmas family pajamas; family christmas pjs; matching holiday pajamas","N/A - Search Console not accessible in this session","Live browser pass showed zero products. Restock before Q4 or noindex or redirect to the strongest holiday pajama hub."
"https://www.dresslikemommy.com/collections/valentines-day-matching-outfits-1","valentines day matching outfits","mommy and me valentines outfits; family valentines matching outfits; matching valentines outfits for family; valentines family outfits","N/A - Search Console not accessible in this session","Use this as the transactional Valentine's collection and let the blog own the ideas-oriented query set."
"https://www.dresslikemommy.com/products/mommy-and-me-matching-bikini-set-floral-print-two-piece-swimsuit-for-mom-daughter-matching-swimwear","mommy and me matching bikini set","mommy and me swimsuits; mother daughter matching bikini; mom and daughter matching swimwear; floral mommy and me bikini","N/A - Search Console not accessible in this session","Title and meta are already close; add richer size, fit, and occasion copy plus internal links from swim collections and summer guides."
"https://www.dresslikemommy.com/products/elegant-beige-chiffon-family-matching-dresses-mother-daughter-summer-outfits","mother daughter matching summer dresses","beige mother daughter matching dresses; mommy and me summer dresses; matching dresses for mother and daughter; family photo dresses","N/A - Search Console not accessible in this session","Retitle around the exact long-tail and add photo, beach, and special-occasion copy."
"https://www.dresslikemommy.com/products/matching-family-beach-outfits-with-floral-dresses-and-shorts","matching family beach outfits","family beach outfits; matching family vacation outfits; family beach matching clothes; tropical family outfits","N/A - Search Console not accessible in this session","Support this page with stronger beach and vacation phrasing and link it from family-sets and summer blogs."
"https://www.dresslikemommy.com/products/family-matching-polka-dots-swimsuits","family matching polka dot swimsuits","matching family swimsuits; polka dot family swimwear; matching family bathing suits; family polka dot swimwear","N/A - Search Console not accessible in this session","Improve descriptive copy, alt text, and product detail sections so the page can win style-specific long tails."
"https://www.dresslikemommy.com/products/father-son-matching-cotton-tropical-shirts-black-white-palm-print","father son matching tropical shirts","daddy and me hawaiian shirts; matching dad and son shirts; father son vacation shirts; tropical dad and son shirts","N/A - Search Console not accessible in this session","Bring the higher-demand daddy-and-me language into the title or supporting copy without losing the father-son exact match."
"https://www.dresslikemommy.com/products/matching-couple-t-shirt-lo-ve","matching couple t shirts","couples matching shirts; matching couple shirts; cute matching couple t shirts; couple graphic shirts","N/A - Search Console not accessible in this session","Current copy is thin. Rewrite title, meta description, and on-page copy around exact commercial shirt phrases."
"https://www.dresslikemommy.com/products/couple-matching-queen-king-hearts-t-shirts","valentines couples matching shirts","queen king matching shirts; matching valentine shirts for couples; couple heart t shirts; his and hers valentines shirts","N/A - Search Console not accessible in this session","Use this as the seasonal Valentine's product target and link from the Valentine's collection and blog."
"https://www.dresslikemommy.com/blogs/news/mommy-and-me-matching-outfit-ideas","mommy and me matching outfit ideas","mommy and me outfits ideas; mother daughter outfit ideas; mommy and me photo outfit ideas; mommy and me matching looks","N/A - Search Console not accessible in this session","Keep this evergreen and informational; link aggressively to Mommy and Me collection, dresses, and swim products."
"https://www.dresslikemommy.com/blogs/news/the-complete-guide-to-family-matching-outfits","family matching outfits guide","family matching outfit ideas; how to coordinate family outfits; family matching outfit tips; family matching style guide","N/A - Search Console not accessible in this session","Use this as the main informational companion to the family-matching collection and consolidate overlapping general-intent blog posts into it."
"https://www.dresslikemommy.com/blogs/news/daddy-and-me-matching-outfits-the-ultimate-guide","daddy and me outfit ideas","daddy and me matching outfit ideas; father son outfit ideas; dad and me outfit ideas; daddy and me style guide","N/A - Search Console not accessible in this session","Keep blog intent informational and link back to Daddy and Me collections and the best shirt or swim products."
"https://www.dresslikemommy.com/blogs/news/family-matching-pajamas-our-top-picks-for-cozy-nights","family matching pajamas ideas","family christmas pajamas ideas; best family matching pajamas; cozy family pajama ideas; matching family sleepwear ideas","N/A - Search Console not accessible in this session","Refresh as an evergreen pajamas guide and route users to pajamas collections once inventory exists."
"https://www.dresslikemommy.com/blogs/news/what-to-wear-for-family-photos-matching-outfit-ideas","matching family photo outfits","family photo outfit ideas; matching family photo outfits fall; what to wear for family photos; coordinating family photo outfits","N/A - Search Console not accessible in this session","This is a strong informational page. Add sections by season and color palette, then link to matching-outfits and family-sets."
"https://www.dresslikemommy.com/blogs/news/mother-daughter-matching-swimsuits-complete-guide-for-summer-2026","mother daughter matching swimsuits","mommy and me swimsuits; mother daughter matching bikini; matching swimsuits for mom and daughter; summer mommy and me swimsuits","N/A - Search Console not accessible in this session","If possible, move this intent to an evergreen URL and keep updating content yearly instead of creating new duplicates."
"https://www.dresslikemommy.com/blogs/news/family-matching-outfits-spring-photos","family matching outfits for spring photos","spring family photo outfits; matching spring family outfits; family photo outfits spring; spring family matching outfits","N/A - Search Console not accessible in this session","Refresh before spring every year and link into family-sets, dresses, and matching-outfits collections."
"https://www.dresslikemommy.com/blogs/news/mommy-and-me-valentines-day-outfits","mommy and me valentines day outfit ideas","valentines mommy and me outfit ideas; red and pink mommy and me outfits; mother daughter valentines outfits; valentines family outfit ideas","N/A - Search Console not accessible in this session","Keep the collection transactional and let this blog post own the ideas-led Valentine's query variant."
"https://www.dresslikemommy.com/blogs/news/mommy-and-me-easter-dresses-2026","mommy and me easter dresses","mother daughter easter dresses; matching easter dresses for mom and daughter; mommy and me easter outfits; easter dresses for family photos","N/A - Search Console not accessible in this session","Refresh annually in late January or early February and consider consolidating future versions into one evergreen Easter hub."
