Top queries,Clicks,Impressions,CTR,Position
dress like mommy,83,137,60.58%,1.4
mommy and me swimsuits,7,703,1%,13.71
mommy and me dresses,7,208,3.37%,58.62
dresslikemommy,6,7,85.71%,1
mommy and me easter dresses,6,7,85.71%,7
matching swimsuits mommy and daughter,4,34,11.76%,17.41
mother daughter swimsuits,3,252,1.19%,10.11
mother daughter matching swimsuits,3,165,1.82%,24.58
mommy and me swimsuits boy,3,62,4.84%,10.32
mommy and me,3,53,5.66%,26.43
dresslikemommy.com,3,47,6.38%,1
matching mother daughter bathing suits,3,43,6.98%,10.47
mommy and me bathing suits,2,373,0.54%,20.55
family matching outfits,2,248,0.81%,65.57
mommy and me jumpsuits,2,169,1.18%,11.35
mom and daughter matching swimsuits,2,126,1.59%,31.56
matching family bathing suits,2,111,1.8%,67.69
family swimsuits,2,90,2.22%,59.21
peppa pig family shirts,2,72,2.78%,3.22
mommy and me matching jumpsuits,2,55,3.64%,10.56
matching swimwear mum and daughter,2,53,3.77%,17.74
mother and daughter swimwear,2,34,5.88%,13.53
matching family outfits for vacation,2,30,6.67%,43.1
בגד ים תואם אמא ובת,2,29,6.9%,5.72
family bathing suits,2,23,8.7%,58.78
family matching swim,2,20,10%,50.35
dad and son matching hawaiian shirts,2,19,10.53%,12.32
mommy and me swimsuit,2,14,14.29%,31.64
mommy and me matching nightgowns,2,11,18.18%,18.73
kids matching swimsuits,2,7,28.57%,9.29
family matching,1,251,0.4%,41.48
mother daughter bikini,1,178,0.56%,15.46
pink and blue shirt,1,136,0.74%,2.84
mum and daughter matching swimwear,1,118,0.85%,26.62
matching family vacation outfits,1,112,0.89%,35.35
mom and daughter swimsuits,1,103,0.97%,18.58
matching family swimsuits,1,103,0.97%,55.16
mom daughter bikini,1,79,1.27%,17.51
matching mommy and me swimsuits,1,78,1.28%,15.71
matching mum and daughter swimwear,1,78,1.28%,20.63
mommy and me maxi dresses,1,72,1.39%,17.97
father son matching hawaiian shirts,1,68,1.47%,13.26
summer family outfits,1,65,1.54%,1.86
mommy and me swimwear,1,57,1.75%,30.95
mommy and me tankini swimsuits,1,42,2.38%,13.67
mommy daughter matching swimwear,1,38,2.63%,25.45
father son hawaiian shirts,1,37,2.7%,12.38
matching mother daughter swimwear,1,37,2.7%,26.73
father and son hawaiian shirts,1,34,2.94%,9.85
mummy and daughter swimwear,1,33,3.03%,19.76
matching family hawaiian outfits,1,32,3.12%,17.12
mommy and me bikini,1,31,3.23%,28.48
matching swimsuits for family,1,28,3.57%,59.14
mommy and me romper,1,26,3.85%,13.54
matching dresses for mom and daughter,1,22,4.55%,47.36
mommy and me sweaters,1,21,4.76%,38.81
family matching swim trunks,1,18,5.56%,11.83
matching family swimwear,1,18,5.56%,53.44
mom and daughter matching sweaters,1,17,5.88%,21.18
mommy and me maxi dress,1,17,5.88%,26.59
mommy and me matching dresses,1,17,5.88%,50.94
mom and daughter dresses,1,16,6.25%,53.81
mens and boys matching button down shirts,1,14,7.14%,10.86
traje de baño familiar,1,13,7.69%,13.92
mom and daughter nightgowns,1,12,8.33%,4.5
matching jumpsuits mom and daughter,1,12,8.33%,10.67
best matching family swimsuits,1,12,8.33%,43.17
mommy and me yellow dresses,1,11,9.09%,10.55
matching mother and daughter swimwear,1,11,9.09%,17.82
matching mother daughter nightgowns,1,11,9.09%,23.27
family matching spring outfits,1,10,10%,43.6
mother daughter matching swimwear uk,1,9,11.11%,12.11
matchende kjoler mor og datter,1,9,11.11%,12.56
mother and daughter matching bathing suits,1,9,11.11%,21.44
matching sweaters mom and daughter,1,9,11.11%,31.89
matching mom and daughter dresses,1,9,11.11%,40.22
mom and me jumpsuit,1,8,12.5%,13.12
mother and daughter clothes,1,7,14.29%,42.43
mommy and me overalls,1,7,14.29%,53.71
family matching hawaiian outfits,1,6,16.67%,19.33
בגדים תואמים אמא ובת,1,6,16.67%,19.33
family bathing suit,1,6,16.67%,47.67
far og sønn match,1,5,20%,10.8
matching swimsuits for kids,1,5,20%,12.2
mor datter kjole,1,5,20%,15.8
mother daughter nightgown,1,4,25%,7.25
matchende kjole mor og datter,1,4,25%,10
vestidos de baño familiares,1,4,25%,11
matching family t shirt,1,4,25%,47.5
matchende strikkegenser familie,1,3,33.33%,6.67
matching swimwear mom and daughter,1,3,33.33%,16
matching dress mom and daughter,1,3,33.33%,29.33
hawaiian family shirts,1,3,33.33%,46.33
father son matching swim trunks,1,2,50%,5.5
בגדים אמא ובת,1,2,50%,7
matching bathing suits for kids,1,2,50%,10.5
mommy and me matching easter dresses,1,2,50%,11.5
maillot de bain famille assorti,1,2,50%,15
matching family.swimsuits,1,2,50%,21.5
mommy and me matching bikinis,1,2,50%,28.5
mommy and me dresses for wedding,1,2,50%,42
summer couple outfits,1,2,50%,83.5
mommy & me set,1,1,100%,1
shop,1,1,100%,2
welche websites,1,1,100%,2
mommy and me cotton pajamas,1,1,100%,3
mom and son outfits,1,1,100%,5
kids matching hawaiian outfits,1,1,100%,6
easter dress mom and daughter,1,1,100%,7
dad and baby matching swimwear,1,1,100%,8
matching girls dresses,1,1,100%,9
mom daughter easter dress,1,1,100%,9
traje de baño mama e hija,1,1,100%,9
modest mommy and me dresses,1,1,100%,10
mom and toddler matching dresses,1,1,100%,11
matching family spring outfits,1,1,100%,14
matching father son shirts,1,1,100%,24
costume mare mamma e figlia,1,1,100%,31
pajamas family matching,1,1,100%,92
mommy and baby matching dresses,1,1,100%,96
matching family outfits,0,278,0%,53.09
matching family summer outfits,0,274,0%,17.62
matching hawaiian shirt and dress,0,273,0%,12.55
mom and daughter matching dresses,0,210,0%,54.26
peppa pig shirts,0,199,0%,20.8
daddy and me shirts,0,199,0%,31.91
mom and me matching outfits,0,183,0%,61.79
mommy and me matching swimsuits,0,162,0%,12.17
mommy and me nightgowns,0,157,0%,8.23
light blue family photo outfits,0,151,0%,1.5
family matching vacation outfits,0,145,0%,25.28
mother daughter bathing suits,0,140,0%,13.22
matching mother daughter outfits,0,127,0%,13.58
hawaiian floral dress,0,117,0%,11.82
blue summer outfits,0,115,0%,7.27
family summer outfits,0,115,0%,11.03
family matching sweaters,0,115,0%,28.41
matching swimsuits mom and daughter,0,114,0%,24.74
mother and daughter matching swimsuits,0,114,0%,30.48
family matching swimsuit,0,114,0%,62.26
mom and daughter matching clothes,0,112,0%,52.06
matching family sweaters,0,110,0%,37.43
mommy and me 2 piece bikini swimsuit,0,106,0%,1
mommy and me rompers,0,105,0%,11.37
family matching vacation,0,103,0%,33.82
mother and daughter matching swimwear,0,101,0%,21.82
family matching swimsuits,0,99,0%,54.35
matching hawaiian outfits for family,0,94,0%,7.14
light blue family outfits,0,93,0%,1.11
couples matching outfits,0,93,0%,65.58
mom and me swimsuits,0,91,0%,61.48
family matching beach outfits,0,87,0%,12.99
family swim suits,0,87,0%,77.75
family matching sets - beige | dress like mommy child 3-4 years / beige,0,86,0%,1
matching sweaters for family,0,86,0%,37.78
mommy daughter swimsuits,0,85,0%,22.64
matching shirts for couples,0,85,0%,45.27
light blue beach outfit,0,84,0%,3.61
yellow vacation set,0,84,0%,11.11
matching family shirts,0,84,0%,40.06
mom daughter outfits,0,83,0%,13.57
matching mother daughter swimsuits,0,82,0%,15.93
swimwear for the family deals,0,79,0%,55.52
mother daughter swimwear,0,78,0%,16.79
family sweater,0,78,0%,27.72
couple shirts,0,78,0%,56.33
white dress with green leaves,0,77,0%,15.16
family t shirt design,0,76,0%,2.32
mommy and me swim,0,76,0%,8.39
father and son matching button up shirts,0,76,0%,12.14
mommy and me flamingo swimsuit,0,75,0%,10.07
mommy daughter outfits,0,72,0%,14.33
matching couple outfits,0,72,0%,70.89
matching hawaiian outfits,0,71,0%,14.18
mother and daughter bikini,0,69,0%,15
mom and daughter swimsuit,0,69,0%,20.42
matching outfits for family,0,69,0%,43.78
light blue summer outfit,0,67,0%,6.13
tropical theme outfit female,0,66,0%,6.06
mother daughter matching outfits,0,66,0%,13.11
family matching holiday sweaters,0,65,0%,48.78
matching family,0,64,0%,49.45
matching bathing suits for mom and daughter,0,63,0%,11.25
mother daughter outfits,0,63,0%,12.81
mother daughter swimsuit,0,63,0%,13.24
daddy and me t shirts,0,63,0%,22.92
swimsuits for mothers,0,63,0%,29.95
matching mum and daughter dresses,0,63,0%,48.3
couples shirts,0,63,0%,55.49
family outfits,0,63,0%,75.97
matching family beach outfits,0,62,0%,34.13
daddy and me outfits,0,62,0%,47.98
mother and daughter outfits,0,60,0%,14.68
mommy and me outfits,0,60,0%,49.53
matching outfits for couples,0,60,0%,54.63
matching mom and daughter swimsuits,0,59,0%,24.54
mom daughter matching swimsuits,0,58,0%,28.33
matching outfits family,0,58,0%,34.53
matching clothes for couples,0,58,0%,63.76
blue and pink shirt,0,57,0%,2.21
mother daughter nightgowns,0,57,0%,6.26
family sweaters,0,57,0%,30.96
family matching dresses,0,57,0%,49.77
mother daughter dresses,0,57,0%,56.32
mom and daughter matching bathing suits,0,56,0%,38.3
blue and pink shirts,0,54,0%,8.41
daddy and me tees,0,53,0%,21.66
matching dresses mom daughter,0,53,0%,54.25
mom and daughter bathing suits,0,52,0%,12.33
couple t shirts,0,52,0%,46.19
matching aloha shirt and dress,0,51,0%,6.27
mother and daughter swimsuits,0,51,0%,22.49
daddy and me clothes,0,51,0%,48.94
mommy and me leopard swimsuit,0,50,0%,15.06
mommy daughter bathing suits,0,50,0%,19.08
couple t shirt,0,49,0%,41.53
matching dress for daughter and mom,0,48,0%,40.12
daddy and me,0,48,0%,40.98
mom and daughter matching outfits,0,48,0%,43.46
couple matching outfits,0,48,0%,66.19
mommy and me jackets,0,47,0%,15.43
couples matching tees,0,47,0%,31.21
mother daughter matching nightgowns,0,46,0%,11.67
mum daughter matching dresses,0,46,0%,31.11
couples t shirts,0,46,0%,41.98
dress like a mom,0,44,0%,6.05
dad and son matching button up shirts,0,44,0%,10.2
mommy and me nightgown,0,44,0%,16.3
mom daughter bikinis,0,44,0%,18.11
mother daughter bikinis,0,44,0%,19.75
family matching thanksgiving outfits,0,44,0%,29.86
pink and blue shirts,0,43,0%,1.07
how to choose the right size when buying matching family pajama sets?,0,43,0%,3.53
mom nightgown,0,43,0%,3.93
matching mom and daughter bathing suits,0,43,0%,12.79
mommy and me cheetah swimsuits,0,43,0%,15.65
matching couple shirts,0,43,0%,44.35
mommy and me matching bathing suits,0,42,0%,19
matching family t shirts,0,42,0%,32.62
family vacation outfits,0,42,0%,35.31
light blue dress for family pictures,0,41,0%,1.59
matching hawaiian dress and shirt,0,41,0%,16.24
matching swimwear for moms and daughters?,0,41,0%,21.98
mom and daughter bikini,0,41,0%,22.66
matching outfits,0,41,0%,58.39
family swimwear,0,41,0%,75.24
stylish family sets for tropical vacations?,0,40,0%,9.32
mommy and me jumpsuit,0,40,0%,10.28
mom daughter swimsuits,0,40,0%,14.65
family matching outfits vacation,0,40,0%,32.38
matching thanksgiving outfits,0,40,0%,35.02
matching mom dad and daughter outfits,0,40,0%,38.45
hawaiian shirt and dress matching,0,39,0%,11.97
mom daughter matching swimsuit,0,38,0%,23.63
matching outfit family,0,38,0%,29.97
matching couple t-shirts,0,38,0%,33.39
match dress mom and daughter,0,38,0%,41
mommy and daughter matching dresses,0,38,0%,50.34
mother and daughter matching outfits,0,37,0%,14.32
mother daughter sweaters,0,37,0%,20.03
mommy and daughter bathing suits,0,37,0%,23.38
fall family matching outfits,0,37,0%,30.27
matching swimwear for mom and daughter,0,37,0%,30.43
mommy and me matching rompers,0,36,0%,13.19
mother daughter matching bathing suits,0,36,0%,20.44
matching couples outfits,0,36,0%,56.89
luau party outfit,0,35,0%,10.51
matching father son hawaiian shirts,0,35,0%,12
family matching shirt,0,35,0%,26.03
family matching fall outfits,0,35,0%,31.4
mommy daddy and me outfits,0,35,0%,41.63
pink and blue t shirt,0,34,0%,1.97
tropical theme outfit,0,34,0%,9.5
cute shirt designs,0,34,0%,11.68
mom and me dresses,0,34,0%,35.18
matching t-shirts for couples,0,34,0%,47.5
mother daughter matching dresses,0,34,0%,62.97
mum and daughter matching coats,0,33,0%,12.15
mommy and me swim suits,0,33,0%,15.27
mum daughter matching swimwear,0,33,0%,20.3
mom and daughter matching swimwear,0,33,0%,21.52
family vacation clothes,0,33,0%,39.42
matching family dresses,0,33,0%,44.36
light blue dress family photos,0,32,0%,1.66
family t shirt ideas,0,32,0%,4
mother daughter swim,0,32,0%,12.41
matching family hawaiian shirts,0,32,0%,16.72
mother daughter matching sweaters,0,32,0%,18.97
matching bathing suits mom and daughter,0,32,0%,34.56
mommy and daughter matching outfits,0,32,0%,49.09
matching fit,0,32,0%,57.59
matching rompers for mom and daughter,0,31,0%,7.9
dress alike,0,31,0%,8.81
father and son matching hawaiian shirts,0,31,0%,12.65
family matching outfits summer,0,31,0%,13.35
mommy daughter bikini,0,31,0%,17.32
thanksgiving family outfits,0,31,0%,30.87
matching beach outfits for family,0,31,0%,33.16
daddy and me matching outfits,0,31,0%,39.71
mum and daughter matching dress,0,31,0%,40.19
matching nightgowns for mom and daughter,0,30,0%,10.63
mommy and daughter swimsuits,0,30,0%,16.33
mom and daughter matching swimsuit,0,30,0%,32.73
mommy and me swim wear,0,30,0%,33.77
matching clothes for family,0,30,0%,69.13
mommy dress,0,29,0%,15.93
family dress outfit,0,29,0%,26
family set kleidung,0,29,0%,39.76
matching sweaters,0,29,0%,43.24
matching mom and daughter outfits,0,29,0%,44.9
couple shirt,0,29,0%,58.86
angel swimsuit,0,28,0%,4.46
mom and daughter matching nightgowns,0,28,0%,9.75
matching pumpkin patch outfits,0,28,0%,43.11
bathing suits for mom and daughter,0,28,0%,48.71
matching couples shirts,0,28,0%,49.5
tallas de mujer,0,28,0%,66.36
matching gear for couples,0,28,0%,68.36
blue and pink t shirt,0,27,0%,1.33
mum and daughter matching swimsuits,0,27,0%,24.85
mum and daughter matching clothes,0,27,0%,39.07
matching couple t shirt,0,27,0%,40.11
couple tshirts,0,27,0%,42.78
matching shirts,0,27,0%,54.48
tallas mujer,0,27,0%,65.04
stores that sell dressy family clothing,0,26,0%,12.12
mom daughter swimsuit,0,26,0%,19.38
mother daughter matching swimwear,0,26,0%,22.54
family dresses,0,26,0%,30.35
family matching bathing suits,0,26,0%,35.62
couples t shirt,0,26,0%,44.15
mommy and me clothing,0,26,0%,58.42
mom and me smocked dresses,0,25,0%,12.24
crazy rich asian outfit,0,25,0%,13.36
how do i choose the right size for family matching pajamas?,0,25,0%,14.16
family matching hawaiian shirts,0,25,0%,14.48
big man little man shirts,0,25,0%,15.48
matching swimwear for mother and daughter,0,25,0%,17.52
stylish family matching outfits,0,25,0%,21.6
plaid family outfits,0,25,0%,32.64
mom and daughter swim suit,0,25,0%,32.84
family jackets,0,25,0%,36.44
matching fall outfits,0,25,0%,36.96
couples shirt,0,25,0%,47.16
t shirts for couples,0,25,0%,49.16
family matching swimwear,0,25,0%,64.24
couples matching clothes,0,25,0%,65.64
mother's day maxi dress,0,25,0%,71.36
tallas mujeres,0,25,0%,75.24
matching outfits for couples online,0,25,0%,77.88
hawaiian outfit for women,0,24,0%,2.25
blue matching outfits,0,24,0%,4.12
mommy daughter swimsuit,0,24,0%,26.92
matching mommy and daughter bathing suits,0,24,0%,32
mum and daughter matching clothing,0,24,0%,42.5
shirts for couples,0,24,0%,52.88
matching swimsuits for mom and baby,0,24,0%,68.12
kids mother & daughter matching swimsuits,0,23,0%,1
trendy mommy and me dresses for holidays 2025 2026,0,23,0%,5
matching mum and daughter swimsuits,0,23,0%,20.17
family fall matching outfits,0,23,0%,30.78
matching mommy and me dresses,0,23,0%,50.65
mother and daughter dresses,0,23,0%,59.65
family beach outfits,0,22,0%,13.27
mommy daughter matching bathing suits,0,22,0%,19.05
matching mom and daughter swim suits,0,22,0%,30.05
matching dresses for daughter and mom,0,22,0%,32.36
mother and daughters outfits,0,22,0%,33.59
matching mom daughter clothes,0,22,0%,36.14
mom and daughter dresses matching,0,22,0%,41.95
mum & daughter matching clothes,0,22,0%,50.68
matching mommy and me pajamas,0,22,0%,58.27
matching bathing suits for family,0,22,0%,67.18
couple outfits,0,22,0%,71.95
blue matching family outfits,0,21,0%,2.67
like mommy,0,21,0%,4.43
mommy and me suits,0,21,0%,7.52
baby blue summer outfit,0,21,0%,7.71
cute family shirts,0,21,0%,12.43
mother daughter matching maxi dresses,0,21,0%,15.81
bikini mom and daughter,0,21,0%,19.9
matching swimsuits for mom and daughter,0,21,0%,21.19
matching fall family outfits,0,21,0%,35.14
family dress,0,21,0%,42.24
mommy and me beachwear,0,21,0%,46.29
family matching shirts,0,21,0%,58.76
couples outfits,0,21,0%,60.1
matching dress and shirt for couples,0,21,0%,65.14
family matching clothes,0,21,0%,68.05
matching dad and son button up shirts,0,20,0%,11.8
mommy and baby matching outfits,0,20,0%,13.8
stylish family matching outfits for tropical vacations,0,20,0%,16.15
חולצות תואמות למשפחה,0,20,0%,17
"show me examples of adorable, matching ""parent and me"" outfits that are
affordable.",0,20,0%,22.4
family vacation matching outfits,0,20,0%,34.45
couples tshirts,0,20,0%,46.3
matching couples,0,20,0%,54.1
family matching sets,0,20,0%,59.6
matching clothes,0,20,0%,62.8
mother and daughter swimsuit,0,19,0%,8.74
light blue summer set,0,19,0%,10.74
trendy mommy and me dresses for holidays 2026,0,19,0%,10.84
coordinating mother daughter outfits,0,19,0%,11.68
mother daughter matching swim,0,19,0%,13.16
mother daughter cardigans,0,19,0%,13.26
winter family matching sweaters,0,19,0%,16.16
mommy and me matching swim,0,19,0%,24.37
matching mom and daughter swimsuit,0,19,0%,25
family fall shirts,0,19,0%,40.05
matching sweater,0,19,0%,63.53
family t-shirt design,0,18,0%,2
בגד ים אמא ובת,0,18,0%,5.17
matching hawaiian shirts father son,0,18,0%,14.39
casual light blue dress,0,18,0%,20.5
mommy and me beach dresses,0,18,0%,30.67
mum and daughter matching outfits,0,18,0%,34.78
matching outfits for daughter and mom,0,18,0%,37.89
couple t-shirts,0,18,0%,42.56
coordinating family outfits,0,18,0%,54.89
mommy and me clothes,0,18,0%,58.22
matching mother daughter dresses,0,18,0%,61
color matching guide for outfits gezin,0,17,0%,3.41
mother and daughter in swimsuits,0,17,0%,4.88
hawaiian print family outfits,0,17,0%,6.35
family matching pajamas sizing guide tips,0,17,0%,8.12
matching outfits for couples casual,0,17,0%,11.47
best mommy and me dresses for summer 2025 2026,0,17,0%,11.65
father and son matching swim trunks,0,17,0%,18.24
fall matching family outfits,0,17,0%,28.41
mini me clothing father and son,0,17,0%,44
mujer talla s,0,17,0%,45.65
matching couple shirt,0,17,0%,46.53
mommy swimwear,0,17,0%,61.71
matching dress family,0,17,0%,68.88
mommy and me matching jackets,0,16,0%,6.38
like mother like daughter dress,0,16,0%,14.62
dad and son matching dress shirts,0,16,0%,14.69
mom and me beach dresses,0,16,0%,19.25
matching swimwear mother daughter,0,16,0%,22.62
best mommy and me swimsuits,0,16,0%,24.19
matching family fall outfits,0,16,0%,30.88
family set,0,16,0%,35.12
family matching summer outfits,0,16,0%,42.56
mom daughter dresses,0,16,0%,52.12
family coordinating outfits,0,16,0%,56.31
matching family outfits for pictures,0,16,0%,59.44
matching swimwear family,0,16,0%,60.19
hawaiian outfits for couples,0,15,0%,3.4
how to choose size for matching family pajamas sets,0,15,0%,6.53
mom and toddler matching swimsuit,0,15,0%,6.6
dress like me,0,15,0%,9.67
dad and toddler matching swim trunks,0,15,0%,12
mommy and me dresses maternity,0,15,0%,12.67
"i am a 18-24 or 25-34 year old female. my main motivations: they move to
the beat of their own drum and blaze their own trails. they spend time
seeking out items – clothes, accessories, and decor – that express their
individuality. they attach themselves to culture earlier than most. to
them, shopping is all about discovery—they’re constantly on the hunt for
items that express their individuality. they’re likely to shop regularly.
social shopping is a huge part of their discovery process (instagram,
tiktok trends). my main pain points: - i have no need to buy anything - i’m
happy with the websites i use at the moment - i don’t have a need for the
items they sell - at the moment i have less money to spend on
non-essentials - the products are expensive - unsure about the quality of
products show me examples of adorable, matching ""parent and me"" outfits
that are affordable.",0,15,0%,14.4
mom daughter bathing suits,0,15,0%,16.93
mom and daughter bikinis,0,15,0%,17
family sweaters matching,0,15,0%,18.87
mommy and me beach outfits,0,15,0%,30.8
bikini mama corka,0,15,0%,30.87
dress family,0,15,0%,31.13
black friday cozy fashion for the family deals,0,15,0%,32.67
matching family holiday outfits,0,15,0%,48.27
mommy me dresses,0,15,0%,48.87
matching family clothes,0,15,0%,60.13
daddy dress me,0,15,0%,71.93
medidas talla s mujer,0,15,0%,81.6
שמלות מידי,0,15,0%,82.53
family matching sets - beige | dress like mommy child 7-8 years / beige,0,14,0%,1
matching blue outfits,0,14,0%,1.86
comment harmoniser tenues famille sans mêmes motifs,0,14,0%,5.71
beach mother daughter swimsuit,0,14,0%,9.86
hawaiian matching outfits,0,14,0%,13.57
matching jumpsuits,0,14,0%,13.64
matching shirt,0,14,0%,17.5
matching dress,0,14,0%,19.64
mom and daughter sweaters,0,14,0%,20
mommy & me swimsuits,0,14,0%,31.43
couples matching t-shirts,0,14,0%,34.57
mommy dresses,0,14,0%,34.93
boys' mini me,0,14,0%,38.64
family matching sweatshirts,0,14,0%,46.21
matching bathing suits family,0,14,0%,52.57
matching couples clothes,0,14,0%,52.71
mommy & daughter dresses,0,14,0%,56.5
husband wife matching outfits,0,14,0%,57.21
family dress clothes,0,14,0%,58.14
matching outfit,0,14,0%,58.43
family swimsuits matching,0,14,0%,62.79
outfit mom and daughter,0,14,0%,64.79
light blue outfits for family pictures,0,13,0%,1
blue family outfits,0,13,0%,5.62
mommy and me overgarments,0,13,0%,9.69
mommy and me clothing wholesale vendors,0,13,0%,10.31
mommy and me romper outfits,0,13,0%,10.31
what stores sell dressy family clothing?,0,13,0%,11.23
mother daughter outfits matching,0,13,0%,12.69
trajes de baño familiares,0,13,0%,18.62
dress mommy,0,13,0%,20.62
mother swimsuit,0,13,0%,26.31
mommy and me swim suit,0,13,0%,28.54
mum and daughter dresses,0,13,0%,30.69
couple tshirt,0,13,0%,34.08
matching t shirts for couples,0,13,0%,34.85
mommy and me summer dresses,0,13,0%,35.46
mother daughter coordinating dresses,0,13,0%,38.31
mommy and me matching fall outfits,0,13,0%,39.31
mommy and me dress,0,13,0%,40.23
matching t-shirts,0,13,0%,42.85
matching family sweatshirts,0,13,0%,43.77
family sets,0,13,0%,52.62
matching shirts for families,0,13,0%,57.15
his and hers matching clothes,0,13,0%,58.69
mother and daughter matching dresses,0,13,0%,59.23
matching outfits couple,0,13,0%,60.92
matching swimsuits for families,0,13,0%,76.38
king and queen prince and princess,0,12,0%,1
family matching outfits trends 2026,0,12,0%,3
mommy and daughter matching bathing suits,0,12,0%,5.08
matching hawaiian shirts dad and son,0,12,0%,7.5
mommy and me smocked dresses,0,12,0%,12.58
matching hawaiian shirts for dad and son,0,12,0%,13.25
matching sweaters for the whole family in adult and kids sizes,0,12,0%,13.33
mother daughter coordinating outfits,0,12,0%,13.5
mommy daughter matching swimsuits,0,12,0%,14.75
"i am a 35-44, 45-54, or 55-64 year old female. my main motivations: they
cherish a human connection above all. after years of living in the city,
they’ve learned that the secret to happiness is building a community of
like-minded individuals and spreading the love. they care about community
building, sustainability, and giving back. family and friends are hugely
important to them. they are motivated by bringing people together - in
their homes and communities. they’re creative and caring, and are inspired
by close connections with the people around them. my main pain points: - i
have no need to buy anything - i’m happy with the websites i use at the
moment - i don’t have a need for the items they sell - at the moment i have
less money to spend on non-essentials - the products are expensive - unsure
about the quality of products show me examples of adorable, matching
""parent and me"" outfits that are affordable.",0,12,0%,15.67
match couple outfits,0,12,0%,16.42
matching mum and daughter clothes,0,12,0%,17.5
matching mommy daughter swimsuits,0,12,0%,19.17
plavky máma a dcera,0,12,0%,22.25
matching mom and daughter swimwear,0,12,0%,25.08
mom and me matching dresses,0,12,0%,26.58
plus size mom and daughter matching outfits,0,12,0%,31.75
matching sweaters family,0,12,0%,33.08
matching family plaid outfits,0,12,0%,34.92
mommy swimsuit,0,12,0%,37.08
matching relationship shirts,0,12,0%,37.42
matching hawaiian shirts for family,0,12,0%,40.92
mom daughter matching dresses,0,12,0%,46.25
mother daughter formal dresses,0,12,0%,49.33
cute couple shirts,0,12,0%,49.67
swimsuit mother,0,12,0%,57.75
matching shirts for family,0,12,0%,59.17
mommy me swimsuits,0,12,0%,62.83
matching family outfit,0,12,0%,69.75
family matching sets - beige | dress like mommy child 2 years / beige,0,11,0%,1
mother daughter bathing suit,0,11,0%,5
comment assortir ciré enfant avec tenue parents sans trop chargé,0,11,0%,5.45
dress for mommy,0,11,0%,9.73
mother son same dress online shopping,0,11,0%,10.09
בגדי ים תואמים למשפחה,0,11,0%,10.36
wholesale mommy and me clothing,0,11,0%,10.45
hawaiian print family matching outfits,0,11,0%,10.82
matching button up shirts for dad and son,0,11,0%,11.55
mommy and me bathing suit,0,11,0%,15.64
mommy and me coats,0,11,0%,15.82
hawaiian shirts for family,0,11,0%,16
daddy and me hawaiian shirts,0,11,0%,16.91
hawaiian family outfits,0,11,0%,16.91
mommy and me cardigans,0,11,0%,27
αντιστοιχισμένα,0,11,0%,32.18
dress like a mum,0,11,0%,37.45
mom and daughter matching gowns,0,11,0%,42.73
daddy and me matching shirts,0,11,0%,43
dress for mom and daughter,0,11,0%,44.64
matching shirts for family of 4,0,11,0%,44.73
me and mom dresses,0,11,0%,54.09
mommy & me outfits,0,11,0%,68.09
cute matching shirts for couples,0,11,0%,72.55
family summer outfit,0,10,0%,3.3
matching plavky,0,10,0%,3.5
how to choose the right size family matching pajamas?,0,10,0%,3.7
matching outfits blue,0,10,0%,3.7
dress like mom,0,10,0%,4.9
white matching outfit,0,10,0%,6.3
matching outfit mom and daughter,0,10,0%,8.6
black family matching outfits,0,10,0%,8.8
mommy and me jacket,0,10,0%,9.8
matching outfits gezin,0,10,0%,9.9
father and son swim trunks,0,10,0%,12.3
matching mother daughter sweaters,0,10,0%,20
חולצות משפחתיות תואמות,0,10,0%,21.1
family friendly bikini,0,10,0%,21.2
red and green checkered sweater vest,0,10,0%,24.2
mommy and me vacation outfits,0,10,0%,25.7
matching mommy and me bathing suits,0,10,0%,26.3
matchende pyjamas familie,0,10,0%,28.8
matching dresses,0,10,0%,29.6
dad and me shirts,0,10,0%,30.5
matching shirt and dress,0,10,0%,35.1
matching t shirts couples,0,10,0%,36.9
kids matching thanksgiving outfits,0,10,0%,37.9
family vacation outfit ideas,0,10,0%,40.3
matching t shirts,0,10,0%,47
matching family swim,0,10,0%,50.5
mom and daughter coordinating outfits,0,10,0%,52.4
matching relationship outfits,0,10,0%,52.8
matching t shirts for family,0,10,0%,54.8
matching tops for mom and daughter,0,10,0%,55.2
family with matching outfits,0,10,0%,58.9
mom daughter matching dress,0,10,0%,59.1
matching mommy and me outfits,0,10,0%,60.4
family shirts,0,10,0%,60.6
matching couple fits,0,10,0%,62.5
dad and me clothing,0,10,0%,62.8
couple clothing,0,10,0%,62.9
couples dresses,0,10,0%,63.8
dress mom daughter,0,10,0%,67.2
family match dress,0,10,0%,72.4
family clothing sets,0,10,0%,79.9
family matching sets - cream | dress like mommy mother l / white,0,9,0%,1
product,0,9,0%,1
hawaiian shirt and dress,0,9,0%,3.22
cute cartoon shirts,0,9,0%,3.33
coat for mom and baby,0,9,0%,6.56
dad and son hawaiian shirts,0,9,0%,6.78
hawaiian theme clothes,0,9,0%,7.56
mom and me store,0,9,0%,7.56
nightgown mom,0,9,0%,8.22
best websites to buy family matching clothing online with free returns,0,9,0%,8.56
mommy and me swimsuits girl,0,9,0%,8.67
mommy and me mother's day dresses,0,9,0%,9.33
mother daughter jumpsuits,0,9,0%,9.44
בגדי ים תואמים אמא ובת,0,9,0%,10.11
king queen and princess shirts,0,9,0%,10.33
lace long sleeve maternity dress,0,9,0%,10.56
yellow beach set,0,9,0%,11.56
matching rompers,0,9,0%,12.44
mother and daughter bikinis,0,9,0%,12.89
swimsuit mother daughter,0,9,0%,13.67
matching mother daughter dresses for family photos buy online,0,9,0%,14.78
family shirt set,0,9,0%,16.11
wholesale dropship dresses,0,9,0%,16.11
stejné oblečení pro tátu a syna,0,9,0%,17.89
matching father and son hawaiian shirts,0,9,0%,22.67
matching family tropical outfits,0,9,0%,23.56
matching mother daughter swim,0,9,0%,23.67
matching family jackets,0,9,0%,24.67
matching mommy daughter dresses,0,9,0%,25.33
family thanksgiving outfits,0,9,0%,27.44
couple tee shirt,0,9,0%,31.78
dress matching,0,9,0%,32.33
mom daughter matching swim,0,9,0%,33.78
moms and daughters in swimsuits,0,9,0%,38.67
what styles of matching pajamas are popular for holiday family photos?,0,9,0%,39.56
couple matching shirt,0,9,0%,40.22
mommy daughter outfit,0,9,0%,41
matching couple t shirts,0,9,0%,41.44
mommy daughter matching dresses,0,9,0%,41.56
match family outfits,0,9,0%,42.11
family photo matching outfits,0,9,0%,43.22
mommy and me sweater,0,9,0%,43.33
matching dress for mom and daughter,0,9,0%,44.11
matching dresses mommy and me,0,9,0%,45.67
couples matching shirts,0,9,0%,46
mommy & me swimwear,0,9,0%,47.56
mom me dress,0,9,0%,49.44
his and hers matching outfits,0,9,0%,51.11
mommy daughter dresses,0,9,0%,56.33
matching hawaiian dresses and shirts,0,9,0%,59.56
matching clothing for family,0,9,0%,60.67
mother swimwear,0,9,0%,60.67
mom & daughter dress,0,9,0%,63.78
coordinated family outfits,0,9,0%,64.33
matching couple clothes,0,9,0%,70.56
yellow beach outfits,0,8,0%,2.25
family shirt ideas,0,8,0%,6
mommy and me kjole,0,8,0%,6.5
rainbow matching set,0,8,0%,7.62
my dress like,0,8,0%,7.75
mom and daughter matching jumpsuit,0,8,0%,9.25
how to choose safe matching family pajamas for children,0,8,0%,9.88
like mom like daughter dresses,0,8,0%,10.25
cute family shirt ideas,0,8,0%,11
matching coats for mother and daughter,0,8,0%,12.5
yes,0,8,0%,13.88
matching dad and son dress shirts,0,8,0%,14.25
best places to buy matching family outfits 2026,0,8,0%,14.38
family sweater set,0,8,0%,16
mommy daughter sweaters,0,8,0%,16
love tshirt,0,8,0%,16.5
coordinated beach outfits for families,0,8,0%,17.12
matching bathing suits for mother and daughter,0,8,0%,17.25
חולצות משפחתיות,0,8,0%,18.38
mommy daughter matching outfits,0,8,0%,19.12
mom dad and me dresses,0,8,0%,26.5
matching couples shirt,0,8,0%,28.38
mom dad and daughter matching outfits,0,8,0%,28.62
mother daughter summer dresses,0,8,0%,30.12
t-shirt couple shirts,0,8,0%,32.25
mommy and me sweaters and cardigans,0,8,0%,35.38
matching couple tees,0,8,0%,36.12
mom and daughter clothes,0,8,0%,36.12
matching couples t shirts,0,8,0%,37
cute couple t shirts,0,8,0%,40.25
mother and me dresses,0,8,0%,40.38
matching couples vacation outfits,0,8,0%,40.5
plus size matching family outfits,0,8,0%,46.88
matching outfits for family pictures,0,8,0%,47.12
matching family holiday sweaters,0,8,0%,47.75
couple shirts matching,0,8,0%,48.38
mommy and me dresses plus size,0,8,0%,48.62
mom and me,0,8,0%,49.38
matching vacation outfits,0,8,0%,49.75
matching t shirt for couple,0,8,0%,51
mini me fathers day,0,8,0%,54.75
family beachwear,0,8,0%,59.25
matching hawaiian shirts and dresses,0,8,0%,62.62
couple clothes matching,0,8,0%,63
couple matching clothes,0,8,0%,63.88
girls family dressy apparel,0,8,0%,68
mother and daughter dresses matching,0,8,0%,68.75
cute matching outfits for couples,0,8,0%,69
minimalist family shirt design,0,7,0%,1
mother daughter swimsuit models,0,7,0%,1
family t shirts set of 5,0,7,0%,4
mother daughter beach dresses,0,7,0%,6.57
light blue outfits,0,7,0%,7.29
red white and blue family outfits,0,7,0%,7.71
yellow vacation,0,7,0%,7.71
men and boys matching swim trunks,0,7,0%,10.14
men's and toddler matching swim trunks,0,7,0%,11.57
white dress green leaves,0,7,0%,12.29
mommy and me blue dress,0,7,0%,12.57
mommy and me sunflower dresses,0,7,0%,12.57
familie kleidung,0,7,0%,12.71
best family holiday matching outfits 2025 2026,0,7,0%,12.86
uimapuku hameella,0,7,0%,13
mom dress like daughter,0,7,0%,14
bikini mother daughter,0,7,0%,18.43
family matching outfits winter,0,7,0%,21
family t shirt,0,7,0%,23.29
matching sweaters for mom and daughter,0,7,0%,26
matching nightgowns,0,7,0%,26.43
daughter and mom matching outfits,0,7,0%,27.86
maillot de bain mere et fille,0,7,0%,27.86
matching mommy daughter swim,0,7,0%,29.57
mommy and me cardigan,0,7,0%,29.86
mom and daughter winter wear,0,7,0%,32.43
matching family outfits summer,0,7,0%,34
daddy and me shirt,0,7,0%,34.29
matching mom and daughter sweaters,0,7,0%,34.86
mom and daughter bathing suit,0,7,0%,35.57
hawaii family outfits,0,7,0%,36
mom and daughter outfits,0,7,0%,39.29
matching family tops,0,7,0%,40.57
matching dress mom daughter,0,7,0%,41.14
couple tees,0,7,0%,41.86
daddy and me clothing,0,7,0%,42.71
mother daughter dress,0,7,0%,44.43
boho family outfits,0,7,0%,44.71
dad and me matching shirts,0,7,0%,45.57
daddy and me matching,0,7,0%,45.71
dresses for mom and daughter,0,7,0%,46
matching ties for dad and son,0,7,0%,47.14
husband and wife matching t shirts,0,7,0%,50.57
dress mommy and me,0,7,0%,51
mommy and me floral dresses,0,7,0%,51.57
father's day mini me,0,7,0%,52
mommy and me bikinis,0,7,0%,52
matching outfits for couples pictures,0,7,0%,52.43
mother daughter fall dresses,0,7,0%,52.86
matching swimsuits family,0,7,0%,59.29
mommy and daughter matching clothing,0,7,0%,60
couple dress,0,7,0%,60.71
mommy and me tops,0,7,0%,61.14
family holiday outfits,0,7,0%,61.29
matching tops for couples,0,7,0%,61.71
mother daughter matching dress,0,7,0%,61.86
matching mother and daughter dresses,0,7,0%,68.71
matching holiday clothes,0,7,0%,69.29
mommy & me clothing,0,7,0%,75.29
family matching clothing,0,7,0%,81
dresses for mommy and me,0,7,0%,83
valentinstag outfit,0,7,0%,84.14
hawaiian dad shirt,0,6,0%,1
mom in nightgown,0,6,0%,1
pink and blue tshirt,0,6,0%,2.67
sexy mother daughter bikini,0,6,0%,2.83
white family outfits,0,6,0%,5.17
matchy dress,0,6,0%,5.5
mommy and me sunflower outfits,0,6,0%,5.5
mommy and me wholesale vendors,0,6,0%,5.67
hawaiian shirt family,0,6,0%,7.17
"dress swim makeup kids mom mother mam and son family beauty lotions shoes
jacket clothing fashion",0,6,0%,7.33
mommy and me.swim,0,6,0%,7.67
שמלות מקסי פרחוניות,0,6,0%,9.33
jumpsuit for mom and daughter,0,6,0%,9.5
family beach matching outfits,0,6,0%,10.83
mini me dad,0,6,0%,11.67
how do i care for matching family swimsuits to keep them looking new?,0,6,0%,12.17
family matching button down shirts,0,6,0%,12.33
matching outfits mother daughter,0,6,0%,12.33
mom daughter matching bathing suits,0,6,0%,12.5
family matching tropical outfits,0,6,0%,12.67
yellow mommy and me dresses,0,6,0%,12.83
mommy & daughter matching outfits,0,6,0%,13.17
mommy and me blue dresses,0,6,0%,14
matching hawaii outfits,0,6,0%,14.17
mommy and daughter matching swimsuits,0,6,0%,14.5
matching maxi dresses for mom and daughter,0,6,0%,15
mommy and me night gowns,0,6,0%,15
mom dressing like daughter,0,6,0%,15.33
matching pajamas,0,6,0%,16.5
what are some summer outfit ideas for families?,0,6,0%,18.83
high neck winter family matching sweaters,0,6,0%,19.67
hawaiian clothes for family,0,6,0%,20.5
matching mother and daughter swimsuits,0,6,0%,20.83
mother daughter maxi dresses,0,6,0%,21.5
family shirt,0,6,0%,22.17
mother daughter matching bikinis,0,6,0%,22.17
family swim trunks,0,6,0%,22.83
mum and daughter bikini,0,6,0%,23
matching daughter and mother outfits,0,6,0%,25.5
mother and daughter bathing suits,0,6,0%,26.5
matching mom and daughter swim,0,6,0%,27.83
mother and daughter matching sweaters,0,6,0%,28
casual family matching outfits,0,6,0%,28.17
matching family swim trunks,0,6,0%,28.67
rodinné focení oblečení,0,6,0%,28.83
tenue assortie famille,0,6,0%,29.17
matching swimsuits mother daughter,0,6,0%,29.83
family matching set,0,6,0%,34
matching tropical outfits,0,6,0%,34.33
t-shirts for couples,0,6,0%,35.17
matching family photo outfits,0,6,0%,35.33
mommy and me matching outfits,0,6,0%,36.5
mom and me clothing,0,6,0%,37.83
best couple t shirt,0,6,0%,38
couple tee shirts,0,6,0%,39
matching shirts couples,0,6,0%,39.33
matching beach outfits,0,6,0%,41
mommy and me matching sweaters,0,6,0%,41.17
set hanorace familie,0,6,0%,41.17
matching couple tee shirts,0,6,0%,42.33
mom and daughter matching dress,0,6,0%,42.83
daughter and mom matching clothes,0,6,0%,43.67
coordinating holiday outfits family,0,6,0%,44.33
love makes a family t shirt,0,6,0%,45.83
matching family halloween costumes,0,6,0%,45.83
tabla de tallas de ropa mujer,0,6,0%,46.17
yellow floral set,0,6,0%,46.5
set up size large,0,6,0%,48.17
matching tee shirts for couples,0,6,0%,48.67
julesweater familie,0,6,0%,52.5
cute matching couple shirts,0,6,0%,52.67
couple matching dress,0,6,0%,53.17
matching outfits for pictures family,0,6,0%,54.17
matching his and her shirts,0,6,0%,54.33
mommy daughter dress,0,6,0%,54.83
family clothes set,0,6,0%,58.83
couples t,0,6,0%,60.33
matching tee shirts,0,6,0%,60.5
matching swim suits for family,0,6,0%,61
twinning t shirts,0,6,0%,61
mom and daughter dress,0,6,0%,64
mommy and daughter matching clothes,0,6,0%,64.17
couples clothes,0,6,0%,65.5
me and mommy dress,0,6,0%,65.83
couple clothes,0,6,0%,66.33
plus size matching outfits for couples,0,6,0%,67
coordinated outfits,0,6,0%,69.83
outfit for mom and daughter,0,6,0%,73.67
mother's day brunch outfits,0,6,0%,76
matching couple dress,0,6,0%,81.67
men and women matching outfits,0,6,0%,81.83
king queen prince and princess,0,5,0%,1
pijamas de cabaña,0,5,0%,1
family matching winter outfits,0,5,0%,1.8
blue family beach outfits,0,5,0%,2.4
baby blue casual outfit,0,5,0%,5
family valentines shirts,0,5,0%,5
tropical family matching outfits,0,5,0%,5
dressing like a mom,0,5,0%,5.4
couples luau outfits,0,5,0%,5.8
best matching family outfits ideas 2025 2026,0,5,0%,6
sky blue family dress,0,5,0%,6
family swimming costumes,0,5,0%,6.8
family beach outfit ideas,0,5,0%,7
hottest mom and daughter pair bikini,0,5,0%,8.2
mom and daughter matching rompers,0,5,0%,8.4
mommy and me spring outfit ideas,0,5,0%,9
best mother daughter matching swimsuits 2025 2026,0,5,0%,9.2
matchende sæt mor og datter,0,5,0%,9.6
is it stylish family sets for tropical vacations?,0,5,0%,10
mommy and me outfits baby girl,0,5,0%,10.4
mother daughter matching jumpsuits,0,5,0%,10.6
funny family shirt ideas,0,5,0%,11
mother daughter sweater,0,5,0%,11.2
mom and daughter swim,0,5,0%,11.4
mother and child dress,0,5,0%,11.6
family kleidung,0,5,0%,12
mommy and me jumpers,0,5,0%,12.4
how to choose matching family pajamas safe for children,0,5,0%,13.2
mommy and me maternity dresses,0,5,0%,13.6
mother and daughter dress alike,0,5,0%,14.2
matching jumpsuit,0,5,0%,14.8
daddy and me button up shirts,0,5,0%,17
mother and daughter matching nightgowns,0,5,0%,17
matchende julegenser familie,0,5,0%,17.6
matching family sweaters fall,0,5,0%,17.6
mom nightgowns,0,5,0%,17.6
mom dressing like daughters,0,5,0%,18
mr and mrs matching outfits,0,5,0%,18
rainbow sets,0,5,0%,18.6
yellow vacation outfits,0,5,0%,18.6
mom and me maxi dresses,0,5,0%,19.2
hawaiian outfits for family,0,5,0%,19.4
family matching tops,0,5,0%,19.8
matching dress shirts for dad and son,0,5,0%,19.8
matching family dress outfits,0,5,0%,20
mother daughter matching swimsuit,0,5,0%,21.4
mom and me clothes,0,5,0%,23.2
mommy and me swimsuits one piece,0,5,0%,23.4
pysj familie,0,5,0%,24
matching family outfits website,0,5,0%,24.6
mommy and baby matching swimsuits,0,5,0%,26
family look,0,5,0%,27
mom and daughter matching swim,0,5,0%,27.2
daddy and me dress shirts,0,5,0%,27.4
mommy and me jurk,0,5,0%,28.2
stylish family outfits,0,5,0%,29
family bathing suits matching,0,5,0%,30
family bikini,0,5,0%,30.2
mother daughter dresses matching,0,5,0%,32.8
daddy and me swim shorts,0,5,0%,34.2
mommy me matching dresses,0,5,0%,34.2
family matching plaid,0,5,0%,35.4
costum de baie mama fiica,0,5,0%,35.8
mother daughter clothes,0,5,0%,36.4
couple matching shirts,0,5,0%,38.4
matching mommy daughter outfits,0,5,0%,39.2
family matching outfits for pictures,0,5,0%,40
couple matching vacation outfits,0,5,0%,41.6
mom and son matching swimsuits,0,5,0%,42
couples matching outfit,0,5,0%,42.2
matching outfit for family,0,5,0%,42.2
couple dresses,0,5,0%,42.4
mommy and me holiday dresses,0,5,0%,42.4
matching sibling thanksgiving outfits,0,5,0%,44
family matching dress,0,5,0%,45.2
matching couple vacation outfits,0,5,0%,45.4
daddy outfit,0,5,0%,45.6
cute couple outfits,0,5,0%,46.8
matching mom and daughter clothing,0,5,0%,47.4
best matching outfits,0,5,0%,48.6
mom and me matching bathing suits,0,5,0%,49
matching hawaiian shirts,0,5,0%,49.2
couples outfits matching,0,5,0%,49.6
matching dresses mother daughter,0,5,0%,49.6
family swimwear matching,0,5,0%,49.8
matching daughter mother outfits,0,5,0%,49.8
daughter and mom dress,0,5,0%,50.2
family holiday sweaters,0,5,0%,50.2
family sweatshirts,0,5,0%,50.6
couples matching outfits for vacation,0,5,0%,51.6
mom and daughter matching outfits dresses,0,5,0%,52.2
shirt for couple,0,5,0%,52.8
couples matching outfits for weddings,0,5,0%,53.6
hawaiian shirt and matching dress,0,5,0%,53.6
outfits for mommy and daughter,0,5,0%,53.6
matching shirt and dress for couples,0,5,0%,54
match shirts for couples,0,5,0%,54.2
matching couple wear,0,5,0%,54.2
cute couples shirts,0,5,0%,54.8
matching wedding outfits for couples,0,5,0%,55
family in matching outfits,0,5,0%,55.2
matching outfit couple,0,5,0%,57
family matching outfits for holidays,0,5,0%,57.2
where to buy matching family outfits,0,5,0%,57.2
mommy and daughter matching outfit,0,5,0%,58.8
tee shirts for couples,0,5,0%,59.4
mother and daughter dress,0,5,0%,60
matching holiday outfits for couples,0,5,0%,60.4
matching dresses mother and daughter,0,5,0%,60.6
matching couples sets,0,5,0%,62.4
mother daughter party dresses,0,5,0%,64
mother and daughter matching pajamas,0,5,0%,64.4
matching family clothes for pictures,0,5,0%,64.8
couples clothing,0,5,0%,65
couples fashion,0,5,0%,65
matching clothing for couples,0,5,0%,74.8
mother and me matching outfits,0,5,0%,76.6
all white matching couple outfits,0,5,0%,77.2
dress and shirt,0,5,0%,81.6
maxi dresses for moms,0,5,0%,81.8
mom in night gown,0,4,0%,1
what should i consider when shopping for matching pajama sets?,0,4,0%,1
xxs talla mujer,0,4,0%,1
prince princess king queen,0,4,0%,1.5
blue and pink tshirt,0,4,0%,1.75
pink or blue shirt,0,4,0%,2.25
mom and daughters bikini,0,4,0%,3
"how should you pick the right variety pack to suit different partner
preferences and occasions?",0,4,0%,4.25
set pro tatínka a miminko,0,4,0%,4.5
what are some tips for choosing matching family outfits,0,4,0%,4.5
family matching floral outfits,0,4,0%,5
best websites to buy family matching outfits online with free returns,0,4,0%,5.5
πουκαμισα για μπαμπα και γιο,0,4,0%,7
rufflebutts wholesale mommy and me,0,4,0%,7.25
father son matching button down shirts,0,4,0%,8.5